Time,CH1,CH2,CH3,CH4,Wavelength,delta_lambda_pm
0.199997,1,0,0,0,1523.66538,0.0
0.399995,1,0,0,0,1523.66349,-1.890000000003056
0.599993,1,0,0,0,1523.66349,-1.890000000003056
0.799991,1,0,0,0,1523.66726,1.8800000000283035
0.999989,1,0,0,0,1523.66726,1.8800000000283035
1.199987,1,0,0,0,1523.66368,-1.6999999998006388
1.399985,1,0,0,0,1523.66368,-1.6999999998006388
1.599983,1,0,0,0,1523.66368,-1.6999999998006388
1.799981,1,0,0,0,1523.66368,-1.6999999998006388
1.999979,1,0,0,0,1523.66368,-1.6999999998006388
2.199977,1,0,0,0,1523.66349,-1.890000000003056
2.399974,1,0,0,0,1523.66726,1.8800000000283035
2.599972,1,0,0,0,1523.66556,0.18000000000029104
2.79997,1,0,0,0,1523.66537,-0.009999999974752427
2.999968,1,0,0,0,1523.66537,-0.009999999974752427
3.199966,1,0,0,0,1523.66537,-0.009999999974752427
3.399964,1,0,0,0,1523.66556,0.18000000000029104
3.599962,1,0,0,0,1523.66367,-1.7100000000027649
3.79996,1,0,0,0,1523.66556,0.18000000000029104
3.999958,1,0,0,0,1523.66556,0.18000000000029104
4.199956,1,0,0,0,1523.66367,-1.7100000000027649
4.399954,1,0,0,0,1523.66537,-0.009999999974752427
4.599951,1,0,0,0,1523.66726,1.8800000000283035
4.799949,1,0,0,0,1523.66556,0.18000000000029104
4.999947,1,0,0,0,1523.66556,0.18000000000029104
5.199945,1,0,0,0,1523.66537,-0.009999999974752427
5.399943,1,0,0,0,1523.66556,0.18000000000029104
5.599941,1,0,0,0,1523.66367,-1.7100000000027649
5.799939,1,0,0,0,1523.66556,0.18000000000029104
5.999937,1,0,0,0,1523.66349,-1.890000000003056
6.199935,1,0,0,0,1523.66349,-1.890000000003056
6.399932,1,0,0,0,1523.66537,-0.009999999974752427
6.599931,1,0,0,0,1523.66368,-1.6999999998006388
6.799928,1,0,0,0,1523.66537,-0.009999999974752427
6.999926,1,0,0,0,1523.66349,-1.890000000003056
7.199924,1,0,0,0,1523.66368,-1.6999999998006388
7.399922,1,0,0,0,1523.66556,0.18000000000029104
7.59992,1,0,0,0,1523.66556,0.18000000000029104
7.799918,1,0,0,0,1523.66348,-1.8999999999778083
7.999916,1,0,0,0,1523.66367,-1.7100000000027649
8.199914,1,0,0,0,1523.66537,-0.009999999974752427
8.399912,1,0,0,0,1523.66556,0.18000000000029104
8.59991,1,0,0,0,1523.66556,0.18000000000029104
8.799907,1,0,0,0,1523.66556,0.18000000000029104
8.999905,1,0,0,0,1523.66556,0.18000000000029104
9.199903,1,0,0,0,1523.66367,-1.7100000000027649
9.399901,1,0,0,0,1523.66367,-1.7100000000027649
9.599899,1,0,0,0,1523.66367,-1.7100000000027649
9.799897,1,0,0,0,1523.66556,0.18000000000029104
9.999895,1,0,0,0,1523.66556,0.18000000000029104
10.199893,1,0,0,0,1523.66556,0.18000000000029104
10.399891,1,0,0,0,1523.66367,-1.7100000000027649
10.599889,1,0,0,0,1523.66537,-0.009999999974752427
10.799886,1,0,0,0,1523.66367,-1.7100000000027649
10.999884,1,0,0,0,1523.66556,0.18000000000029104
11.199882,1,0,0,0,1523.66726,1.8800000000283035
11.39988,1,0,0,0,1523.66348,-1.8999999999778083
11.599878,1,0,0,0,1523.66556,0.18000000000029104
11.799876,1,0,0,0,1523.66726,1.8800000000283035
11.999874,1,0,0,0,1523.66556,0.18000000000029104
12.199872,1,0,0,0,1523.66556,0.18000000000029104
12.39987,1,0,0,0,1523.66556,0.18000000000029104
12.599868,1,0,0,0,1523.66556,0.18000000000029104
12.799865,1,0,0,0,1523.66537,-0.009999999974752427
12.999863,1,0,0,0,1523.66556,0.18000000000029104
13.199861,1,0,0,0,1523.66537,-0.009999999974752427
13.399859,1,0,0,0,1523.66367,-1.7100000000027649
13.599857,1,0,0,0,1523.66367,-1.7100000000027649
13.799855,1,0,0,0,1523.66556,0.18000000000029104
13.999853,1,0,0,0,1523.66726,1.8800000000283035
14.199851,1,0,0,0,1523.66556,0.18000000000029104
14.399849,1,0,0,0,1523.66726,1.8800000000283035
14.599847,1,0,0,0,1523.66537,-0.009999999974752427
14.799845,1,0,0,0,1523.66537,-0.009999999974752427
14.999843,1,0,0,0,1523.66367,-1.7100000000027649
15.19984,1,0,0,0,1523.66367,-1.7100000000027649
15.399838,1,0,0,0,1523.66556,0.18000000000029104
15.599836,1,0,0,0,1523.66726,1.8800000000283035
15.799834,1,0,0,0,1523.66556,0.18000000000029104
15.999832,1,0,0,0,1523.66726,1.8800000000283035
16.19983,1,0,0,0,1523.66726,1.8800000000283035
16.399828,1,0,0,0,1523.66726,1.8800000000283035
16.599826,1,0,0,0,1523.66367,-1.7100000000027649
16.799824,1,0,0,0,1523.66556,0.18000000000029104
16.999822,1,0,0,0,1523.66537,-0.009999999974752427
17.19982,1,0,0,0,1523.66556,0.18000000000029104
17.399817,1,0,0,0,1523.66537,-0.009999999974752427
17.599815,1,0,0,0,1523.66178,-3.6000000000058208
17.799813,1,0,0,0,1523.66367,-1.7100000000027649
17.999811,1,0,0,0,1523.66537,-0.009999999974752427
18.199809,1,0,0,0,1523.66537,-0.009999999974752427
18.399807,1,0,0,0,1523.66725,1.870000000053551
18.599805,1,0,0,0,1523.66348,-1.8999999999778083
18.799803,1,0,0,0,1523.66556,0.18000000000029104
18.999801,1,0,0,0,1523.66348,-1.8999999999778083
19.199799,1,0,0,0,1523.66386,-1.5199999998003477
19.399796,1,0,0,0,1523.66537,-0.009999999974752427
19.599794,1,0,0,0,1523.66537,-0.009999999974752427
19.799792,1,0,0,0,1523.66537,-0.009999999974752427
19.99979,1,0,0,0,1523.66537,-0.009999999974752427
20.199788,1,0,0,0,1523.66367,-1.7100000000027649
20.399786,1,0,0,0,1523.66367,-1.7100000000027649
20.599784,1,0,0,0,1523.66367,-1.7100000000027649
20.799782,1,0,0,0,1523.66726,1.8800000000283035
20.99978,1,0,0,0,1523.66367,-1.7100000000027649
21.199778,1,0,0,0,1523.66537,-0.009999999974752427
21.399776,1,0,0,0,1523.66367,-1.7100000000027649
21.599773,1,0,0,0,1523.66556,0.18000000000029104
21.799771,1,0,0,0,1523.66367,-1.7100000000027649
21.999769,1,0,0,0,1523.66726,1.8800000000283035
22.199767,1,0,0,0,1523.66367,-1.7100000000027649
22.399765,1,0,0,0,1523.66367,-1.7100000000027649
22.599763,1,0,0,0,1523.66537,-0.009999999974752427
22.799761,1,0,0,0,1523.66348,-1.8999999999778083
22.999759,1,0,0,0,1523.66348,-1.8999999999778083
23.199757,1,0,0,0,1523.66556,0.18000000000029104
23.399755,1,0,0,0,1523.66556,0.18000000000029104
23.599753,1,0,0,0,1523.66348,-1.8999999999778083
23.799751,1,0,0,0,1523.66367,-1.7100000000027649
23.999748,1,0,0,0,1523.66367,-1.7100000000027649
24.199746,1,0,0,0,1523.66348,-1.8999999999778083
24.399744,1,0,0,0,1523.66178,-3.6000000000058208
24.599742,1,0,0,0,1523.66367,-1.7100000000027649
24.79974,1,0,0,0,1523.66178,-3.6000000000058208
24.999738,1,0,0,0,1523.66178,-3.6000000000058208
25.199736,1,0,0,0,1523.66178,-3.6000000000058208
25.399734,1,0,0,0,1523.66367,-1.7100000000027649
25.599731,1,0,0,0,1523.66178,-3.6000000000058208
25.79973,1,0,0,0,1523.66008,-5.2999999998064595
25.999727,1,0,0,0,1523.66367,-1.7100000000027649
26.199725,1,0,0,0,1523.66178,-3.6000000000058208
26.399723,1,0,0,0,1523.66178,-3.6000000000058208
26.599721,1,0,0,0,1523.66178,-3.6000000000058208
26.799719,1,0,0,0,1523.66556,0.18000000000029104
26.999717,1,0,0,0,1523.66178,-3.6000000000058208
27.199715,1,0,0,0,1523.66367,-1.7100000000027649
27.399713,1,0,0,0,1523.66348,-1.8999999999778083
27.59971,1,0,0,0,1523.66367,-1.7100000000027649
27.799708,1,0,0,0,1523.66367,-1.7100000000027649
27.999707,1,0,0,0,1523.66178,-3.6000000000058208
28.199704,1,0,0,0,1523.66537,-0.009999999974752427
28.399702,1,0,0,0,1523.6599,-5.479999999806751
28.5997,1,0,0,0,1523.66348,-1.8999999999778083
28.799698,1,0,0,0,1523.66556,0.18000000000029104
28.999696,1,0,0,0,1523.66367,-1.7100000000027649
29.199694,1,0,0,0,1523.66348,-1.8999999999778083
29.399692,1,0,0,0,1523.66348,-1.8999999999778083
29.59969,1,0,0,0,1523.66178,-3.6000000000058208
29.799688,1,0,0,0,1523.6616,-3.780000000006112
29.999686,1,0,0,0,1523.66348,-1.8999999999778083
30.199683,1,0,0,0,1523.66178,-3.6000000000058208
30.399681,1,0,0,0,1523.66178,-3.6000000000058208
30.599679,1,0,0,0,1523.66178,-3.6000000000058208
30.799677,1,0,0,0,1523.6616,-3.780000000006112
30.999675,1,0,0,0,1523.66178,-3.6000000000058208
31.199673,1,0,0,0,1523.66009,-5.289999999831707
31.399671,1,0,0,0,1523.66179,-3.5899999998036947
31.599669,1,0,0,0,1523.6599,-5.479999999806751
31.799667,1,0,0,0,1523.66179,-3.5899999998036947
31.999665,1,0,0,0,1523.66179,-3.5899999998036947
32.199662,1,0,0,0,1523.66179,-3.5899999998036947
32.39966,1,0,0,0,1523.66179,-3.5899999998036947
32.599658,1,0,0,0,1523.66368,-1.6999999998006388
32.799656,1,0,0,0,1523.66368,-1.6999999998006388
32.999654,1,0,0,0,1523.66179,-3.5899999998036947
33.199652,1,0,0,0,1523.6599,-5.479999999806751
33.39965,1,0,0,0,1523.66179,-3.5899999998036947
33.599648,1,0,0,0,1523.6599,-5.479999999806751
33.799646,1,0,0,0,1523.6599,-5.479999999806751
33.999644,1,0,0,0,1523.66179,-3.5899999998036947
34.199641,1,0,0,0,1523.66179,-3.5899999998036947
34.39964,1,0,0,0,1523.66179,-3.5899999998036947
34.599637,1,0,0,0,1523.66179,-3.5899999998036947
34.799635,1,0,0,0,1523.66368,-1.6999999998006388
34.999633,1,0,0,0,1523.66179,-3.5899999998036947
35.199631,1,0,0,0,1523.66179,-3.5899999998036947
35.399629,1,0,0,0,1523.66538,0.0
35.599627,1,0,0,0,1523.66179,-3.5899999998036947
35.799625,1,0,0,0,1523.66179,-3.5899999998036947
35.999623,1,0,0,0,1523.6599,-5.479999999806751
36.199621,1,0,0,0,1523.6582,-7.179999999834763
36.399619,1,0,0,0,1523.6599,-5.479999999806751
36.599617,1,0,0,0,1523.6599,-5.479999999806751
36.799614,1,0,0,0,1523.66179,-3.5899999998036947
36.999612,1,0,0,0,1523.66179,-3.5899999998036947
37.19961,1,0,0,0,1523.6599,-5.479999999806751
37.399608,1,0,0,0,1523.6616,-3.780000000006112
37.599606,1,0,0,0,1523.66179,-3.5899999998036947
37.799604,1,0,0,0,1523.66179,-3.5899999998036947
37.999602,1,0,0,0,1523.66179,-3.5899999998036947
38.1996,1,0,0,0,1523.66179,-3.5899999998036947
38.399598,1,0,0,0,1523.66349,-1.890000000003056
38.599596,1,0,0,0,1523.66179,-3.5899999998036947
38.799593,1,0,0,0,1523.66349,-1.890000000003056
38.999591,1,0,0,0,1523.66349,-1.890000000003056
39.199589,1,0,0,0,1523.66179,-3.5899999998036947
39.399587,1,0,0,0,1523.6599,-5.479999999806751
39.599585,1,0,0,0,1523.6599,-5.479999999806751
39.799583,1,0,0,0,1523.66179,-3.5899999998036947
39.999581,1,0,0,0,1523.66179,-3.5899999998036947
40.199579,1,0,0,0,1523.66368,-1.6999999998006388
40.399577,1,0,0,0,1523.66179,-3.5899999998036947
40.599575,1,0,0,0,1523.66179,-3.5899999998036947
40.799572,1,0,0,0,1523.6599,-5.479999999806751
40.99957,1,0,0,0,1523.66179,-3.5899999998036947
41.199568,1,0,0,0,1523.66179,-3.5899999998036947
41.399566,1,0,0,0,1523.66009,-5.289999999831707
41.599564,1,0,0,0,1523.6599,-5.479999999806751
41.799562,1,0,0,0,1523.66179,-3.5899999998036947
41.99956,1,0,0,0,1523.66179,-3.5899999998036947
42.199558,1,0,0,0,1523.66179,-3.5899999998036947
42.399556,1,0,0,0,1523.6599,-5.479999999806751
42.599554,1,0,0,0,1523.66349,-1.890000000003056
42.799552,1,0,0,0,1523.6599,-5.479999999806751
42.999549,1,0,0,0,1523.6599,-5.479999999806751
43.199547,1,0,0,0,1523.6599,-5.479999999806751
43.399545,1,0,0,0,1523.6599,-5.479999999806751
43.599543,1,0,0,0,1523.6599,-5.479999999806751
43.799541,1,0,0,0,1523.66179,-3.5899999998036947
43.999539,1,0,0,0,1523.66368,-1.6999999998006388
44.199537,1,0,0,0,1523.6599,-5.479999999806751
44.399535,1,0,0,0,1523.66179,-3.5899999998036947
44.599533,1,0,0,0,1523.66179,-3.5899999998036947
44.799531,1,0,0,0,1523.66179,-3.5899999998036947
44.999528,1,0,0,0,1523.66179,-3.5899999998036947
45.199527,1,0,0,0,1523.66179,-3.5899999998036947
45.399524,1,0,0,0,1523.66009,-5.289999999831707
45.599522,1,0,0,0,1523.66179,-3.5899999998036947
45.79952,1,0,0,0,1523.66179,-3.5899999998036947
45.999518,1,0,0,0,1523.6599,-5.479999999806751
46.199516,1,0,0,0,1523.6599,-5.479999999806751
46.399514,1,0,0,0,1523.66009,-5.289999999831707
46.599512,1,0,0,0,1523.66179,-3.5899999998036947
46.79951,1,0,0,0,1523.6599,-5.479999999806751
46.999507,1,0,0,0,1523.66179,-3.5899999998036947
47.199506,1,0,0,0,1523.66179,-3.5899999998036947
47.399503,1,0,0,0,1523.66179,-3.5899999998036947
47.599501,1,0,0,0,1523.6599,-5.479999999806751
47.799499,1,0,0,0,1523.66179,-3.5899999998036947
47.999497,1,0,0,0,1523.6599,-5.479999999806751
48.199495,1,0,0,0,1523.66179,-3.5899999998036947
48.399493,1,0,0,0,1523.66368,-1.6999999998006388
48.599491,1,0,0,0,1523.66179,-3.5899999998036947
48.799489,1,0,0,0,1523.6599,-5.479999999806751
48.999487,1,0,0,0,1523.66179,-3.5899999998036947
49.199485,1,0,0,0,1523.6599,-5.479999999806751
49.399482,1,0,0,0,1523.66349,-1.890000000003056
49.59948,1,0,0,0,1523.66179,-3.5899999998036947
49.799478,1,0,0,0,1523.66349,-1.890000000003056
49.999476,1,0,0,0,1523.6599,-5.479999999806751
50.199474,1,0,0,0,1523.66349,-1.890000000003056
50.399472,1,0,0,0,1523.66368,-1.6999999998006388
50.59947,1,0,0,0,1523.66179,-3.5899999998036947
50.799468,1,0,0,0,1523.6599,-5.479999999806751
50.999466,1,0,0,0,1523.66179,-3.5899999998036947
51.199464,1,0,0,0,1523.66179,-3.5899999998036947
51.399462,1,0,0,0,1523.6599,-5.479999999806751
51.599459,1,0,0,0,1523.66179,-3.5899999998036947
51.799457,1,0,0,0,1523.66009,-5.289999999831707
51.999455,1,0,0,0,1523.66179,-3.5899999998036947
52.199453,1,0,0,0,1523.66368,-1.6999999998006388
52.399451,1,0,0,0,1523.66179,-3.5899999998036947
52.599449,1,0,0,0,1523.66179,-3.5899999998036947
52.799447,1,0,0,0,1523.6599,-5.479999999806751
52.999445,1,0,0,0,1523.6599,-5.479999999806751
53.199443,1,0,0,0,1523.66537,-0.009999999974752427
53.399441,1,0,0,0,1523.66348,-1.8999999999778083
53.599439,1,0,0,0,1523.66179,-3.5899999998036947
53.799436,1,0,0,0,1523.66348,-1.8999999999778083
53.999434,1,0,0,0,1523.66348,-1.8999999999778083
54.199432,1,0,0,0,1523.66537,-0.009999999974752427
54.39943,1,0,0,0,1523.66349,-1.890000000003056
54.599428,1,0,0,0,1523.66368,-1.6999999998006388
54.799426,1,0,0,0,1523.66368,-1.6999999998006388
54.999424,1,0,0,0,1523.66368,-1.6999999998006388
55.199422,1,0,0,0,1523.66179,-3.5899999998036947
55.39942,1,0,0,0,1523.66349,-1.890000000003056
55.599418,1,0,0,0,1523.66179,-3.5899999998036947
55.799416,1,0,0,0,1523.66179,-3.5899999998036947
55.999413,1,0,0,0,1523.66009,-5.289999999831707
56.199412,1,0,0,0,1523.66179,-3.5899999998036947
56.399409,1,0,0,0,1523.66368,-1.6999999998006388
56.599407,1,0,0,0,1523.6616,-3.780000000006112
56.799405,1,0,0,0,1523.66179,-3.5899999998036947
56.999403,1,0,0,0,1523.66349,-1.890000000003056
57.199401,1,0,0,0,1523.66009,-5.289999999831707
57.399399,1,0,0,0,1523.66179,-3.5899999998036947
57.599397,1,0,0,0,1523.66009,-5.289999999831707
57.799395,1,0,0,0,1523.66368,-1.6999999998006388
57.999393,1,0,0,0,1523.66349,-1.890000000003056
58.19939,1,0,0,0,1523.6599,-5.479999999806751
58.399388,1,0,0,0,1523.66349,-1.890000000003056
58.599386,1,0,0,0,1523.6599,-5.479999999806751
58.799384,1,0,0,0,1523.6599,-5.479999999806751
58.999382,1,0,0,0,1523.66179,-3.5899999998036947
59.19938,1,0,0,0,1523.66179,-3.5899999998036947
59.399378,1,0,0,0,1523.66367,-1.7100000000027649
59.599376,1,0,0,0,1523.66179,-3.5899999998036947
59.799374,1,0,0,0,1523.66348,-1.8999999999778083
59.999372,1,0,0,0,1523.66179,-3.5899999998036947
60.199369,1,0,0,0,1523.6616,-3.780000000006112
60.399368,1,0,0,0,1523.66179,-3.5899999998036947
60.599365,1,0,0,0,1523.6616,-3.780000000006112
60.799363,1,0,0,0,1523.6599,-5.479999999806751
60.999361,1,0,0,0,1523.66179,-3.5899999998036947
61.199359,1,0,0,0,1523.66179,-3.5899999998036947
61.399357,1,0,0,0,1523.66179,-3.5899999998036947
61.599355,1,0,0,0,1523.66367,-1.7100000000027649
61.799353,1,0,0,0,1523.66179,-3.5899999998036947
61.999351,1,0,0,0,1523.6616,-3.780000000006112
62.199348,1,0,0,0,1523.66179,-3.5899999998036947
62.399347,1,0,0,0,1523.66179,-3.5899999998036947
62.599344,1,0,0,0,1523.66179,-3.5899999998036947
62.799342,1,0,0,0,1523.6616,-3.780000000006112
62.99934,1,0,0,0,1523.66367,-1.7100000000027649
63.199338,1,0,0,0,1523.66367,-1.7100000000027649
63.399336,1,0,0,0,1523.66348,-1.8999999999778083
63.599334,1,0,0,0,1523.66348,-1.8999999999778083
63.799332,1,0,0,0,1523.66179,-3.5899999998036947
63.99933,1,0,0,0,1523.66179,-3.5899999998036947
64.199328,1,0,0,0,1523.66348,-1.8999999999778083
64.399325,1,0,0,0,1523.66178,-3.6000000000058208
64.599324,1,0,0,0,1523.66367,-1.7100000000027649
64.799321,1,0,0,0,1523.66348,-1.8999999999778083
64.999319,1,0,0,0,1523.66537,-0.009999999974752427
65.199317,1,0,0,0,1523.66178,-3.6000000000058208
65.399315,1,0,0,0,1523.66348,-1.8999999999778083
65.599313,1,0,0,0,1523.66178,-3.6000000000058208
65.799311,1,0,0,0,1523.66178,-3.6000000000058208
65.999309,1,0,0,0,1523.66348,-1.8999999999778083
66.199307,1,0,0,0,1523.66348,-1.8999999999778083
66.399305,1,0,0,0,1523.66367,-1.7100000000027649
66.599303,1,0,0,0,1523.66367,-1.7100000000027649
66.7993,1,0,0,0,1523.66367,-1.7100000000027649
66.999298,1,0,0,0,1523.66348,-1.8999999999778083
67.199296,1,0,0,0,1523.66348,-1.8999999999778083
67.399294,1,0,0,0,1523.66367,-1.7100000000027649
67.599292,1,0,0,0,1523.66348,-1.8999999999778083
67.79929,1,0,0,0,1523.66178,-3.6000000000058208
67.999288,1,0,0,0,1523.66348,-1.8999999999778083
68.199286,1,0,0,0,1523.66367,-1.7100000000027649
68.399284,1,0,0,0,1523.66178,-3.6000000000058208
68.599282,1,0,0,0,1523.66178,-3.6000000000058208
68.79928,1,0,0,0,1523.66348,-1.8999999999778083
68.999277,1,0,0,0,1523.66178,-3.6000000000058208
69.199275,1,0,0,0,1523.66178,-3.6000000000058208
69.399273,1,0,0,0,1523.65989,-5.490000000008877
69.599271,1,0,0,0,1523.66178,-3.6000000000058208
69.799269,1,0,0,0,1523.65989,-5.490000000008877
69.999267,1,0,0,0,1523.65989,-5.490000000008877
70.199265,1,0,0,0,1523.66178,-3.6000000000058208
70.399263,1,0,0,0,1523.66178,-3.6000000000058208
70.599261,1,0,0,0,1523.66178,-3.6000000000058208
70.799259,1,0,0,0,1523.66178,-3.6000000000058208
70.999257,1,0,0,0,1523.65989,-5.490000000008877
71.199255,1,0,0,0,1523.66178,-3.6000000000058208
71.399252,1,0,0,0,1523.66178,-3.6000000000058208
71.59925,1,0,0,0,1523.66348,-1.8999999999778083
71.799248,1,0,0,0,1523.66008,-5.2999999998064595
71.999246,1,0,0,0,1523.66367,-1.7100000000027649
72.199244,1,0,0,0,1523.66348,-1.8999999999778083
72.399242,1,0,0,0,1523.66178,-3.6000000000058208
72.59924,1,0,0,0,1523.66159,-3.7899999999808642
72.799238,1,0,0,0,1523.66178,-3.6000000000058208
72.999236,1,0,0,0,1523.66178,-3.6000000000058208
73.199234,1,0,0,0,1523.66348,-1.8999999999778083
73.399231,1,0,0,0,1523.66178,-3.6000000000058208
73.599229,1,0,0,0,1523.66367,-1.7100000000027649
73.799227,1,0,0,0,1523.66348,-1.8999999999778083
73.999225,1,0,0,0,1523.66178,-3.6000000000058208
74.199223,1,0,0,0,1523.66537,-0.009999999974752427
74.399221,1,0,0,0,1523.66367,-1.7100000000027649
74.599219,1,0,0,0,1523.66178,-3.6000000000058208
74.799217,1,0,0,0,1523.66367,-1.7100000000027649
74.999215,1,0,0,0,1523.66178,-3.6000000000058208
75.199213,1,0,0,0,1523.66348,-1.8999999999778083
75.39921,1,0,0,0,1523.66348,-1.8999999999778083
75.599209,1,0,0,0,1523.66178,-3.6000000000058208
75.799206,1,0,0,0,1523.66367,-1.7100000000027649
75.999204,1,0,0,0,1523.66348,-1.8999999999778083
76.199202,1,0,0,0,1523.66178,-3.6000000000058208
76.3992,1,0,0,0,1523.66178,-3.6000000000058208
76.599198,1,0,0,0,1523.66537,-0.009999999974752427
76.799196,1,0,0,0,1523.66367,-1.7100000000027649
76.999194,1,0,0,0,1523.66367,-1.7100000000027649
77.199192,1,0,0,0,1523.66348,-1.8999999999778083
77.399189,1,0,0,0,1523.66367,-1.7100000000027649
77.599188,1,0,0,0,1523.66178,-3.6000000000058208
77.799186,1,0,0,0,1523.66537,-0.009999999974752427
77.999183,1,0,0,0,1523.66555,0.1700000000255386
78.199181,1,0,0,0,1523.66367,-1.7100000000027649
78.399179,1,0,0,0,1523.66367,-1.7100000000027649
78.599177,1,0,0,0,1523.66367,-1.7100000000027649
78.799175,1,0,0,0,1523.66367,-1.7100000000027649
78.999173,1,0,0,0,1523.66348,-1.8999999999778083
79.199171,1,0,0,0,1523.66537,-0.009999999974752427
79.399169,1,0,0,0,1523.66556,0.18000000000029104
79.599167,1,0,0,0,1523.66367,-1.7100000000027649
79.799165,1,0,0,0,1523.66348,-1.8999999999778083
79.999162,1,0,0,0,1523.66367,-1.7100000000027649
80.19916,1,0,0,0,1523.66348,-1.8999999999778083
80.399158,1,0,0,0,1523.66367,-1.7100000000027649
80.599156,1,0,0,0,1523.66178,-3.6000000000058208
80.799154,1,0,0,0,1523.66348,-1.8999999999778083
80.999152,1,0,0,0,1523.66178,-3.6000000000058208
81.19915,1,0,0,0,1523.66178,-3.6000000000058208
81.399148,1,0,0,0,1523.66348,-1.8999999999778083
81.599146,1,0,0,0,1523.66178,-3.6000000000058208
81.799144,1,0,0,0,1523.66367,-1.7100000000027649
81.999142,1,0,0,0,1523.66178,-3.6000000000058208
82.199139,1,0,0,0,1523.65989,-5.490000000008877
82.399137,1,0,0,0,1523.66348,-1.8999999999778083
82.599135,1,0,0,0,1523.66348,-1.8999999999778083
82.799133,1,0,0,0,1523.66348,-1.8999999999778083
82.999131,1,0,0,0,1523.66347,-1.9099999999525608
83.199129,1,0,0,0,1523.66178,-3.6000000000058208
83.399127,1,0,0,0,1523.66347,-1.9099999999525608
83.599125,1,0,0,0,1523.66178,-3.6000000000058208
83.799123,1,0,0,0,1523.66178,-3.6000000000058208
83.999121,1,0,0,0,1523.66178,-3.6000000000058208
84.199118,1,0,0,0,1523.66348,-1.8999999999778083
84.399116,1,0,0,0,1523.66348,-1.8999999999778083
84.599114,1,0,0,0,1523.66178,-3.6000000000058208
84.799112,1,0,0,0,1523.66348,-1.8999999999778083
84.99911,1,0,0,0,1523.66367,-1.7100000000027649
85.199108,1,0,0,0,1523.66348,-1.8999999999778083
85.399106,1,0,0,0,1523.66178,-3.6000000000058208
85.599104,1,0,0,0,1523.66348,-1.8999999999778083
85.799102,1,0,0,0,1523.66348,-1.8999999999778083
85.9991,1,0,0,0,1523.66178,-3.6000000000058208
86.199097,1,0,0,0,1523.66178,-3.6000000000058208
86.399095,1,0,0,0,1523.66367,-1.7100000000027649
86.599093,1,0,0,0,1523.66348,-1.8999999999778083
86.799091,1,0,0,0,1523.66348,-1.8999999999778083
86.999089,1,0,0,0,1523.66555,0.1700000000255386
87.199087,1,0,0,0,1523.66367,-1.7100000000027649
87.399085,1,0,0,0,1523.66348,-1.8999999999778083
87.599083,1,0,0,0,1523.66178,-3.6000000000058208
87.799081,1,0,0,0,1523.66725,1.870000000053551
87.999079,1,0,0,0,1523.66537,-0.009999999974752427
88.199077,1,0,0,0,1523.66178,-3.6000000000058208
88.399075,1,0,0,0,1523.66537,-0.009999999974752427
88.599072,1,0,0,0,1523.66348,-1.8999999999778083
88.79907,1,0,0,0,1523.66348,-1.8999999999778083
88.999068,1,0,0,0,1523.66348,-1.8999999999778083
89.199066,1,0,0,0,1523.66348,-1.8999999999778083
89.399064,1,0,0,0,1523.66348,-1.8999999999778083
89.599062,1,0,0,0,1523.66537,-0.009999999974752427
89.79906,1,0,0,0,1523.66367,-1.7100000000027649
89.999058,1,0,0,0,1523.66348,-1.8999999999778083
90.199056,1,0,0,0,1523.66367,-1.7100000000027649
90.399054,1,0,0,0,1523.66367,-1.7100000000027649
90.599051,1,0,0,0,1523.66537,-0.009999999974752427
90.799049,1,0,0,0,1523.66556,0.18000000000029104
90.999047,1,0,0,0,1523.66726,1.8800000000283035
91.199045,1,0,0,0,1523.66178,-3.6000000000058208
91.399043,1,0,0,0,1523.66537,-0.009999999974752427
91.599041,1,0,0,0,1523.66367,-1.7100000000027649
91.799039,1,0,0,0,1523.66367,-1.7100000000027649
91.999037,1,0,0,0,1523.66537,-0.009999999974752427
92.199035,1,0,0,0,1523.66556,0.18000000000029104
92.399033,1,0,0,0,1523.66707,1.69000000005326
92.599032,1,0,0,0,1523.66556,0.18000000000029104
92.799028,1,0,0,0,1523.66367,-1.7100000000027649
92.999027,1,0,0,0,1523.66537,-0.009999999974752427
93.199024,1,0,0,0,1523.66537,-0.009999999974752427
93.399022,1,0,0,0,1523.66556,0.18000000000029104
93.59902,1,0,0,0,1523.66556,0.18000000000029104
93.799018,1,0,0,0,1523.66367,-1.7100000000027649
93.999016,1,0,0,0,1523.66556,0.18000000000029104
94.199014,1,0,0,0,1523.66367,-1.7100000000027649
94.399012,1,0,0,0,1523.66367,-1.7100000000027649
94.59901,1,0,0,0,1523.66348,-1.8999999999778083
94.799008,1,0,0,0,1523.66367,-1.7100000000027649
94.999006,1,0,0,0,1523.66178,-3.6000000000058208
95.199003,1,0,0,0,1523.66348,-1.8999999999778083
95.399001,1,0,0,0,1523.66178,-3.6000000000058208
95.598999,1,0,0,0,1523.66348,-1.8999999999778083
95.798997,1,0,0,0,1523.66348,-1.8999999999778083
95.998995,1,0,0,0,1523.66367,-1.7100000000027649
96.198993,1,0,0,0,1523.66367,-1.7100000000027649
96.398991,1,0,0,0,1523.66348,-1.8999999999778083
96.598989,1,0,0,0,1523.66556,0.18000000000029104
96.798987,1,0,0,0,1523.66367,-1.7100000000027649
96.998985,1,0,0,0,1523.66537,-0.009999999974752427
97.198982,1,0,0,0,1523.66348,-1.8999999999778083
97.39898,1,0,0,0,1523.66178,-3.6000000000058208
97.598978,1,0,0,0,1523.66556,0.18000000000029104
97.798976,1,0,0,0,1523.66556,0.18000000000029104
97.998974,1,0,0,0,1523.66556,0.18000000000029104
98.198972,1,0,0,0,1523.66537,-0.009999999974752427
98.39897,1,0,0,0,1523.66367,-1.7100000000027649
98.598968,1,0,0,0,1523.66726,1.8800000000283035
98.798966,1,0,0,0,1523.66537,-0.009999999974752427
98.998964,1,0,0,0,1523.66367,-1.7100000000027649
99.198961,1,0,0,0,1523.66367,-1.7100000000027649
99.398959,1,0,0,0,1523.66726,1.8800000000283035
99.598957,1,0,0,0,1523.66726,1.8800000000283035
99.798955,1,0,0,0,1523.66556,0.18000000000029104
99.998953,1,0,0,0,1523.66556,0.18000000000029104
100.198951,1,0,0,0,1523.66556,0.18000000000029104
100.398949,1,0,0,0,1523.66556,0.18000000000029104
100.598947,1,0,0,0,1523.66556,0.18000000000029104
100.798945,1,0,0,0,1523.66725,1.870000000053551
100.998943,1,0,0,0,1523.66556,0.18000000000029104
101.198941,1,0,0,0,1523.66537,-0.009999999974752427
101.398938,1,0,0,0,1523.66367,-1.7100000000027649
101.598936,1,0,0,0,1523.66556,0.18000000000029104
101.798934,1,0,0,0,1523.66556,0.18000000000029104
101.998932,1,0,0,0,1523.66726,1.8800000000283035
102.19893,1,0,0,0,1523.66726,1.8800000000283035
102.398928,1,0,0,0,1523.66367,-1.7100000000027649
102.598926,1,0,0,0,1523.66556,0.18000000000029104
102.798924,1,0,0,0,1523.66537,-0.009999999974752427
102.998922,1,0,0,0,1523.66726,1.8800000000283035
103.19892,1,0,0,0,1523.66556,0.18000000000029104
103.398917,1,0,0,0,1523.66726,1.8800000000283035
103.598916,1,0,0,0,1523.66726,1.8800000000283035
103.798913,1,0,0,0,1523.66537,-0.009999999974752427
103.998911,1,0,0,0,1523.66537,-0.009999999974752427
104.198909,1,0,0,0,1523.66556,0.18000000000029104
104.398907,1,0,0,0,1523.66726,1.8800000000283035
104.598905,1,0,0,0,1523.66537,-0.009999999974752427
104.798903,1,0,0,0,1523.66556,0.18000000000029104
104.998901,1,0,0,0,1523.66726,1.8800000000283035
105.198899,1,0,0,0,1523.66537,-0.009999999974752427
105.398897,1,0,0,0,1523.66744,2.0600000000285945
105.598895,1,0,0,0,1523.66726,1.8800000000283035
105.798892,1,0,0,0,1523.66726,1.8800000000283035
105.99889,1,0,0,0,1523.66726,1.8800000000283035
106.198888,1,0,0,0,1523.66556,0.18000000000029104
106.398886,1,0,0,0,1523.66726,1.8800000000283035
106.598884,1,0,0,0,1523.66537,-0.009999999974752427
106.798882,1,0,0,0,1523.66726,1.8800000000283035
106.99888,1,0,0,0,1523.66556,0.18000000000029104
107.198878,1,0,0,0,1523.66556,0.18000000000029104
107.398876,1,0,0,0,1523.66726,1.8800000000283035
107.598874,1,0,0,0,1523.66896,3.580000000056316
107.798872,1,0,0,0,1523.66726,1.8800000000283035
107.99887,1,0,0,0,1523.66556,0.18000000000029104
108.198867,1,0,0,0,1523.66538,0.0
108.398865,1,0,0,0,1523.66726,1.8800000000283035
108.598863,1,0,0,0,1523.66538,0.0
108.798861,1,0,0,0,1523.66556,0.18000000000029104
108.998859,1,0,0,0,1523.66726,1.8800000000283035
109.198857,1,0,0,0,1523.66727,1.890000000003056
109.398855,1,0,0,0,1523.66538,0.0
109.598853,1,0,0,0,1523.66349,-1.890000000003056
109.798851,1,0,0,0,1523.66727,1.890000000003056
109.998848,1,0,0,0,1523.66727,1.890000000003056
110.198847,1,0,0,0,1523.66538,0.0
110.398844,1,0,0,0,1523.66727,1.890000000003056
110.598842,1,0,0,0,1523.66538,0.0
110.79884,1,0,0,0,1523.66349,-1.890000000003056
110.998838,1,0,0,0,1523.66746,2.0799999999780994
111.198836,1,0,0,0,1523.66746,2.0799999999780994
111.398834,1,0,0,0,1523.66727,1.890000000003056
111.598832,1,0,0,0,1523.66727,1.890000000003056
111.79883,1,0,0,0,1523.66727,1.890000000003056
111.998828,1,0,0,0,1523.66727,1.890000000003056
112.198826,1,0,0,0,1523.66727,1.890000000003056
112.398823,1,0,0,0,1523.66727,1.890000000003056
112.598821,1,0,0,0,1523.66708,1.7000000000280124
112.798819,1,0,0,0,1523.66557,0.18999999997504347
112.998817,1,0,0,0,1523.66727,1.890000000003056
113.198815,1,0,0,0,1523.66558,0.20000000017716957
113.398813,1,0,0,0,1523.66727,1.890000000003056
113.598811,1,0,0,0,1523.66369,-1.6899999998258863
113.798809,1,0,0,0,1523.66558,0.20000000017716957
113.998807,1,0,0,0,1523.66727,1.890000000003056
114.198805,1,0,0,0,1523.66727,1.890000000003056
114.398803,1,0,0,0,1523.66916,3.780000000006112
114.5988,1,0,0,0,1523.66727,1.890000000003056
114.798798,1,0,0,0,1523.66727,1.890000000003056
114.998796,1,0,0,0,1523.66727,1.890000000003056
115.198794,1,0,0,0,1523.66746,2.0799999999780994
115.398792,1,0,0,0,1523.66916,3.780000000006112
115.59879,1,0,0,0,1523.66897,3.5900000000310683
115.798788,1,0,0,0,1523.66897,3.5900000000310683
115.998786,1,0,0,0,1523.67086,5.480000000034124
116.198784,1,0,0,0,1523.66727,1.890000000003056
116.398782,1,0,0,0,1523.66746,2.0799999999780994
116.598779,1,0,0,0,1523.66917,3.7899999999808642
116.798777,1,0,0,0,1523.66917,3.7899999999808642
116.998775,1,0,0,0,1523.66917,3.7899999999808642
117.198773,1,0,0,0,1523.66897,3.5900000000310683
117.398771,1,0,0,0,1523.66917,3.7899999999808642
117.598769,1,0,0,0,1523.66898,3.6000000000058208
117.798767,1,0,0,0,1523.66917,3.7899999999808642
117.998765,1,0,0,0,1523.66917,3.7899999999808642
118.198763,1,0,0,0,1523.66917,3.7899999999808642
118.398761,1,0,0,0,1523.66728,1.8999999999778083
118.598759,1,0,0,0,1523.66728,1.8999999999778083
118.798757,1,0,0,0,1523.67105,5.670000000009168
118.998755,1,0,0,0,1523.66917,3.7899999999808642
119.198752,1,0,0,0,1523.66728,1.8999999999778083
119.39875,1,0,0,0,1523.66897,3.5900000000310683
119.598748,1,0,0,0,1523.66917,3.7899999999808642
119.798746,1,0,0,0,1523.66897,3.5900000000310683
119.998744,1,0,0,0,1523.66917,3.7899999999808642
120.198742,1,0,0,0,1523.66728,1.8999999999778083
120.39874,1,0,0,0,1523.67086,5.480000000034124
120.598738,1,0,0,0,1523.66898,3.6000000000058208
120.798736,1,0,0,0,1523.67105,5.670000000009168
120.998734,1,0,0,0,1523.66917,3.7899999999808642
121.198731,1,0,0,0,1523.66728,1.8999999999778083
121.398729,1,0,0,0,1523.67087,5.490000000008877
121.598727,1,0,0,0,1523.67087,5.490000000008877
121.798725,1,0,0,0,1523.66728,1.8999999999778083
121.998723,1,0,0,0,1523.66917,3.7899999999808642
122.198721,1,0,0,0,1523.66917,3.7899999999808642
122.398719,1,0,0,0,1523.66728,1.8999999999778083
122.598717,1,0,0,0,1523.66728,1.8999999999778083
122.798715,1,0,0,0,1523.66728,1.8999999999778083
122.998713,1,0,0,0,1523.66917,3.7899999999808642
123.19871,1,0,0,0,1523.67086,5.480000000034124
123.398709,1,0,0,0,1523.66746,2.0799999999780994
123.598706,1,0,0,0,1523.66728,1.8999999999778083
123.798704,1,0,0,0,1523.66728,1.8999999999778083
123.998702,1,0,0,0,1523.66917,3.7899999999808642
124.1987,1,0,0,0,1523.66558,0.20000000017716957
124.398698,1,0,0,0,1523.67105,5.670000000009168
124.598696,1,0,0,0,1523.66747,2.0900000001802255
124.798694,1,0,0,0,1523.66728,1.8999999999778083
124.998692,1,0,0,0,1523.66728,1.8999999999778083
125.19869,1,0,0,0,1523.66917,3.7899999999808642
125.398688,1,0,0,0,1523.66728,1.8999999999778083
125.598686,1,0,0,0,1523.66898,3.6000000000058208
125.798683,1,0,0,0,1523.66728,1.8999999999778083
125.998681,1,0,0,0,1523.66917,3.7899999999808642
126.198679,1,0,0,0,1523.66898,3.6000000000058208
126.398677,1,0,0,0,1523.66917,3.7899999999808642
126.598675,1,0,0,0,1523.66917,3.7899999999808642
126.798673,1,0,0,0,1523.67087,5.490000000008877
126.998671,1,0,0,0,1523.66917,3.7899999999808642
127.198669,1,0,0,0,1523.67087,5.490000000008877
127.398667,1,0,0,0,1523.66917,3.7899999999808642
127.598665,1,0,0,0,1523.66728,1.8999999999778083
127.798662,1,0,0,0,1523.66898,3.6000000000058208
127.99866,1,0,0,0,1523.67106,5.67999999998392
128.198658,1,0,0,0,1523.67087,5.490000000008877
128.398656,1,0,0,0,1523.66917,3.7899999999808642
128.598654,1,0,0,0,1523.67087,5.490000000008877
128.798652,1,0,0,0,1523.66917,3.7899999999808642
128.99865,1,0,0,0,1523.67087,5.490000000008877
129.198648,1,0,0,0,1523.67106,5.67999999998392
129.398646,1,0,0,0,1523.67087,5.490000000008877
129.598644,1,0,0,0,1523.66918,3.8000000001829903
129.798641,1,0,0,0,1523.67106,5.67999999998392
129.998639,1,0,0,0,1523.67276,7.380000000011933
130.198637,1,0,0,0,1523.67106,5.67999999998392
130.398635,1,0,0,0,1523.66899,3.609999999980573
130.598633,1,0,0,0,1523.66918,3.8000000001829903
130.798631,1,0,0,0,1523.67106,5.67999999998392
130.998629,1,0,0,0,1523.67106,5.67999999998392
131.198627,1,0,0,0,1523.67276,7.380000000011933
131.398625,1,0,0,0,1523.67107,5.690000000186046
131.598623,1,0,0,0,1523.67088,5.499999999983629
131.798621,1,0,0,0,1523.67088,5.499999999983629
131.998619,1,0,0,0,1523.67107,5.690000000186046
132.198617,1,0,0,0,1523.67107,5.690000000186046
132.398614,1,0,0,0,1523.67276,7.380000000011933
132.598612,1,0,0,0,1523.67276,7.380000000011933
132.79861,1,0,0,0,1523.67276,7.380000000011933
132.998608,1,0,0,0,1523.67277,7.389999999986685
133.198606,1,0,0,0,1523.67277,7.389999999986685
133.398604,1,0,0,0,1523.67277,7.389999999986685
133.598602,1,0,0,0,1523.67277,7.389999999986685
133.7986,1,0,0,0,1523.67277,7.389999999986685
133.998598,1,0,0,0,1523.67277,7.389999999986685
134.198596,1,0,0,0,1523.67107,5.690000000186046
134.398593,1,0,0,0,1523.67277,7.389999999986685
134.598591,1,0,0,0,1523.67107,5.690000000186046
134.798589,1,0,0,0,1523.67107,5.690000000186046
134.998587,1,0,0,0,1523.67088,5.499999999983629
135.198585,1,0,0,0,1523.67277,7.389999999986685
135.398583,1,0,0,0,1523.67277,7.389999999986685
135.598581,1,0,0,0,1523.67107,5.690000000186046
135.798579,1,0,0,0,1523.67277,7.389999999986685
135.998577,1,0,0,0,1523.67277,7.389999999986685
136.198575,1,0,0,0,1523.67277,7.389999999986685
136.398572,1,0,0,0,1523.67654,11.160000000018044
136.59857,1,0,0,0,1523.67107,5.690000000186046
136.798568,1,0,0,0,1523.67107,5.690000000186046
136.998566,1,0,0,0,1523.67277,7.389999999986685
137.198564,1,0,0,0,1523.67277,7.389999999986685
137.398562,1,0,0,0,1523.67277,7.389999999986685
137.59856,1,0,0,0,1523.67277,7.389999999986685
137.798558,1,0,0,0,1523.67107,5.690000000186046
137.998556,1,0,0,0,1523.67089,5.510000000185755
138.198554,1,0,0,0,1523.67089,5.510000000185755
138.398552,1,0,0,0,1523.67107,5.690000000186046
138.59855,1,0,0,0,1523.67108,5.700000000160799
138.798548,1,0,0,0,1523.66919,3.8100000001577428
138.998545,1,0,0,0,1523.67466,9.279999999989741
139.198543,1,0,0,0,1523.67466,9.279999999989741
139.398541,1,0,0,0,1523.67278,7.400000000188811
139.598539,1,0,0,0,1523.67108,5.700000000160799
139.798537,1,0,0,0,1523.67108,5.700000000160799
139.998535,1,0,0,0,1523.67467,9.290000000191867
140.198533,1,0,0,0,1523.67278,7.400000000188811
140.398531,1,0,0,0,1523.67278,7.400000000188811
140.598529,1,0,0,0,1523.67108,5.700000000160799
140.798527,1,0,0,0,1523.67278,7.400000000188811
140.998524,1,0,0,0,1523.67278,7.400000000188811
141.198523,1,0,0,0,1523.67278,7.400000000188811
141.39852,1,0,0,0,1523.67108,5.700000000160799
141.598518,1,0,0,0,1523.67467,9.290000000191867
141.798516,1,0,0,0,1523.67278,7.400000000188811
141.998514,1,0,0,0,1523.67656,11.180000000194923
142.198512,1,0,0,0,1523.67278,7.400000000188811
142.39851,1,0,0,0,1523.67278,7.400000000188811
142.598508,1,0,0,0,1523.67278,7.400000000188811
142.798506,1,0,0,0,1523.67278,7.400000000188811
142.998503,1,0,0,0,1523.67467,9.290000000191867
143.198501,1,0,0,0,1523.67278,7.400000000188811
143.398499,1,0,0,0,1523.67278,7.400000000188811
143.598497,1,0,0,0,1523.67467,9.290000000191867
143.798495,1,0,0,0,1523.67467,9.290000000191867
143.998493,1,0,0,0,1523.67467,9.290000000191867
144.198491,1,0,0,0,1523.67637,10.989999999992506
144.398489,1,0,0,0,1523.67448,9.09999999998945
144.598487,1,0,0,0,1523.67467,9.290000000191867
144.798485,1,0,0,0,1523.67486,9.48000000016691
144.998483,1,0,0,0,1523.67278,7.400000000188811
145.19848,1,0,0,0,1523.67486,9.48000000016691
145.398478,1,0,0,0,1523.67486,9.48000000016691
145.598476,1,0,0,0,1523.67278,7.400000000188811
145.798474,1,0,0,0,1523.67637,10.989999999992506
145.998472,1,0,0,0,1523.67467,9.290000000191867
146.19847,1,0,0,0,1523.67637,10.989999999992506
146.398468,1,0,0,0,1523.67637,10.989999999992506
146.598466,1,0,0,0,1523.67826,12.879999999995562
146.798464,1,0,0,0,1523.67486,9.48000000016691
146.998461,1,0,0,0,1523.67656,11.180000000194923
147.198459,1,0,0,0,1523.67467,9.290000000191867
147.398458,1,0,0,0,1523.67486,9.48000000016691
147.598455,1,0,0,0,1523.67467,9.290000000191867
147.798453,1,0,0,0,1523.67467,9.290000000191867
147.998453,1,0,0,0,1523.67467,9.290000000191867
148.198449,1,0,0,0,1523.67486,9.48000000016691
148.398447,1,0,0,0,1523.67637,10.989999999992506
148.598445,1,0,0,0,1523.67637,10.989999999992506
148.798443,1,0,0,0,1523.67468,9.30000000016662
148.998441,1,0,0,0,1523.67656,11.180000000194923
149.198439,1,0,0,0,1523.67468,9.30000000016662
149.398437,1,0,0,0,1523.67486,9.48000000016691
149.598435,1,0,0,0,1523.67468,9.30000000016662
149.798432,1,0,0,0,1523.67656,11.180000000194923
149.99843,1,0,0,0,1523.67468,9.30000000016662
150.198428,1,0,0,0,1523.67468,9.30000000016662
150.398426,1,0,0,0,1523.67637,10.989999999992506
150.598424,1,0,0,0,1523.67637,10.989999999992506
150.798422,1,0,0,0,1523.67637,10.989999999992506
150.99842,1,0,0,0,1523.67468,9.30000000016662
151.198418,1,0,0,0,1523.67826,12.879999999995562
151.398416,1,0,0,0,1523.67468,9.30000000016662
151.598414,1,0,0,0,1523.67468,9.30000000016662
151.798411,1,0,0,0,1523.67279,7.4100000001635635
151.99841,1,0,0,0,1523.67657,11.190000000169675
152.198407,1,0,0,0,1523.67638,11.000000000194632
152.398405,1,0,0,0,1523.67468,9.30000000016662
152.598403,1,0,0,0,1523.67827,12.890000000197688
152.798401,1,0,0,0,1523.67827,12.890000000197688
152.998399,1,0,0,0,1523.67468,9.30000000016662
153.198397,1,0,0,0,1523.67487,9.490000000141663
153.398395,1,0,0,0,1523.67468,9.30000000016662
153.598393,1,0,0,0,1523.67487,9.490000000141663
153.798391,1,0,0,0,1523.67468,9.30000000016662
153.998388,1,0,0,0,1523.67468,9.30000000016662
154.198386,1,0,0,0,1523.67468,9.30000000016662
154.398384,1,0,0,0,1523.67638,11.000000000194632
154.598382,1,0,0,0,1523.67468,9.30000000016662
154.79838,1,0,0,0,1523.67468,9.30000000016662
154.998378,1,0,0,0,1523.67468,9.30000000016662
155.198376,1,0,0,0,1523.67638,11.000000000194632
155.398374,1,0,0,0,1523.67638,11.000000000194632
155.598372,1,0,0,0,1523.67468,9.30000000016662
155.79837,1,0,0,0,1523.67279,7.4100000001635635
155.998368,1,0,0,0,1523.67468,9.30000000016662
156.198365,1,0,0,0,1523.67638,11.000000000194632
156.398364,1,0,0,0,1523.67468,9.30000000016662
156.598361,1,0,0,0,1523.67827,12.890000000197688
156.798359,1,0,0,0,1523.67657,11.190000000169675
156.998357,1,0,0,0,1523.67638,11.000000000194632
157.198355,1,0,0,0,1523.67638,11.000000000194632
157.398353,1,0,0,0,1523.67657,11.190000000169675
157.598351,1,0,0,0,1523.67657,11.190000000169675
157.798349,1,0,0,0,1523.67638,11.000000000194632
157.998347,1,0,0,0,1523.67638,11.000000000194632
158.198344,1,0,0,0,1523.67657,11.190000000169675
158.398342,1,0,0,0,1523.67487,9.490000000141663
158.59834,1,0,0,0,1523.67469,9.310000000141372
158.798338,1,0,0,0,1523.67469,9.310000000141372
158.998336,1,0,0,0,1523.67657,11.190000000169675
159.198334,1,0,0,0,1523.67658,11.200000000144428
159.398332,1,0,0,0,1523.67827,12.890000000197688
159.59833,1,0,0,0,1523.67658,11.200000000144428
159.798328,1,0,0,0,1523.67658,11.200000000144428
159.998326,1,0,0,0,1523.67639,11.010000000169384
160.198324,1,0,0,0,1523.67658,11.200000000144428
160.398322,1,0,0,0,1523.67827,12.890000000197688
160.59832,1,0,0,0,1523.67658,11.200000000144428
160.798318,1,0,0,0,1523.67639,11.010000000169384
160.998315,1,0,0,0,1523.67658,11.200000000144428
161.198313,1,0,0,0,1523.67658,11.200000000144428
161.398311,1,0,0,0,1523.67828,12.90000000017244
161.598309,1,0,0,0,1523.67828,12.90000000017244
161.798307,1,0,0,0,1523.67828,12.90000000017244
161.998305,1,0,0,0,1523.67828,12.90000000017244
162.198303,1,0,0,0,1523.67639,11.010000000169384
162.398301,1,0,0,0,1523.68017,14.790000000175496
162.598299,1,0,0,0,1523.67658,11.200000000144428
162.798296,1,0,0,0,1523.67828,12.90000000017244
162.998295,1,0,0,0,1523.67828,12.90000000017244
163.198292,1,0,0,0,1523.67828,12.90000000017244
163.39829,1,0,0,0,1523.67828,12.90000000017244
163.598288,1,0,0,0,1523.67847,13.090000000147484
163.798286,1,0,0,0,1523.67828,12.90000000017244
163.998284,1,0,0,0,1523.67828,12.90000000017244
164.198282,1,0,0,0,1523.68017,14.790000000175496
164.39828,1,0,0,0,1523.67658,11.200000000144428
164.598278,1,0,0,0,1523.67847,13.090000000147484
164.798276,1,0,0,0,1523.67828,12.90000000017244
164.998274,1,0,0,0,1523.67828,12.90000000017244
165.198271,1,0,0,0,1523.67998,14.599999999973079
165.398269,1,0,0,0,1523.67828,12.90000000017244
165.598267,1,0,0,0,1523.67847,13.090000000147484
165.798265,1,0,0,0,1523.67828,12.90000000017244
165.998263,1,0,0,0,1523.68017,14.790000000175496
166.198261,1,0,0,0,1523.68017,14.790000000175496
166.398259,1,0,0,0,1523.67828,12.90000000017244
166.598257,1,0,0,0,1523.67828,12.90000000017244
166.798255,1,0,0,0,1523.67658,11.200000000144428
166.998253,1,0,0,0,1523.68017,14.790000000175496
167.198251,1,0,0,0,1523.68017,14.790000000175496
167.398248,1,0,0,0,1523.67828,12.90000000017244
167.598246,1,0,0,0,1523.67828,12.90000000017244
167.798244,1,0,0,0,1523.68017,14.790000000175496
167.998242,1,0,0,0,1523.68017,14.790000000175496
168.19824,1,0,0,0,1523.68017,14.790000000175496
168.398238,1,0,0,0,1523.68187,16.489999999976135
168.598236,1,0,0,0,1523.67639,11.010000000169384
168.798234,1,0,0,0,1523.67847,13.090000000147484
168.998232,1,0,0,0,1523.67998,14.599999999973079
169.19823,1,0,0,0,1523.67828,12.90000000017244
169.398227,1,0,0,0,1523.67847,13.090000000147484
169.598225,1,0,0,0,1523.67639,11.010000000169384
169.798223,1,0,0,0,1523.67658,11.200000000144428
169.998221,1,0,0,0,1523.67828,12.90000000017244
170.198219,1,0,0,0,1523.67658,11.200000000144428
170.398217,1,0,0,0,1523.68017,14.790000000175496
170.598215,1,0,0,0,1523.67658,11.200000000144428
170.798213,1,0,0,0,1523.67828,12.90000000017244
170.998211,1,0,0,0,1523.67828,12.90000000017244
171.198209,1,0,0,0,1523.68017,14.790000000175496
171.398207,1,0,0,0,1523.67828,12.90000000017244
171.598205,1,0,0,0,1523.67828,12.90000000017244
171.798203,1,0,0,0,1523.67658,11.200000000144428
171.9982,1,0,0,0,1523.67828,12.90000000017244
172.198198,1,0,0,0,1523.67658,11.200000000144428
172.398196,1,0,0,0,1523.67828,12.90000000017244
172.598194,1,0,0,0,1523.68017,14.790000000175496
172.798192,1,0,0,0,1523.68017,14.790000000175496
172.99819,1,0,0,0,1523.68017,14.790000000175496
173.198188,1,0,0,0,1523.67828,12.90000000017244
173.398186,1,0,0,0,1523.67866,13.280000000122527
173.598184,1,0,0,0,1523.67828,12.90000000017244
173.798182,1,0,0,0,1523.68017,14.790000000175496
173.998179,1,0,0,0,1523.67828,12.90000000017244
174.198177,1,0,0,0,1523.67828,12.90000000017244
174.398175,1,0,0,0,1523.67847,13.090000000147484
174.598173,1,0,0,0,1523.67847,13.090000000147484
174.798171,1,0,0,0,1523.67998,14.599999999973079
174.998169,1,0,0,0,1523.67828,12.90000000017244
175.198167,1,0,0,0,1523.68017,14.790000000175496
175.398165,1,0,0,0,1523.68017,14.790000000175496
175.598163,1,0,0,0,1523.67828,12.90000000017244
175.798161,1,0,0,0,1523.68036,14.98000000015054
175.998158,1,0,0,0,1523.68017,14.790000000175496
176.198156,1,0,0,0,1523.67828,12.90000000017244
176.398154,1,0,0,0,1523.68017,14.790000000175496
176.598152,1,0,0,0,1523.68017,14.790000000175496
176.79815,1,0,0,0,1523.68036,14.98000000015054
176.998148,1,0,0,0,1523.68017,14.790000000175496
177.198146,1,0,0,0,1523.68017,14.790000000175496
177.398144,1,0,0,0,1523.68017,14.790000000175496
177.598142,1,0,0,0,1523.68017,14.790000000175496
177.79814,1,0,0,0,1523.68036,14.98000000015054
177.998138,1,0,0,0,1523.68376,18.37999999997919
178.198136,1,0,0,0,1523.68017,14.790000000175496
178.398134,1,0,0,0,1523.68017,14.790000000175496
178.598131,1,0,0,0,1523.68206,16.680000000178552
178.798129,1,0,0,0,1523.68376,18.37999999997919
178.998127,1,0,0,0,1523.67828,12.90000000017244
179.198125,1,0,0,0,1523.68036,14.98000000015054
179.398123,1,0,0,0,1523.68376,18.37999999997919
179.598121,1,0,0,0,1523.68036,14.98000000015054
179.798119,1,0,0,0,1523.68017,14.790000000175496
179.998117,1,0,0,0,1523.68395,18.570000000181608
180.198115,1,0,0,0,1523.68206,16.680000000178552
180.398113,1,0,0,0,1523.68206,16.680000000178552
180.598111,1,0,0,0,1523.68017,14.790000000175496
180.798108,1,0,0,0,1523.68376,18.37999999997919
180.998106,1,0,0,0,1523.68206,16.680000000178552
181.198104,1,0,0,0,1523.68206,16.680000000178552
181.398102,1,0,0,0,1523.68036,14.98000000015054
181.5981,1,0,0,0,1523.68206,16.680000000178552
181.798098,1,0,0,0,1523.68206,16.680000000178552
181.998096,1,0,0,0,1523.68206,16.680000000178552
182.198094,1,0,0,0,1523.68206,16.680000000178552
182.398092,1,0,0,0,1523.68395,18.570000000181608
182.598089,1,0,0,0,1523.68395,18.570000000181608
182.798087,1,0,0,0,1523.68187,16.489999999976135
182.998085,1,0,0,0,1523.68188,16.50000000017826
183.198083,1,0,0,0,1523.68546,20.080000000007203
183.398081,1,0,0,0,1523.68376,18.37999999997919
183.598079,1,0,0,0,1523.68206,16.680000000178552
183.798077,1,0,0,0,1523.68206,16.680000000178552
183.998075,1,0,0,0,1523.68188,16.50000000017826
184.198073,1,0,0,0,1523.68206,16.680000000178552
184.398071,1,0,0,0,1523.68395,18.570000000181608
184.598069,1,0,0,0,1523.68188,16.50000000017826
184.798067,1,0,0,0,1523.68358,18.1999999999789
184.998065,1,0,0,0,1523.68188,16.50000000017826
185.198062,1,0,0,0,1523.68207,16.690000000153304
185.39806,1,0,0,0,1523.68018,14.800000000150249
185.598058,1,0,0,0,1523.68037,14.990000000125292
185.798056,1,0,0,0,1523.68207,16.690000000153304
185.998054,1,0,0,0,1523.68207,16.690000000153304
186.198052,1,0,0,0,1523.68188,16.50000000017826
186.39805,1,0,0,0,1523.68206,16.680000000178552
186.598048,1,0,0,0,1523.68188,16.50000000017826
186.798046,1,0,0,0,1523.68395,18.570000000181608
186.998044,1,0,0,0,1523.68395,18.570000000181608
187.198042,1,0,0,0,1523.68207,16.690000000153304
187.398039,1,0,0,0,1523.68207,16.690000000153304
187.598037,1,0,0,0,1523.68207,16.690000000153304
187.798035,1,0,0,0,1523.68207,16.690000000153304
187.998033,1,0,0,0,1523.68018,14.800000000150249
188.198031,1,0,0,0,1523.68376,18.37999999997919
188.398029,1,0,0,0,1523.68207,16.690000000153304
188.598027,1,0,0,0,1523.68188,16.50000000017826
188.798025,1,0,0,0,1523.68207,16.690000000153304
188.998023,1,0,0,0,1523.68188,16.50000000017826
189.198021,1,0,0,0,1523.68207,16.690000000153304
189.398018,1,0,0,0,1523.68377,18.390000000181317
189.598016,1,0,0,0,1523.68207,16.690000000153304
189.798014,1,0,0,0,1523.68358,18.1999999999789
189.998012,1,0,0,0,1523.68207,16.690000000153304
190.19801,1,0,0,0,1523.68377,18.390000000181317
190.398008,1,0,0,0,1523.68377,18.390000000181317
190.598006,1,0,0,0,1523.68358,18.1999999999789
190.798004,1,0,0,0,1523.68207,16.690000000153304
190.998002,1,0,0,0,1523.68207,16.690000000153304
191.198,1,0,0,0,1523.68207,16.690000000153304
191.397998,1,0,0,0,1523.68566,20.280000000184373
191.597996,1,0,0,0,1523.68377,18.390000000181317
191.797993,1,0,0,0,1523.68207,16.690000000153304
191.997991,1,0,0,0,1523.68188,16.50000000017826
192.197989,1,0,0,0,1523.68396,18.58000000015636
192.397987,1,0,0,0,1523.68377,18.390000000181317
192.597985,1,0,0,0,1523.68566,20.280000000184373
192.797983,1,0,0,0,1523.68396,18.58000000015636
192.997981,1,0,0,0,1523.68396,18.58000000015636
193.197979,1,0,0,0,1523.68396,18.58000000015636
193.397977,1,0,0,0,1523.68566,20.280000000184373
193.597975,1,0,0,0,1523.68377,18.390000000181317
193.797972,1,0,0,0,1523.68396,18.58000000015636
193.99797,1,0,0,0,1523.68396,18.58000000015636
194.197968,1,0,0,0,1523.68396,18.58000000015636
194.397966,1,0,0,0,1523.68207,16.690000000153304
194.597964,1,0,0,0,1523.68566,20.280000000184373
194.797962,1,0,0,0,1523.68396,18.58000000015636
194.99796,1,0,0,0,1523.68207,16.690000000153304
195.197958,1,0,0,0,1523.68585,20.470000000159416
195.397956,1,0,0,0,1523.68755,22.17000000018743
195.597954,1,0,0,0,1523.68396,18.58000000015636
195.797951,1,0,0,0,1523.68755,22.17000000018743
195.99795,1,0,0,0,1523.68566,20.280000000184373
196.197947,1,0,0,0,1523.68736,21.97999999998501
196.397945,1,0,0,0,1523.68566,20.280000000184373
196.597943,1,0,0,0,1523.68396,18.58000000015636
196.797941,1,0,0,0,1523.68585,20.470000000159416
196.997939,1,0,0,0,1523.68396,18.58000000015636
197.197937,1,0,0,0,1523.68566,20.280000000184373
197.397935,1,0,0,0,1523.68566,20.280000000184373
197.597933,1,0,0,0,1523.68566,20.280000000184373
197.797931,1,0,0,0,1523.68736,21.97999999998501
197.997929,1,0,0,0,1523.68566,20.280000000184373
198.197927,1,0,0,0,1523.68585,20.470000000159416
198.397924,1,0,0,0,1523.68566,20.280000000184373
198.597922,1,0,0,0,1523.68736,21.97999999998501
198.79792,1,0,0,0,1523.68566,20.280000000184373
198.997918,1,0,0,0,1523.68377,18.390000000181317
199.197916,1,0,0,0,1523.68566,20.280000000184373
199.397914,1,0,0,0,1523.68566,20.280000000184373
199.597912,1,0,0,0,1523.68755,22.17000000018743
199.79791,1,0,0,0,1523.68566,20.280000000184373
199.997908,1,0,0,0,1523.68755,22.17000000018743
200.197906,1,0,0,0,1523.68566,20.280000000184373
200.397903,1,0,0,0,1523.68377,18.390000000181317
200.597901,1,0,0,0,1523.68566,20.280000000184373
200.797899,1,0,0,0,1523.68566,20.280000000184373
200.997897,1,0,0,0,1523.68585,20.470000000159416
201.197895,1,0,0,0,1523.68755,22.17000000018743
201.397893,1,0,0,0,1523.68566,20.280000000184373
201.597891,1,0,0,0,1523.68547,20.089999999981956
201.797889,1,0,0,0,1523.68396,18.58000000015636
201.997887,1,0,0,0,1523.68566,20.280000000184373
202.197885,1,0,0,0,1523.68566,20.280000000184373
202.397882,1,0,0,0,1523.68566,20.280000000184373
202.59788,1,0,0,0,1523.68566,20.280000000184373
202.797879,1,0,0,0,1523.68396,18.58000000015636
202.997876,1,0,0,0,1523.68566,20.280000000184373
203.197874,1,0,0,0,1523.68566,20.280000000184373
203.397872,1,0,0,0,1523.68377,18.390000000181317
203.59787,1,0,0,0,1523.68566,20.280000000184373
203.797868,1,0,0,0,1523.68755,22.17000000018743
203.997866,1,0,0,0,1523.68566,20.280000000184373
204.197864,1,0,0,0,1523.68566,20.280000000184373
204.397862,1,0,0,0,1523.68377,18.390000000181317
204.59786,1,0,0,0,1523.68585,20.470000000159416
204.797858,1,0,0,0,1523.68566,20.280000000184373
204.997855,1,0,0,0,1523.68585,20.470000000159416
205.197854,1,0,0,0,1523.68548,20.10000000018408
205.397851,1,0,0,0,1523.68567,20.290000000159125
205.597849,1,0,0,0,1523.68944,24.060000000190485
205.797847,1,0,0,0,1523.68566,20.280000000184373
205.997845,1,0,0,0,1523.68566,20.280000000184373
206.197843,1,0,0,0,1523.68415,18.770000000131404
206.397841,1,0,0,0,1523.68566,20.280000000184373
206.597839,1,0,0,0,1523.68585,20.470000000159416
206.797837,1,0,0,0,1523.68755,22.17000000018743
206.997835,1,0,0,0,1523.68567,20.290000000159125
207.197832,1,0,0,0,1523.68585,20.470000000159416
207.39783,1,0,0,0,1523.68755,22.17000000018743
207.597828,1,0,0,0,1523.68567,20.290000000159125
207.797826,1,0,0,0,1523.68567,20.290000000159125
207.997824,1,0,0,0,1523.68755,22.17000000018743
208.197822,1,0,0,0,1523.68755,22.17000000018743
208.39782,1,0,0,0,1523.68567,20.290000000159125
208.597818,1,0,0,0,1523.68737,21.990000000187138
208.797816,1,0,0,0,1523.68567,20.290000000159125
208.997814,1,0,0,0,1523.68567,20.290000000159125
209.197812,1,0,0,0,1523.68756,22.18000000016218
209.39781,1,0,0,0,1523.68925,23.869999999988067
209.597807,1,0,0,0,1523.68586,20.48000000013417
209.797805,1,0,0,0,1523.68567,20.290000000159125
209.997803,1,0,0,0,1523.68756,22.18000000016218
210.197801,1,0,0,0,1523.68567,20.290000000159125
210.397799,1,0,0,0,1523.68737,21.990000000187138
210.597797,1,0,0,0,1523.68925,23.869999999988067
210.797795,1,0,0,0,1523.68737,21.990000000187138
210.997793,1,0,0,0,1523.68737,21.990000000187138
211.197791,1,0,0,0,1523.68567,20.290000000159125
211.397789,1,0,0,0,1523.68737,21.990000000187138
211.597786,1,0,0,0,1523.68567,20.290000000159125
211.797784,1,0,0,0,1523.68737,21.990000000187138
211.997782,1,0,0,0,1523.68774,22.360000000162472
212.19778,1,0,0,0,1523.68925,23.869999999988067
212.397778,1,0,0,0,1523.68944,24.060000000190485
212.597776,1,0,0,0,1523.68774,22.360000000162472
212.797774,1,0,0,0,1523.68925,23.869999999988067
212.997772,1,0,0,0,1523.68925,23.869999999988067
213.19777,1,0,0,0,1523.68925,23.869999999988067
213.397768,1,0,0,0,1523.68925,23.869999999988067
213.597766,1,0,0,0,1523.68944,24.060000000190485
213.797764,1,0,0,0,1523.68756,22.18000000016218
213.997761,1,0,0,0,1523.68925,23.869999999988067
214.197759,1,0,0,0,1523.68755,22.17000000018743
214.397757,1,0,0,0,1523.68925,23.869999999988067
214.597755,1,0,0,0,1523.69114,25.759999999991123
214.797753,1,0,0,0,1523.68756,22.18000000016218
214.997751,1,0,0,0,1523.68925,23.869999999988067
215.197749,1,0,0,0,1523.68925,23.869999999988067
215.397747,1,0,0,0,1523.68774,22.360000000162472
215.597745,1,0,0,0,1523.68925,23.869999999988067
215.797743,1,0,0,0,1523.68756,22.18000000016218
215.997741,1,0,0,0,1523.68756,22.18000000016218
216.197738,1,0,0,0,1523.68944,24.060000000190485
216.397736,1,0,0,0,1523.68586,20.48000000013417
216.597734,1,0,0,0,1523.68925,23.869999999988067
216.797732,1,0,0,0,1523.68567,20.290000000159125
216.99773,1,0,0,0,1523.68755,22.17000000018743
217.197728,1,0,0,0,1523.68567,20.290000000159125
217.397726,1,0,0,0,1523.68944,24.060000000190485
217.597724,1,0,0,0,1523.68755,22.17000000018743
217.797722,1,0,0,0,1523.68925,23.869999999988067
217.99772,1,0,0,0,1523.68925,23.869999999988067
218.197718,1,0,0,0,1523.68604,20.66000000013446
218.397715,1,0,0,0,1523.68906,23.680000000013024
218.597713,1,0,0,0,1523.68737,21.990000000187138
218.797711,1,0,0,0,1523.68755,22.17000000018743
218.997709,1,0,0,0,1523.69114,25.759999999991123
219.197707,1,0,0,0,1523.68755,22.17000000018743
219.397705,1,0,0,0,1523.68925,23.869999999988067
219.597703,1,0,0,0,1523.68944,24.060000000190485
219.797701,1,0,0,0,1523.68944,24.060000000190485
219.997699,1,0,0,0,1523.68944,24.060000000190485
220.197697,1,0,0,0,1523.69114,25.759999999991123
220.397695,1,0,0,0,1523.68906,23.680000000013024
220.597692,1,0,0,0,1523.68944,24.060000000190485
220.79769,1,0,0,0,1523.68944,24.060000000190485
220.997688,1,0,0,0,1523.68944,24.060000000190485
221.197686,1,0,0,0,1523.68944,24.060000000190485
221.397684,1,0,0,0,1523.68925,23.869999999988067
221.597682,1,0,0,0,1523.68944,24.060000000190485
221.79768,1,0,0,0,1523.68925,23.869999999988067
221.997678,1,0,0,0,1523.68944,24.060000000190485
222.197676,1,0,0,0,1523.68944,24.060000000190485
222.397674,1,0,0,0,1523.69114,25.759999999991123
222.597672,1,0,0,0,1523.68944,24.060000000190485
222.797669,1,0,0,0,1523.69114,25.759999999991123
222.997667,1,0,0,0,1523.68925,23.869999999988067
223.197665,1,0,0,0,1523.68944,24.060000000190485
223.397663,1,0,0,0,1523.68944,24.060000000190485
223.597661,1,0,0,0,1523.69113,25.75000000001637
223.797659,1,0,0,0,1523.68944,24.060000000190485
223.997657,1,0,0,0,1523.69113,25.75000000001637
224.197655,1,0,0,0,1523.68925,23.869999999988067
224.397653,1,0,0,0,1523.68944,24.060000000190485
224.597651,1,0,0,0,1523.68944,24.060000000190485
224.797648,1,0,0,0,1523.68925,23.869999999988067
224.997646,1,0,0,0,1523.69114,25.759999999991123
225.197644,1,0,0,0,1523.68944,24.060000000190485
225.397642,1,0,0,0,1523.68944,24.060000000190485
225.59764,1,0,0,0,1523.69114,25.759999999991123
225.797638,1,0,0,0,1523.68925,23.869999999988067
225.997636,1,0,0,0,1523.69133,25.95000000019354
226.197634,1,0,0,0,1523.68755,22.17000000018743
226.397632,1,0,0,0,1523.69114,25.759999999991123
226.59763,1,0,0,0,1523.68944,24.060000000190485
226.797628,1,0,0,0,1523.68944,24.060000000190485
226.997626,1,0,0,0,1523.69114,25.759999999991123
227.197623,1,0,0,0,1523.69114,25.759999999991123
227.397621,1,0,0,0,1523.68944,24.060000000190485
227.597619,1,0,0,0,1523.69114,25.759999999991123
227.797617,1,0,0,0,1523.68925,23.869999999988067
227.997615,1,0,0,0,1523.68925,23.869999999988067
228.197613,1,0,0,0,1523.69095,25.57000000001608
228.397611,1,0,0,0,1523.69114,25.759999999991123
228.597609,1,0,0,0,1523.69114,25.759999999991123
228.797607,1,0,0,0,1523.69114,25.759999999991123
228.997605,1,0,0,0,1523.69114,25.759999999991123
229.197603,1,0,0,0,1523.69114,25.759999999991123
229.3976,1,0,0,0,1523.69114,25.759999999991123
229.597598,1,0,0,0,1523.69114,25.759999999991123
229.797596,1,0,0,0,1523.69114,25.759999999991123
229.997594,1,0,0,0,1523.69114,25.759999999991123
230.197592,1,0,0,0,1523.69133,25.95000000019354
230.39759,1,0,0,0,1523.69114,25.759999999991123
230.597588,1,0,0,0,1523.69114,25.759999999991123
230.797586,1,0,0,0,1523.69284,27.460000000019136
230.997584,1,0,0,0,1523.69303,27.64999999999418
231.197582,1,0,0,0,1523.69284,27.460000000019136
231.39758,1,0,0,0,1523.69133,25.95000000019354
231.597578,1,0,0,0,1523.69114,25.759999999991123
231.797575,1,0,0,0,1523.69284,27.460000000019136
231.997573,1,0,0,0,1523.69114,25.759999999991123
232.197571,1,0,0,0,1523.68944,24.060000000190485
232.397569,1,0,0,0,1523.69114,25.759999999991123
232.597567,1,0,0,0,1523.69114,25.759999999991123
232.797565,1,0,0,0,1523.69284,27.460000000019136
232.997563,1,0,0,0,1523.69114,25.759999999991123
233.197561,1,0,0,0,1523.69114,25.759999999991123
233.397559,1,0,0,0,1523.69114,25.759999999991123
233.597557,1,0,0,0,1523.69284,27.460000000019136
233.797554,1,0,0,0,1523.69114,25.759999999991123
233.997553,1,0,0,0,1523.68944,24.060000000190485
234.19755,1,0,0,0,1523.69114,25.759999999991123
234.397548,1,0,0,0,1523.69303,27.64999999999418
234.597546,1,0,0,0,1523.69114,25.759999999991123
234.797544,1,0,0,0,1523.69114,25.759999999991123
234.997542,1,0,0,0,1523.69284,27.460000000019136
235.19754,1,0,0,0,1523.69114,25.759999999991123
235.397538,1,0,0,0,1523.69114,25.759999999991123
235.597536,1,0,0,0,1523.69114,25.759999999991123
235.797534,1,0,0,0,1523.68925,23.869999999988067
235.997532,1,0,0,0,1523.69284,27.460000000019136
236.19753,1,0,0,0,1523.69114,25.759999999991123
236.397527,1,0,0,0,1523.69303,27.64999999999418
236.597525,1,0,0,0,1523.68944,24.060000000190485
236.797523,1,0,0,0,1523.69114,25.759999999991123
236.997521,1,0,0,0,1523.69284,27.460000000019136
237.197519,1,0,0,0,1523.69114,25.759999999991123
237.397517,1,0,0,0,1523.69284,27.460000000019136
237.597515,1,0,0,0,1523.69114,25.759999999991123
237.797513,1,0,0,0,1523.69114,25.759999999991123
237.997511,1,0,0,0,1523.69114,25.759999999991123
238.197509,1,0,0,0,1523.69303,27.64999999999418
238.397506,1,0,0,0,1523.69284,27.460000000019136
238.597504,1,0,0,0,1523.69284,27.460000000019136
238.797502,1,0,0,0,1523.69114,25.759999999991123
238.9975,1,0,0,0,1523.69114,25.759999999991123
239.197498,1,0,0,0,1523.69114,25.759999999991123
239.397496,1,0,0,0,1523.69114,25.759999999991123
239.597494,1,0,0,0,1523.69473,29.35000000002219
239.797492,1,0,0,0,1523.69114,25.759999999991123
239.99749,1,0,0,0,1523.69284,27.460000000019136
240.197489,1,0,0,0,1523.69114,25.759999999991123
240.397486,1,0,0,0,1523.69303,27.64999999999418
240.597484,1,0,0,0,1523.69114,25.759999999991123
240.797482,1,0,0,0,1523.69114,25.759999999991123
240.997479,1,0,0,0,1523.69114,25.759999999991123
241.197477,1,0,0,0,1523.69284,27.460000000019136
241.397475,1,0,0,0,1523.69114,25.759999999991123
241.597473,1,0,0,0,1523.69284,27.460000000019136
241.797471,1,0,0,0,1523.69303,27.64999999999418
241.997469,1,0,0,0,1523.69114,25.759999999991123
242.197467,1,0,0,0,1523.69284,27.460000000019136
242.397465,1,0,0,0,1523.69133,25.95000000019354
242.597463,1,0,0,0,1523.69114,25.759999999991123
242.79746,1,0,0,0,1523.69284,27.460000000019136
242.997458,1,0,0,0,1523.69322,27.840000000196596
243.197456,1,0,0,0,1523.69303,27.64999999999418
243.397454,1,0,0,0,1523.69133,25.95000000019354
243.597452,1,0,0,0,1523.69473,29.35000000002219
243.79745,1,0,0,0,1523.69492,29.539999999997235
243.997448,1,0,0,0,1523.69284,27.460000000019136
244.197446,1,0,0,0,1523.69114,25.759999999991123
244.397444,1,0,0,0,1523.69473,29.35000000002219
244.597442,1,0,0,0,1523.69492,29.539999999997235
244.79744,1,0,0,0,1523.69454,29.160000000047148
244.997437,1,0,0,0,1523.69473,29.35000000002219
245.197435,1,0,0,0,1523.69114,25.759999999991123
245.397433,1,0,0,0,1523.69511,29.730000000199652
245.597431,1,0,0,0,1523.69303,27.64999999999418
245.797429,1,0,0,0,1523.69303,27.64999999999418
245.997427,1,0,0,0,1523.69303,27.64999999999418
246.197425,1,0,0,0,1523.69473,29.35000000002219
246.397423,1,0,0,0,1523.69681,31.43000000000029
246.597421,1,0,0,0,1523.69303,27.64999999999418
246.797419,1,0,0,0,1523.69133,25.95000000019354
246.997417,1,0,0,0,1523.69473,29.35000000002219
247.197415,1,0,0,0,1523.69492,29.539999999997235
247.397413,1,0,0,0,1523.69492,29.539999999997235
247.59741,1,0,0,0,1523.69284,27.460000000019136
247.797408,1,0,0,0,1523.69303,27.64999999999418
247.997406,1,0,0,0,1523.69133,25.95000000019354
248.197404,1,0,0,0,1523.69473,29.35000000002219
248.397402,1,0,0,0,1523.69473,29.35000000002219
248.5974,1,0,0,0,1523.69133,25.95000000019354
248.797398,1,0,0,0,1523.69492,29.539999999997235
248.997396,1,0,0,0,1523.69284,27.460000000019136
249.197394,1,0,0,0,1523.69114,25.759999999991123
249.397392,1,0,0,0,1523.69303,27.64999999999418
249.597389,1,0,0,0,1523.69303,27.64999999999418
249.797388,1,0,0,0,1523.69492,29.539999999997235
249.997385,1,0,0,0,1523.69285,27.469999999993888
250.197383,1,0,0,0,1523.69322,27.840000000196596
250.397381,1,0,0,0,1523.69096,25.579999999990832
250.597379,1,0,0,0,1523.69473,29.35000000002219
250.797377,1,0,0,0,1523.69473,29.35000000002219
250.997375,1,0,0,0,1523.69473,29.35000000002219
251.197373,1,0,0,0,1523.69473,29.35000000002219
251.397371,1,0,0,0,1523.69303,27.64999999999418
251.597368,1,0,0,0,1523.69284,27.460000000019136
251.797366,1,0,0,0,1523.69473,29.35000000002219
251.997364,1,0,0,0,1523.69662,31.240000000025248
252.197362,1,0,0,0,1523.69285,27.469999999993888
252.39736,1,0,0,0,1523.69473,29.35000000002219
252.597358,1,0,0,0,1523.69662,31.240000000025248
252.797356,1,0,0,0,1523.69511,29.730000000199652
252.997354,1,0,0,0,1523.69851,33.1300000000283
253.197352,1,0,0,0,1523.69454,29.160000000047148
253.39735,1,0,0,0,1523.69511,29.730000000199652
253.597348,1,0,0,0,1523.69492,29.539999999997235
253.797346,1,0,0,0,1523.69492,29.539999999997235
253.997344,1,0,0,0,1523.69473,29.35000000002219
254.197341,1,0,0,0,1523.69492,29.539999999997235
254.397339,1,0,0,0,1523.69322,27.840000000196596
254.597337,1,0,0,0,1523.69473,29.35000000002219
254.797335,1,0,0,0,1523.69473,29.35000000002219
254.997333,1,0,0,0,1523.69473,29.35000000002219
255.197331,1,0,0,0,1523.69304,27.660000000196305
255.397329,1,0,0,0,1523.69492,29.539999999997235
255.597327,1,0,0,0,1523.69492,29.539999999997235
255.797325,1,0,0,0,1523.69473,29.35000000002219
255.997323,1,0,0,0,1523.69492,29.539999999997235
256.19732,1,0,0,0,1523.69492,29.539999999997235
256.397318,1,0,0,0,1523.69492,29.539999999997235
256.597317,1,0,0,0,1523.69681,31.43000000000029
256.797314,1,0,0,0,1523.69681,31.43000000000029
256.997312,1,0,0,0,1523.69681,31.43000000000029
257.19731,1,0,0,0,1523.69492,29.539999999997235
257.397308,1,0,0,0,1523.69662,31.240000000025248
257.597306,1,0,0,0,1523.69493,29.55000000019936
257.797304,1,0,0,0,1523.69662,31.240000000025248
257.997302,1,0,0,0,1523.69662,31.240000000025248
258.1973,1,0,0,0,1523.69663,31.25
258.397297,1,0,0,0,1523.69512,29.740000000174405
258.597296,1,0,0,0,1523.69682,31.439999999975043
258.797293,1,0,0,0,1523.69455,29.1700000000219
258.997291,1,0,0,0,1523.69663,31.25
259.197289,1,0,0,0,1523.69493,29.55000000019936
259.397287,1,0,0,0,1523.69833,32.95000000002801
259.597285,1,0,0,0,1523.69682,31.439999999975043
259.797283,1,0,0,0,1523.69493,29.55000000019936
259.997281,1,0,0,0,1523.69512,29.740000000174405
260.197279,1,0,0,0,1523.69682,31.439999999975043
260.397277,1,0,0,0,1523.69663,31.25
260.597275,1,0,0,0,1523.69512,29.740000000174405
260.797272,1,0,0,0,1523.69512,29.740000000174405
260.99727,1,0,0,0,1523.69644,31.060000000024957
261.197268,1,0,0,0,1523.69493,29.55000000019936
261.397266,1,0,0,0,1523.69851,33.1300000000283
261.597264,1,0,0,0,1523.69663,31.25
261.797262,1,0,0,0,1523.69682,31.439999999975043
261.99726,1,0,0,0,1523.69474,29.359999999996944
262.197258,1,0,0,0,1523.69493,29.55000000019936
262.397256,1,0,0,0,1523.69682,31.439999999975043
262.597254,1,0,0,0,1523.69682,31.439999999975043
262.797252,1,0,0,0,1523.69852,33.140000000003056
262.99725,1,0,0,0,1523.69493,29.55000000019936
263.197248,1,0,0,0,1523.69493,29.55000000019936
263.397245,1,0,0,0,1523.69682,31.439999999975043
263.597243,1,0,0,0,1523.69474,29.359999999996944
263.797241,1,0,0,0,1523.69682,31.439999999975043
263.997239,1,0,0,0,1523.69663,31.25
264.197237,1,0,0,0,1523.69644,31.060000000024957
264.397235,1,0,0,0,1523.69663,31.25
264.597233,1,0,0,0,1523.69663,31.25
264.797231,1,0,0,0,1523.69663,31.25
264.997229,1,0,0,0,1523.69663,31.25
265.197227,1,0,0,0,1523.69663,31.25
265.397224,1,0,0,0,1523.69663,31.25
265.597222,1,0,0,0,1523.69512,29.740000000174405
265.79722,1,0,0,0,1523.69682,31.439999999975043
265.997218,1,0,0,0,1523.69833,32.95000000002801
266.197216,1,0,0,0,1523.69682,31.439999999975043
266.397214,1,0,0,0,1523.69682,31.439999999975043
266.597212,1,0,0,0,1523.69663,31.25
266.79721,1,0,0,0,1523.69833,32.95000000002801
266.997208,1,0,0,0,1523.69833,32.95000000002801
267.197206,1,0,0,0,1523.69852,33.140000000003056
267.397203,1,0,0,0,1523.69663,31.25
267.597202,1,0,0,0,1523.69663,31.25
267.797199,1,0,0,0,1523.69682,31.439999999975043
267.997197,1,0,0,0,1523.69852,33.140000000003056
268.197195,1,0,0,0,1523.69494,29.560000000174114
268.397193,1,0,0,0,1523.69853,33.14999999997781
268.597191,1,0,0,0,1523.69683,31.45000000017717
268.797189,1,0,0,0,1523.69834,32.960000000002765
268.997187,1,0,0,0,1523.69683,31.45000000017717
269.197185,1,0,0,0,1523.69853,33.14999999997781
269.397183,1,0,0,0,1523.69853,33.14999999997781
269.597181,1,0,0,0,1523.69664,31.259999999974752
269.797179,1,0,0,0,1523.69853,33.14999999997781
269.997176,1,0,0,0,1523.69683,31.45000000017717
270.197174,1,0,0,0,1523.69853,33.14999999997781
270.397172,1,0,0,0,1523.69853,33.14999999997781
270.59717,1,0,0,0,1523.69853,33.14999999997781
270.797168,1,0,0,0,1523.69834,32.960000000002765
270.997166,1,0,0,0,1523.69664,31.259999999974752
271.197164,1,0,0,0,1523.69834,32.960000000002765
271.397162,1,0,0,0,1523.69834,32.960000000002765
271.59716,1,0,0,0,1523.69683,31.45000000017717
271.797158,1,0,0,0,1523.69683,31.45000000017717
271.997156,1,0,0,0,1523.69664,31.259999999974752
272.197154,1,0,0,0,1523.69853,33.14999999997781
272.397151,1,0,0,0,1523.69853,33.14999999997781
272.597149,1,0,0,0,1523.69853,33.14999999997781
272.797147,1,0,0,0,1523.70042,35.039999999980864
272.997145,1,0,0,0,1523.69683,31.45000000017717
273.197143,1,0,0,0,1523.70004,34.66000000003078
273.397141,1,0,0,0,1523.70042,35.039999999980864
273.597139,1,0,0,0,1523.70023,34.85000000000582
273.797137,1,0,0,0,1523.70023,34.85000000000582
273.997135,1,0,0,0,1523.69872,33.340000000180225
274.197133,1,0,0,0,1523.70212,36.74000000000888
274.39713,1,0,0,0,1523.69834,32.960000000002765
274.597128,1,0,0,0,1523.70042,35.039999999980864
274.797127,1,0,0,0,1523.70042,35.039999999980864
274.997124,1,0,0,0,1523.70042,35.039999999980864
275.197122,1,0,0,0,1523.70023,34.85000000000582
275.39712,1,0,0,0,1523.69853,33.14999999997781
275.597118,1,0,0,0,1523.70023,34.85000000000582
275.797116,1,0,0,0,1523.70004,34.66000000003078
275.997114,1,0,0,0,1523.69853,33.14999999997781
276.197112,1,0,0,0,1523.70042,35.039999999980864
276.39711,1,0,0,0,1523.70231,36.92999999998392
276.597107,1,0,0,0,1523.69853,33.14999999997781
276.797105,1,0,0,0,1523.70042,35.039999999980864
276.997103,1,0,0,0,1523.70023,34.85000000000582
277.197101,1,0,0,0,1523.70042,35.039999999980864
277.397099,1,0,0,0,1523.69834,32.960000000002765
277.597097,1,0,0,0,1523.70023,34.85000000000582
277.797095,1,0,0,0,1523.70023,34.85000000000582
277.997093,1,0,0,0,1523.70023,34.85000000000582
278.197091,1,0,0,0,1523.69853,33.14999999997781
278.397089,1,0,0,0,1523.70231,36.92999999998392
278.597086,1,0,0,0,1523.69853,33.14999999997781
278.797085,1,0,0,0,1523.70042,35.039999999980864
278.997082,1,0,0,0,1523.70061,35.23000000018328
279.19708,1,0,0,0,1523.70004,34.66000000003078
279.397078,1,0,0,0,1523.70023,34.85000000000582
279.597076,1,0,0,0,1523.69853,33.14999999997781
279.797074,1,0,0,0,1523.70042,35.039999999980864
279.997072,1,0,0,0,1523.69853,33.14999999997781
280.19707,1,0,0,0,1523.69853,33.14999999997781
280.397068,1,0,0,0,1523.70042,35.039999999980864
280.597066,1,0,0,0,1523.70042,35.039999999980864
280.797064,1,0,0,0,1523.70042,35.039999999980864
280.997061,1,0,0,0,1523.70023,34.85000000000582
281.197059,1,0,0,0,1523.70005,34.67000000000553
281.397057,1,0,0,0,1523.69835,32.96999999997752
281.597055,1,0,0,0,1523.70042,35.039999999980864
281.797053,1,0,0,0,1523.69853,33.14999999997781
281.997051,1,0,0,0,1523.70024,34.85999999998057
282.197049,1,0,0,0,1523.70042,35.039999999980864
282.397047,1,0,0,0,1523.70042,35.039999999980864
282.597045,1,0,0,0,1523.69684,31.460000000151922
282.797043,1,0,0,0,1523.70024,34.85999999998057
282.997041,1,0,0,0,1523.69835,32.96999999997752
283.197039,1,0,0,0,1523.70024,34.85999999998057
283.397037,1,0,0,0,1523.70212,36.74000000000888
283.597034,1,0,0,0,1523.69854,33.160000000179934
283.797032,1,0,0,0,1523.70212,36.74000000000888
283.99703,1,0,0,0,1523.70024,34.85999999998057
284.197028,1,0,0,0,1523.70043,35.05000000018299
284.397026,1,0,0,0,1523.70024,34.85999999998057
284.597024,1,0,0,0,1523.70024,34.85999999998057
284.797022,1,0,0,0,1523.70043,35.05000000018299
284.99702,1,0,0,0,1523.70043,35.05000000018299
285.197018,1,0,0,0,1523.69873,33.35000000015498
285.397016,1,0,0,0,1523.70024,34.85999999998057
285.597013,1,0,0,0,1523.70062,35.240000000158034
285.797011,1,0,0,0,1523.69854,33.160000000179934
285.997009,1,0,0,0,1523.70043,35.05000000018299
286.197007,1,0,0,0,1523.69854,33.160000000179934
286.397005,1,0,0,0,1523.70043,35.05000000018299
286.597003,1,0,0,0,1523.70043,35.05000000018299
286.797001,1,0,0,0,1523.69835,32.96999999997752
286.996999,1,0,0,0,1523.70043,35.05000000018299
287.196997,1,0,0,0,1523.70043,35.05000000018299
287.396995,1,0,0,0,1523.70043,35.05000000018299
287.596993,1,0,0,0,1523.70213,36.74999999998363
287.79699,1,0,0,0,1523.70043,35.05000000018299
287.996989,1,0,0,0,1523.70043,35.05000000018299
288.196986,1,0,0,0,1523.70062,35.240000000158034
288.396984,1,0,0,0,1523.70043,35.05000000018299
288.596982,1,0,0,0,1523.70213,36.74999999998363
288.79698,1,0,0,0,1523.70043,35.05000000018299
288.996978,1,0,0,0,1523.70213,36.74999999998363
289.196976,1,0,0,0,1523.70213,36.74999999998363
289.396974,1,0,0,0,1523.69855,33.17000000015469
289.596972,1,0,0,0,1523.70043,35.05000000018299
289.79697,1,0,0,0,1523.70043,35.05000000018299
289.996968,1,0,0,0,1523.70043,35.05000000018299
290.196966,1,0,0,0,1523.70232,36.940000000186046
290.396964,1,0,0,0,1523.70043,35.05000000018299
290.596961,1,0,0,0,1523.70043,35.05000000018299
290.796959,1,0,0,0,1523.70043,35.05000000018299
290.996957,1,0,0,0,1523.70213,36.74999999998363
291.196955,1,0,0,0,1523.70383,38.45000000001164
291.396953,1,0,0,0,1523.70024,34.85999999998057
291.596951,1,0,0,0,1523.70043,35.05000000018299
291.796949,1,0,0,0,1523.70043,35.05000000018299
291.996947,1,0,0,0,1523.70213,36.74999999998363
292.196944,1,0,0,0,1523.69854,33.160000000179934
292.396942,1,0,0,0,1523.70232,36.940000000186046
292.596941,1,0,0,0,1523.70062,35.240000000158034
292.796938,1,0,0,0,1523.70024,34.85999999998057
292.996936,1,0,0,0,1523.69854,33.160000000179934
293.196934,1,0,0,0,1523.70043,35.05000000018299
293.396932,1,0,0,0,1523.69873,33.35000000015498
293.59693,1,0,0,0,1523.70213,36.74999999998363
293.796928,1,0,0,0,1523.70572,40.3400000000147
293.996926,1,0,0,0,1523.70213,36.74999999998363
294.196924,1,0,0,0,1523.70232,36.940000000186046
294.396922,1,0,0,0,1523.70232,36.940000000186046
294.59692,1,0,0,0,1523.70232,36.940000000186046
294.796918,1,0,0,0,1523.70232,36.940000000186046
294.996915,1,0,0,0,1523.70213,36.74999999998363
295.196913,1,0,0,0,1523.70213,36.74999999998363
295.396911,1,0,0,0,1523.70213,36.74999999998363
295.596909,1,0,0,0,1523.70232,36.940000000186046
295.796907,1,0,0,0,1523.70062,35.240000000158034
295.996905,1,0,0,0,1523.70232,36.940000000186046
296.196903,1,0,0,0,1523.70232,36.940000000186046
296.396901,1,0,0,0,1523.70213,36.74999999998363
296.596899,1,0,0,0,1523.70232,36.940000000186046
296.796897,1,0,0,0,1523.70043,35.05000000018299
296.996894,1,0,0,0,1523.70232,36.940000000186046
297.196892,1,0,0,0,1523.70213,36.74999999998363
297.39689,1,0,0,0,1523.70232,36.940000000186046
297.596888,1,0,0,0,1523.70213,36.74999999998363
297.796886,1,0,0,0,1523.70383,38.45000000001164
297.996884,1,0,0,0,1523.70232,36.940000000186046
298.196882,1,0,0,0,1523.70043,35.05000000018299
298.39688,1,0,0,0,1523.70383,38.45000000001164
298.596878,1,0,0,0,1523.70062,35.240000000158034
298.796876,1,0,0,0,1523.70043,35.05000000018299
298.996874,1,0,0,0,1523.70043,35.05000000018299
299.196872,1,0,0,0,1523.70025,34.8700000001827
299.396869,1,0,0,0,1523.70233,36.9500000001608
299.596868,1,0,0,0,1523.70233,36.9500000001608
299.796865,1,0,0,0,1523.70233,36.9500000001608
299.996863,1,0,0,0,1523.70043,35.05000000018299
300.196861,1,0,0,0,1523.70421,38.8300000001891
300.396859,1,0,0,0,1523.70232,36.940000000186046
300.596857,1,0,0,0,1523.70402,38.639999999986685
300.796855,1,0,0,0,1523.70233,36.9500000001608
300.996853,1,0,0,0,1523.70233,36.9500000001608
301.196851,1,0,0,0,1523.70384,38.459999999986394
301.396848,1,0,0,0,1523.70233,36.9500000001608
301.596847,1,0,0,0,1523.70233,36.9500000001608
301.796844,1,0,0,0,1523.70214,36.760000000185755
301.996842,1,0,0,0,1523.70384,38.459999999986394
302.19684,1,0,0,0,1523.70384,38.459999999986394
302.396838,1,0,0,0,1523.70384,38.459999999986394
302.596836,1,0,0,0,1523.70403,38.65000000018881
302.796834,1,0,0,0,1523.70403,38.65000000018881
302.996832,1,0,0,0,1523.70214,36.760000000185755
303.19683,1,0,0,0,1523.70384,38.459999999986394
303.396828,1,0,0,0,1523.70044,35.06000000015774
303.596826,1,0,0,0,1523.70591,40.52999999998974
303.796824,1,0,0,0,1523.70403,38.65000000018881
303.996822,1,0,0,0,1523.70214,36.760000000185755
304.196819,1,0,0,0,1523.70214,36.760000000185755
304.396817,1,0,0,0,1523.70384,38.459999999986394
304.596815,1,0,0,0,1523.70403,38.65000000018881
304.796813,1,0,0,0,1523.70422,38.840000000163855
304.996811,1,0,0,0,1523.70384,38.459999999986394
305.196809,1,0,0,0,1523.70233,36.9500000001608
305.396807,1,0,0,0,1523.70403,38.65000000018881
305.596805,1,0,0,0,1523.70233,36.9500000001608
305.796803,1,0,0,0,1523.70214,36.760000000185755
305.9968,1,0,0,0,1523.70384,38.459999999986394
306.196799,1,0,0,0,1523.70233,36.9500000001608
306.396796,1,0,0,0,1523.70403,38.65000000018881
306.596794,1,0,0,0,1523.70233,36.9500000001608
306.796792,1,0,0,0,1523.70384,38.459999999986394
306.99679,1,0,0,0,1523.70214,36.760000000185755
307.196788,1,0,0,0,1523.70403,38.65000000018881
307.396786,1,0,0,0,1523.70384,38.459999999986394
307.596784,1,0,0,0,1523.70573,40.34999999998945
307.796782,1,0,0,0,1523.70403,38.65000000018881
307.99678,1,0,0,0,1523.70384,38.459999999986394
308.196778,1,0,0,0,1523.70233,36.9500000001608
308.396775,1,0,0,0,1523.70214,36.760000000185755
308.596773,1,0,0,0,1523.70214,36.760000000185755
308.796771,1,0,0,0,1523.70044,35.06000000015774
308.996769,1,0,0,0,1523.70403,38.65000000018881
309.196767,1,0,0,0,1523.70233,36.9500000001608
309.396765,1,0,0,0,1523.70196,36.580000000185464
309.596763,1,0,0,0,1523.70384,38.459999999986394
309.796761,1,0,0,0,1523.70403,38.65000000018881
309.996759,1,0,0,0,1523.70592,40.54000000019187
310.196757,1,0,0,0,1523.70403,38.65000000018881
310.396755,1,0,0,0,1523.70403,38.65000000018881
310.596752,1,0,0,0,1523.70403,38.65000000018881
310.796751,1,0,0,0,1523.70573,40.34999999998945
310.996748,1,0,0,0,1523.70403,38.65000000018881
311.196746,1,0,0,0,1523.70384,38.459999999986394
311.396744,1,0,0,0,1523.70573,40.34999999998945
311.596742,1,0,0,0,1523.70762,42.239999999992506
311.79674,1,0,0,0,1523.70234,36.96000000013555
311.996738,1,0,0,0,1523.70573,40.34999999998945
312.196736,1,0,0,0,1523.70404,38.66000000016356
312.396734,1,0,0,0,1523.70385,38.47000000018852
312.596732,1,0,0,0,1523.70592,40.54000000019187
312.79673,1,0,0,0,1523.70574,40.360000000191576
312.996727,1,0,0,0,1523.70404,38.66000000016356
313.196725,1,0,0,0,1523.70404,38.66000000016356
313.396723,1,0,0,0,1523.70404,38.66000000016356
313.596721,1,0,0,0,1523.70592,40.54000000019187
313.796719,1,0,0,0,1523.70574,40.360000000191576
313.996717,1,0,0,0,1523.70404,38.66000000016356
314.196715,1,0,0,0,1523.70404,38.66000000016356
314.396713,1,0,0,0,1523.70404,38.66000000016356
314.596711,1,0,0,0,1523.70215,36.77000000016051
314.796709,1,0,0,0,1523.70574,40.360000000191576
314.996706,1,0,0,0,1523.70762,42.239999999992506
315.196704,1,0,0,0,1523.70574,40.360000000191576
315.396703,1,0,0,0,1523.70404,38.66000000016356
315.5967,1,0,0,0,1523.70593,40.55000000016662
315.796698,1,0,0,0,1523.70593,40.55000000016662
315.996696,1,0,0,0,1523.70593,40.55000000016662
316.196694,1,0,0,0,1523.70404,38.66000000016356
316.396692,1,0,0,0,1523.70574,40.360000000191576
316.59669,1,0,0,0,1523.70593,40.55000000016662
316.796688,1,0,0,0,1523.70781,42.43000000019492
316.996686,1,0,0,0,1523.70593,40.55000000016662
317.196684,1,0,0,0,1523.70574,40.360000000191576
317.396682,1,0,0,0,1523.70952,44.14000000019769
317.596679,1,0,0,0,1523.70574,40.360000000191576
317.796677,1,0,0,0,1523.70593,40.55000000016662
317.996675,1,0,0,0,1523.70555,40.16999999998916
318.196673,1,0,0,0,1523.70763,42.25000000019463
318.396671,1,0,0,0,1523.70574,40.360000000191576
318.596669,1,0,0,0,1523.70612,40.74000000014166
318.796667,1,0,0,0,1523.70593,40.55000000016662
318.996665,1,0,0,0,1523.70593,40.55000000016662
319.196663,1,0,0,0,1523.70593,40.55000000016662
319.396661,1,0,0,0,1523.70763,42.25000000019463
319.596658,1,0,0,0,1523.70763,42.25000000019463
319.796656,1,0,0,0,1523.70763,42.25000000019463
319.996654,1,0,0,0,1523.70782,42.440000000169675
320.196652,1,0,0,0,1523.70593,40.55000000016662
320.39665,1,0,0,0,1523.70574,40.360000000191576
320.596648,1,0,0,0,1523.70952,44.14000000019769
320.796646,1,0,0,0,1523.70593,40.55000000016662
320.996644,1,0,0,0,1523.70801,42.63000000014472
321.196642,1,0,0,0,1523.70782,42.440000000169675
321.39664,1,0,0,0,1523.70593,40.55000000016662
321.596638,1,0,0,0,1523.70593,40.55000000016662
321.796636,1,0,0,0,1523.70763,42.25000000019463
321.996634,1,0,0,0,1523.70801,42.63000000014472
322.196631,1,0,0,0,1523.70952,44.14000000019769
322.396629,1,0,0,0,1523.70763,42.25000000019463
322.596627,1,0,0,0,1523.70952,44.14000000019769
322.796625,1,0,0,0,1523.70763,42.25000000019463
322.996623,1,0,0,0,1523.70952,44.14000000019769
323.196621,1,0,0,0,1523.70593,40.55000000016662
323.396619,1,0,0,0,1523.70763,42.25000000019463
323.596617,1,0,0,0,1523.70933,43.94999999999527
323.796615,1,0,0,0,1523.70782,42.440000000169675
323.996613,1,0,0,0,1523.70782,42.440000000169675
324.19661,1,0,0,0,1523.70612,40.74000000014166
324.396609,1,0,0,0,1523.70952,44.14000000019769
324.596606,1,0,0,0,1523.70952,44.14000000019769
324.796604,1,0,0,0,1523.70782,42.440000000169675
324.996602,1,0,0,0,1523.70933,43.94999999999527
325.1966,1,0,0,0,1523.70763,42.25000000019463
325.396598,1,0,0,0,1523.70782,42.440000000169675
325.596596,1,0,0,0,1523.70782,42.440000000169675
325.796594,1,0,0,0,1523.71122,45.83999999999833
325.996592,1,0,0,0,1523.70933,43.94999999999527
326.196589,1,0,0,0,1523.70782,42.440000000169675
326.396587,1,0,0,0,1523.70782,42.440000000169675
326.596586,1,0,0,0,1523.70782,42.440000000169675
326.796583,1,0,0,0,1523.70801,42.63000000014472
326.996581,1,0,0,0,1523.71103,45.65000000002328
327.196579,1,0,0,0,1523.70763,42.25000000019463
327.396577,1,0,0,0,1523.70971,44.33000000017273
327.596575,1,0,0,0,1523.70952,44.14000000019769
327.796573,1,0,0,0,1523.70952,44.14000000019769
327.996571,1,0,0,0,1523.70952,44.14000000019769
328.196569,1,0,0,0,1523.70952,44.14000000019769
328.396567,1,0,0,0,1523.70952,44.14000000019769
328.596565,1,0,0,0,1523.70952,44.14000000019769
328.796562,1,0,0,0,1523.70933,43.94999999999527
328.99656,1,0,0,0,1523.70952,44.14000000019769
329.196558,1,0,0,0,1523.71122,45.83999999999833
329.396556,1,0,0,0,1523.70782,42.440000000169675
329.596554,1,0,0,0,1523.70952,44.14000000019769
329.796552,1,0,0,0,1523.70612,40.74000000014166
329.99655,1,0,0,0,1523.70782,42.440000000169675
330.196548,1,0,0,0,1523.70933,43.94999999999527
330.396546,1,0,0,0,1523.70782,42.440000000169675
330.596544,1,0,0,0,1523.70952,44.14000000019769
330.796542,1,0,0,0,1523.70782,42.440000000169675
330.99654,1,0,0,0,1523.70763,42.25000000019463
331.196537,1,0,0,0,1523.70782,42.440000000169675
331.396535,1,0,0,0,1523.70763,42.25000000019463
331.596533,1,0,0,0,1523.70952,44.14000000019769
331.796531,1,0,0,0,1523.70782,42.440000000169675
331.996529,1,0,0,0,1523.70783,42.45000000014443
332.196527,1,0,0,0,1523.70952,44.14000000019769
332.396525,1,0,0,0,1523.70952,44.14000000019769
332.596523,1,0,0,0,1523.70783,42.45000000014443
332.796521,1,0,0,0,1523.70952,44.14000000019769
332.996519,1,0,0,0,1523.70952,44.14000000019769
333.196517,1,0,0,0,1523.70782,42.440000000169675
333.396514,1,0,0,0,1523.70801,42.63000000014472
333.596512,1,0,0,0,1523.70801,42.63000000014472
333.79651,1,0,0,0,1523.70934,43.9600000001974
333.996508,1,0,0,0,1523.70952,44.14000000019769
334.196506,1,0,0,0,1523.70952,44.14000000019769
334.396504,1,0,0,0,1523.71292,47.54000000002634
334.596502,1,0,0,0,1523.71122,45.83999999999833
334.7965,1,0,0,0,1523.70953,44.15000000017244
334.996498,1,0,0,0,1523.70953,44.15000000017244
335.196496,1,0,0,0,1523.71123,45.84999999997308
335.396494,1,0,0,0,1523.70953,44.15000000017244
335.596492,1,0,0,0,1523.70802,42.64000000011947
335.796489,1,0,0,0,1523.70972,44.340000000147484
335.996487,1,0,0,0,1523.70953,44.15000000017244
336.196485,1,0,0,0,1523.70953,44.15000000017244
336.396483,1,0,0,0,1523.70745,42.07000000019434
336.596481,1,0,0,0,1523.70953,44.15000000017244
336.796479,1,0,0,0,1523.71123,45.84999999997308
336.996477,1,0,0,0,1523.70953,44.15000000017244
337.196475,1,0,0,0,1523.70953,44.15000000017244
337.396473,1,0,0,0,1523.70953,44.15000000017244
337.596471,1,0,0,0,1523.70783,42.45000000014443
337.796468,1,0,0,0,1523.71123,45.84999999997308
337.996466,1,0,0,0,1523.71142,46.040000000175496
338.196464,1,0,0,0,1523.70953,44.15000000017244
338.396462,1,0,0,0,1523.70972,44.340000000147484
338.59646,1,0,0,0,1523.71312,47.739999999976135
338.796458,1,0,0,0,1523.71123,45.84999999997308
338.996456,1,0,0,0,1523.70953,44.15000000017244
339.196454,1,0,0,0,1523.71142,46.040000000175496
339.396452,1,0,0,0,1523.71142,46.040000000175496
339.59645,1,0,0,0,1523.71519,49.80999999997948
339.796448,1,0,0,0,1523.71142,46.040000000175496
339.996445,1,0,0,0,1523.70953,44.15000000017244
340.196444,1,0,0,0,1523.71142,46.040000000175496
340.396441,1,0,0,0,1523.71123,45.84999999997308
340.596439,1,0,0,0,1523.70953,44.15000000017244
340.796437,1,0,0,0,1523.71311,47.73000000000138
340.996435,1,0,0,0,1523.71122,45.83999999999833
341.196433,1,0,0,0,1523.71122,45.83999999999833
341.396431,1,0,0,0,1523.71122,45.83999999999833
341.596429,1,0,0,0,1523.71141,46.02999999997337
341.796427,1,0,0,0,1523.7133,47.919999999976426
341.996425,1,0,0,0,1523.70953,44.15000000017244
342.196423,1,0,0,0,1523.71123,45.84999999997308
342.396421,1,0,0,0,1523.71123,45.84999999997308
342.596418,1,0,0,0,1523.71311,47.73000000000138
342.796416,1,0,0,0,1523.70953,44.15000000017244
342.996414,1,0,0,0,1523.71142,46.040000000175496
343.196412,1,0,0,0,1523.71123,45.84999999997308
343.39641,1,0,0,0,1523.71311,47.73000000000138
343.596408,1,0,0,0,1523.7133,47.919999999976426
343.796406,1,0,0,0,1523.71311,47.73000000000138
343.996404,1,0,0,0,1523.71293,47.55000000000109
344.196402,1,0,0,0,1523.71481,49.430000000029395
344.396399,1,0,0,0,1523.71123,45.84999999997308
344.596398,1,0,0,0,1523.71349,48.11000000017884
344.796396,1,0,0,0,1523.71142,46.040000000175496
344.996393,1,0,0,0,1523.71311,47.73000000000138
345.196391,1,0,0,0,1523.715,49.62000000000444
345.396389,1,0,0,0,1523.71142,46.040000000175496
345.596387,1,0,0,0,1523.70953,44.15000000017244
345.796385,1,0,0,0,1523.71331,47.93000000017855
345.996383,1,0,0,0,1523.70953,44.15000000017244
346.196381,1,0,0,0,1523.70953,44.15000000017244
346.396379,1,0,0,0,1523.70972,44.340000000147484
346.596377,1,0,0,0,1523.70953,44.15000000017244
346.796375,1,0,0,0,1523.71331,47.93000000017855
346.996372,1,0,0,0,1523.70953,44.15000000017244
347.196371,1,0,0,0,1523.71142,46.040000000175496
347.396368,1,0,0,0,1523.71331,47.93000000017855
347.596366,1,0,0,0,1523.71519,49.80999999997948
347.796364,1,0,0,0,1523.71142,46.040000000175496
347.996362,1,0,0,0,1523.71293,47.55000000000109
348.19636,1,0,0,0,1523.71312,47.739999999976135
348.396358,1,0,0,0,1523.70953,44.15000000017244
348.596356,1,0,0,0,1523.71104,45.659999999998035
348.796354,1,0,0,0,1523.70953,44.15000000017244
348.996352,1,0,0,0,1523.71312,47.739999999976135
349.196349,1,0,0,0,1523.71331,47.93000000017855
349.396348,1,0,0,0,1523.71123,45.84999999997308
349.596345,1,0,0,0,1523.71142,46.040000000175496
349.796343,1,0,0,0,1523.70953,44.15000000017244
349.996341,1,0,0,0,1523.71123,45.84999999997308
350.196339,1,0,0,0,1523.71142,46.040000000175496
350.396337,1,0,0,0,1523.71142,46.040000000175496
350.596335,1,0,0,0,1523.71142,46.040000000175496
350.796333,1,0,0,0,1523.71123,45.84999999997308
350.996331,1,0,0,0,1523.71142,46.040000000175496
351.196329,1,0,0,0,1523.71331,47.93000000017855
351.396327,1,0,0,0,1523.71331,47.93000000017855
351.596324,1,0,0,0,1523.71142,46.040000000175496
351.796322,1,0,0,0,1523.71312,47.739999999976135
351.99632,1,0,0,0,1523.71142,46.040000000175496
352.196318,1,0,0,0,1523.71331,47.93000000017855
352.396316,1,0,0,0,1523.71161,46.23000000015054
352.596314,1,0,0,0,1523.71123,45.84999999997308
352.796312,1,0,0,0,1523.71123,45.84999999997308
352.99631,1,0,0,0,1523.71142,46.040000000175496
353.196308,1,0,0,0,1523.7135,48.120000000153595
353.396306,1,0,0,0,1523.71331,47.93000000017855
353.596304,1,0,0,0,1523.70953,44.15000000017244
353.796302,1,0,0,0,1523.71312,47.739999999976135
353.9963,1,0,0,0,1523.71312,47.739999999976135
354.196297,1,0,0,0,1523.71312,47.739999999976135
354.396295,1,0,0,0,1523.71161,46.23000000015054
354.596293,1,0,0,0,1523.71331,47.93000000017855
354.796291,1,0,0,0,1523.71312,47.739999999976135
354.996289,1,0,0,0,1523.71293,47.55000000000109
355.196287,1,0,0,0,1523.71161,46.23000000015054
355.396285,1,0,0,0,1523.71142,46.040000000175496
355.596283,1,0,0,0,1523.71501,49.62999999997919
355.796281,1,0,0,0,1523.71501,49.62999999997919
355.996279,1,0,0,0,1523.7135,48.120000000153595
356.196276,1,0,0,0,1523.71312,47.739999999976135
356.396274,1,0,0,0,1523.71312,47.739999999976135
356.596272,1,0,0,0,1523.7135,48.120000000153595
356.79627,1,0,0,0,1523.71142,46.040000000175496
356.996268,1,0,0,0,1523.71331,47.93000000017855
357.196266,1,0,0,0,1523.71331,47.93000000017855
357.396264,1,0,0,0,1523.71331,47.93000000017855
357.596262,1,0,0,0,1523.71312,47.739999999976135
357.79626,1,0,0,0,1523.7152,49.82000000018161
357.996258,1,0,0,0,1523.71331,47.93000000017855
358.196256,1,0,0,0,1523.71312,47.739999999976135
358.396254,1,0,0,0,1523.71501,49.62999999997919
358.596251,1,0,0,0,1523.71501,49.62999999997919
358.79625,1,0,0,0,1523.7152,49.82000000018161
358.996247,1,0,0,0,1523.71331,47.93000000017855
359.196245,1,0,0,0,1523.71312,47.739999999976135
359.396243,1,0,0,0,1523.71501,49.62999999997919
359.596241,1,0,0,0,1523.7152,49.82000000018161
359.796239,1,0,0,0,1523.71124,45.860000000175205
359.996237,1,0,0,0,1523.71501,49.62999999997919
360.196235,1,0,0,0,1523.7152,49.82000000018161
360.396233,1,0,0,0,1523.71331,47.93000000017855
360.596231,1,0,0,0,1523.71539,50.01000000015665
360.796228,1,0,0,0,1523.7135,48.120000000153595
360.996227,1,0,0,0,1523.71331,47.93000000017855
361.196224,1,0,0,0,1523.71312,47.739999999976135
361.396223,1,0,0,0,1523.71501,49.62999999997919
361.59622,1,0,0,0,1523.71501,49.62999999997919
361.796218,1,0,0,0,1523.71331,47.93000000017855
361.996216,1,0,0,0,1523.71312,47.739999999976135
362.196214,1,0,0,0,1523.71312,47.739999999976135
362.396212,1,0,0,0,1523.7152,49.82000000018161
362.59621,1,0,0,0,1523.71331,47.93000000017855
362.796208,1,0,0,0,1523.71331,47.93000000017855
362.996206,1,0,0,0,1523.7135,48.120000000153595
363.196203,1,0,0,0,1523.71331,47.93000000017855
363.396201,1,0,0,0,1523.7152,49.82000000018161
363.596199,1,0,0,0,1523.71482,49.44000000000415
363.796197,1,0,0,0,1523.71312,47.739999999976135
363.996195,1,0,0,0,1523.71312,47.739999999976135
364.196193,1,0,0,0,1523.71501,49.62999999997919
364.396191,1,0,0,0,1523.71332,47.940000000153304
364.596189,1,0,0,0,1523.7152,49.82000000018161
364.796187,1,0,0,0,1523.71502,49.64000000018132
364.996185,1,0,0,0,1523.71332,47.940000000153304
365.196182,1,0,0,0,1523.71502,49.64000000018132
365.39618,1,0,0,0,1523.71502,49.64000000018132
365.596179,1,0,0,0,1523.71502,49.64000000018132
365.796176,1,0,0,0,1523.71332,47.940000000153304
365.996174,1,0,0,0,1523.71502,49.64000000018132
366.196172,1,0,0,0,1523.7152,49.82000000018161
366.39617,1,0,0,0,1523.7152,49.82000000018161
366.596168,1,0,0,0,1523.71313,47.75000000017826
366.796166,1,0,0,0,1523.71332,47.940000000153304
366.996164,1,0,0,0,1523.7152,49.82000000018161
367.196162,1,0,0,0,1523.71332,47.940000000153304
367.39616,1,0,0,0,1523.71539,50.01000000015665
367.596158,1,0,0,0,1523.7169,51.51999999998225
367.796155,1,0,0,0,1523.71332,47.940000000153304
367.996153,1,0,0,0,1523.71501,49.62999999997919
368.196151,1,0,0,0,1523.71332,47.940000000153304
368.396149,1,0,0,0,1523.71332,47.940000000153304
368.596147,1,0,0,0,1523.71539,50.01000000015665
368.796145,1,0,0,0,1523.71332,47.940000000153304
368.996143,1,0,0,0,1523.7152,49.82000000018161
369.196141,1,0,0,0,1523.71351,48.13000000012835
369.396139,1,0,0,0,1523.71671,51.3300000000072
369.596137,1,0,0,0,1523.7169,51.51999999998225
369.796135,1,0,0,0,1523.71483,49.4499999999789
369.996133,1,0,0,0,1523.71502,49.64000000018132
370.19613,1,0,0,0,1523.71351,48.13000000012835
370.396128,1,0,0,0,1523.71709,51.710000000184664
370.596126,1,0,0,0,1523.7169,51.51999999998225
370.796124,1,0,0,0,1523.71521,49.83000000015636
370.996122,1,0,0,0,1523.71672,51.339999999981956
371.19612,1,0,0,0,1523.71502,49.64000000018132
371.396118,1,0,0,0,1523.71521,49.83000000015636
371.596116,1,0,0,0,1523.7154,50.020000000131404
371.796113,1,0,0,0,1523.7186,53.22000000001026
371.996112,1,0,0,0,1523.71672,51.339999999981956
372.19611,1,0,0,0,1523.71502,49.64000000018132
372.396107,1,0,0,0,1523.71521,49.83000000015636
372.596106,1,0,0,0,1523.7169,51.51999999998225
372.796103,1,0,0,0,1523.71672,51.339999999981956
372.996101,1,0,0,0,1523.71672,51.339999999981956
373.196099,1,0,0,0,1523.71521,49.83000000015636
373.396097,1,0,0,0,1523.71709,51.710000000184664
373.596095,1,0,0,0,1523.71539,50.01000000015665
373.796093,1,0,0,0,1523.71521,49.83000000015636
373.996091,1,0,0,0,1523.71672,51.339999999981956
374.196089,1,0,0,0,1523.71502,49.64000000018132
374.396086,1,0,0,0,1523.71691,51.53000000018437
374.596084,1,0,0,0,1523.71841,53.030000000035216
374.796082,1,0,0,0,1523.7186,53.22000000001026
374.996081,1,0,0,0,1523.7169,51.51999999998225
375.196078,1,0,0,0,1523.71672,51.339999999981956
375.396076,1,0,0,0,1523.7169,51.51999999998225
375.596074,1,0,0,0,1523.7169,51.51999999998225
375.796072,1,0,0,0,1523.71521,49.83000000015636
375.99607,1,0,0,0,1523.71653,51.15000000000691
376.196068,1,0,0,0,1523.7152,49.82000000018161
376.396066,1,0,0,0,1523.71879,53.4099999999853
376.596064,1,0,0,0,1523.71539,50.01000000015665
376.796062,1,0,0,0,1523.7152,49.82000000018161
376.996059,1,0,0,0,1523.71671,51.3300000000072
377.196057,1,0,0,0,1523.7186,53.22000000001026
377.396055,1,0,0,0,1523.7169,51.51999999998225
377.596053,1,0,0,0,1523.7169,51.51999999998225
377.796051,1,0,0,0,1523.71502,49.64000000018132
377.996049,1,0,0,0,1523.7169,51.51999999998225
378.196047,1,0,0,0,1523.71502,49.64000000018132
378.396045,1,0,0,0,1523.71671,51.3300000000072
378.596043,1,0,0,0,1523.71539,50.01000000015665
378.796041,1,0,0,0,1523.7152,49.82000000018161
378.996038,1,0,0,0,1523.7169,51.51999999998225
379.196036,1,0,0,0,1523.71879,53.4099999999853
379.396034,1,0,0,0,1523.71539,50.01000000015665
379.596032,1,0,0,0,1523.71879,53.4099999999853
379.79603,1,0,0,0,1523.7186,53.22000000001026
379.996028,1,0,0,0,1523.71671,51.3300000000072
380.196026,1,0,0,0,1523.7186,53.22000000001026
380.396024,1,0,0,0,1523.71879,53.4099999999853
380.596022,1,0,0,0,1523.71879,53.4099999999853
380.79602,1,0,0,0,1523.71879,53.4099999999853
380.996018,1,0,0,0,1523.7152,49.82000000018161
381.196016,1,0,0,0,1523.7169,51.51999999998225
381.396013,1,0,0,0,1523.7169,51.51999999998225
381.596011,1,0,0,0,1523.7169,51.51999999998225
381.796009,1,0,0,0,1523.7169,51.51999999998225
381.996007,1,0,0,0,1523.7135,48.120000000153595
382.196005,1,0,0,0,1523.7152,49.82000000018161
382.396003,1,0,0,0,1523.71671,51.3300000000072
382.596001,1,0,0,0,1523.71879,53.4099999999853
382.795999,1,0,0,0,1523.7186,53.22000000001026
382.995997,1,0,0,0,1523.7186,53.22000000001026
383.195995,1,0,0,0,1523.72049,55.110000000013315
383.395993,1,0,0,0,1523.7169,51.51999999998225
383.595991,1,0,0,0,1523.7186,53.22000000001026
383.795989,1,0,0,0,1523.7186,53.22000000001026
383.995986,1,0,0,0,1523.71879,53.4099999999853
384.195984,1,0,0,0,1523.7169,51.51999999998225
384.395982,1,0,0,0,1523.71879,53.4099999999853
384.59598,1,0,0,0,1523.72067,55.290000000013606
384.795978,1,0,0,0,1523.7203,54.92000000003827
384.995976,1,0,0,0,1523.7169,51.51999999998225
385.195974,1,0,0,0,1523.7186,53.22000000001026
385.395972,1,0,0,0,1523.7169,51.51999999998225
385.59597,1,0,0,0,1523.72048,55.10000000003856
385.795968,1,0,0,0,1523.71671,51.3300000000072
385.995965,1,0,0,0,1523.71671,51.3300000000072
386.195963,1,0,0,0,1523.71671,51.3300000000072
386.395962,1,0,0,0,1523.7186,53.22000000001026
386.595959,1,0,0,0,1523.72086,55.47999999998865
386.795957,1,0,0,0,1523.7186,53.22000000001026
386.995955,1,0,0,0,1523.7186,53.22000000001026
387.195953,1,0,0,0,1523.7186,53.22000000001026
387.395951,1,0,0,0,1523.72049,55.110000000013315
387.595949,1,0,0,0,1523.71671,51.3300000000072
387.795947,1,0,0,0,1523.71879,53.4099999999853
387.995944,1,0,0,0,1523.71709,51.710000000184664
388.195942,1,0,0,0,1523.71671,51.3300000000072
388.395941,1,0,0,0,1523.71879,53.4099999999853
388.595938,1,0,0,0,1523.71671,51.3300000000072
388.795936,1,0,0,0,1523.72067,55.290000000013606
388.995934,1,0,0,0,1523.7169,51.51999999998225
389.195932,1,0,0,0,1523.7169,51.51999999998225
389.39593,1,0,0,0,1523.7186,53.22000000001026
389.595928,1,0,0,0,1523.72048,55.10000000003856
389.795926,1,0,0,0,1523.72048,55.10000000003856
389.995924,1,0,0,0,1523.72067,55.290000000013606
390.195922,1,0,0,0,1523.71879,53.4099999999853
390.39592,1,0,0,0,1523.71897,53.589999999985594
390.595918,1,0,0,0,1523.72199,56.61000000009153
390.795915,1,0,0,0,1523.71879,53.4099999999853
390.995914,1,0,0,0,1523.71879,53.4099999999853
391.195911,1,0,0,0,1523.71879,53.4099999999853
391.395909,1,0,0,0,1523.72049,55.110000000013315
391.595907,1,0,0,0,1523.72049,55.110000000013315
391.795905,1,0,0,0,1523.72218,56.800000000066575
391.995903,1,0,0,0,1523.7186,53.22000000001026
392.195901,1,0,0,0,1523.72237,56.99000000004162
392.395899,1,0,0,0,1523.7169,51.51999999998225
392.595896,1,0,0,0,1523.71841,53.030000000035216
392.795895,1,0,0,0,1523.71859,53.21000000003551
392.995893,1,0,0,0,1523.71859,53.21000000003551
393.19589,1,0,0,0,1523.71878,53.40000000001055
393.395888,1,0,0,0,1523.71897,53.589999999985594
393.595886,1,0,0,0,1523.71859,53.21000000003551
393.795884,1,0,0,0,1523.7169,51.51999999998225
393.995882,1,0,0,0,1523.71859,53.21000000003551
394.19588,1,0,0,0,1523.71859,53.21000000003551
394.395878,1,0,0,0,1523.7169,51.51999999998225
394.595876,1,0,0,0,1523.71859,53.21000000003551
394.795874,1,0,0,0,1523.71708,51.69999999998254
394.995872,1,0,0,0,1523.7169,51.51999999998225
395.195869,1,0,0,0,1523.71671,51.3300000000072
395.395867,1,0,0,0,1523.7169,51.51999999998225
395.595865,1,0,0,0,1523.7169,51.51999999998225
395.795863,1,0,0,0,1523.71708,51.69999999998254
395.995861,1,0,0,0,1523.71878,53.40000000001055
396.195859,1,0,0,0,1523.71859,53.21000000003551
396.395857,1,0,0,0,1523.71859,53.21000000003551
396.595855,1,0,0,0,1523.71859,53.21000000003551
396.795853,1,0,0,0,1523.71859,53.21000000003551
396.995851,1,0,0,0,1523.71878,53.40000000001055
397.195848,1,0,0,0,1523.71878,53.40000000001055
397.395847,1,0,0,0,1523.71501,49.62999999997919
397.595844,1,0,0,0,1523.71539,50.01000000015665
397.795842,1,0,0,0,1523.7169,51.51999999998225
397.99584,1,0,0,0,1523.7152,49.82000000018161
398.195838,1,0,0,0,1523.7152,49.82000000018161
398.395836,1,0,0,0,1523.7152,49.82000000018161
398.595834,1,0,0,0,1523.71539,50.01000000015665
398.795832,1,0,0,0,1523.71709,51.710000000184664
398.99583,1,0,0,0,1523.71652,51.14000000003216
399.195828,1,0,0,0,1523.72067,55.290000000013606
399.395826,1,0,0,0,1523.71331,47.93000000017855
399.595824,1,0,0,0,1523.71539,50.01000000015665
399.795822,1,0,0,0,1523.71671,51.3300000000072
399.995819,1,0,0,0,1523.7152,49.82000000018161
400.195817,1,0,0,0,1523.71538,50.0000000001819
400.395815,1,0,0,0,1523.71671,51.3300000000072
400.595813,1,0,0,0,1523.71671,51.3300000000072
400.795811,1,0,0,0,1523.71671,51.3300000000072
400.995809,1,0,0,0,1523.7152,49.82000000018161
401.195807,1,0,0,0,1523.7135,48.120000000153595
401.395805,1,0,0,0,1523.71671,51.3300000000072
401.595803,1,0,0,0,1523.71501,49.62999999997919
401.795801,1,0,0,0,1523.7169,51.51999999998225
401.995798,1,0,0,0,1523.71671,51.3300000000072
402.195796,1,0,0,0,1523.71652,51.14000000003216
402.395794,1,0,0,0,1523.71671,51.3300000000072
402.595792,1,0,0,0,1523.7152,49.82000000018161
402.79579,1,0,0,0,1523.71709,51.710000000184664
402.995788,1,0,0,0,1523.7152,49.82000000018161
403.195786,1,0,0,0,1523.7152,49.82000000018161
403.395784,1,0,0,0,1523.7152,49.82000000018161
403.595782,1,0,0,0,1523.71482,49.44000000000415
403.79578,1,0,0,0,1523.71124,45.860000000175205
403.995778,1,0,0,0,1523.71501,49.62999999997919
404.195776,1,0,0,0,1523.71331,47.93000000017855
404.395773,1,0,0,0,1523.71501,49.62999999997919
404.595771,1,0,0,0,1523.71331,47.93000000017855
404.795769,1,0,0,0,1523.71501,49.62999999997919
404.995767,1,0,0,0,1523.7169,51.51999999998225
405.195765,1,0,0,0,1523.71671,51.3300000000072
405.395763,1,0,0,0,1523.71671,51.3300000000072
405.595761,1,0,0,0,1523.71501,49.62999999997919
405.795759,1,0,0,0,1523.7152,49.82000000018161
405.995757,1,0,0,0,1523.71671,51.3300000000072
406.195755,1,0,0,0,1523.71671,51.3300000000072
406.395753,1,0,0,0,1523.71671,51.3300000000072
406.595751,1,0,0,0,1523.71501,49.62999999997919
406.795748,1,0,0,0,1523.71558,50.200000000131695
406.995746,1,0,0,0,1523.7152,49.82000000018161
407.195744,1,0,0,0,1523.71652,51.14000000003216
407.395742,1,0,0,0,1523.7152,49.82000000018161
407.59574,1,0,0,0,1523.71538,50.0000000001819
407.795738,1,0,0,0,1523.71671,51.3300000000072
407.995736,1,0,0,0,1523.71897,53.589999999985594
408.195734,1,0,0,0,1523.7152,49.82000000018161
408.395732,1,0,0,0,1523.7152,49.82000000018161
408.59573,1,0,0,0,1523.71671,51.3300000000072
408.795727,1,0,0,0,1523.71501,49.62999999997919
408.995725,1,0,0,0,1523.7169,51.51999999998225
409.195724,1,0,0,0,1523.7152,49.82000000018161
409.395721,1,0,0,0,1523.7169,51.51999999998225
409.595719,1,0,0,0,1523.71671,51.3300000000072
409.795717,1,0,0,0,1523.71671,51.3300000000072
409.995715,1,0,0,0,1523.71689,51.510000000007494
410.195713,1,0,0,0,1523.71519,49.80999999997948
410.395711,1,0,0,0,1523.71501,49.62999999997919
410.595709,1,0,0,0,1523.71652,51.14000000003216
410.795707,1,0,0,0,1523.7169,51.51999999998225
410.995705,1,0,0,0,1523.7169,51.51999999998225
411.195703,1,0,0,0,1523.71538,50.0000000001819
411.3957,1,0,0,0,1523.71331,47.93000000017855
411.595698,1,0,0,0,1523.71519,49.80999999997948
411.795696,1,0,0,0,1523.71519,49.80999999997948
411.995694,1,0,0,0,1523.71859,53.21000000003551
412.195692,1,0,0,0,1523.71482,49.44000000000415
412.39569,1,0,0,0,1523.71331,47.93000000017855
412.595688,1,0,0,0,1523.7152,49.82000000018161
412.795686,1,0,0,0,1523.71671,51.3300000000072
412.995684,1,0,0,0,1523.71652,51.14000000003216
413.195682,1,0,0,0,1523.71671,51.3300000000072
413.395679,1,0,0,0,1523.7169,51.51999999998225
413.595677,1,0,0,0,1523.71331,47.93000000017855
413.795675,1,0,0,0,1523.7169,51.51999999998225
413.995673,1,0,0,0,1523.71671,51.3300000000072
414.195671,1,0,0,0,1523.71671,51.3300000000072
414.395669,1,0,0,0,1523.71859,53.21000000003551
414.595667,1,0,0,0,1523.7169,51.51999999998225
414.795665,1,0,0,0,1523.71652,51.14000000003216
414.995663,1,0,0,0,1523.71501,49.62999999997919
415.195661,1,0,0,0,1523.7152,49.82000000018161
415.395659,1,0,0,0,1523.7169,51.51999999998225
415.595657,1,0,0,0,1523.7152,49.82000000018161
415.795655,1,0,0,0,1523.71859,53.21000000003551
415.995652,1,0,0,0,1523.71859,53.21000000003551
416.19565,1,0,0,0,1523.71859,53.21000000003551
416.395648,1,0,0,0,1523.71878,53.40000000001055
416.595646,1,0,0,0,1523.71859,53.21000000003551
416.795644,1,0,0,0,1523.71859,53.21000000003551
416.995642,1,0,0,0,1523.71689,51.510000000007494
417.19564,1,0,0,0,1523.71671,51.3300000000072
417.395638,1,0,0,0,1523.71897,53.589999999985594
417.595636,1,0,0,0,1523.71708,51.69999999998254
417.795634,1,0,0,0,1523.71708,51.69999999998254
417.995631,1,0,0,0,1523.71671,51.3300000000072
418.195629,1,0,0,0,1523.71859,53.21000000003551
418.395627,1,0,0,0,1523.71859,53.21000000003551
418.595625,1,0,0,0,1523.7152,49.82000000018161
418.795623,1,0,0,0,1523.72048,55.10000000003856
418.995621,1,0,0,0,1523.71859,53.21000000003551
419.195619,1,0,0,0,1523.71708,51.69999999998254
419.395617,1,0,0,0,1523.71708,51.69999999998254
419.595615,1,0,0,0,1523.71878,53.40000000001055
419.795613,1,0,0,0,1523.71878,53.40000000001055
419.995611,1,0,0,0,1523.71878,53.40000000001055
420.195609,1,0,0,0,1523.71538,50.0000000001819
420.395607,1,0,0,0,1523.71538,50.0000000001819
420.595604,1,0,0,0,1523.71859,53.21000000003551
420.795602,1,0,0,0,1523.71859,53.21000000003551
420.9956,1,0,0,0,1523.71878,53.40000000001055
421.195599,1,0,0,0,1523.7169,51.51999999998225
421.395596,1,0,0,0,1523.72067,55.290000000013606
421.595594,1,0,0,0,1523.71879,53.4099999999853
421.795592,1,0,0,0,1523.71671,51.3300000000072
421.99559,1,0,0,0,1523.7152,49.82000000018161
422.195588,1,0,0,0,1523.71879,53.4099999999853
422.395586,1,0,0,0,1523.71879,53.4099999999853
422.595584,1,0,0,0,1523.71879,53.4099999999853
422.795581,1,0,0,0,1523.71671,51.3300000000072
422.995579,1,0,0,0,1523.71879,53.4099999999853
423.195577,1,0,0,0,1523.71879,53.4099999999853
423.395575,1,0,0,0,1523.71879,53.4099999999853
423.595573,1,0,0,0,1523.71841,53.030000000035216
423.795571,1,0,0,0,1523.71539,50.01000000015665
423.995569,1,0,0,0,1523.7169,51.51999999998225
424.195567,1,0,0,0,1523.72049,55.110000000013315
424.395565,1,0,0,0,1523.7169,51.51999999998225
424.595563,1,0,0,0,1523.71671,51.3300000000072
424.795561,1,0,0,0,1523.7186,53.22000000001026
424.995559,1,0,0,0,1523.7186,53.22000000001026
425.195556,1,0,0,0,1523.7186,53.22000000001026
425.395554,1,0,0,0,1523.7186,53.22000000001026
425.595552,1,0,0,0,1523.72068,55.29999999998836
425.79555,1,0,0,0,1523.71879,53.4099999999853
425.995548,1,0,0,0,1523.71879,53.4099999999853
426.195546,1,0,0,0,1523.7169,51.51999999998225
426.395544,1,0,0,0,1523.71709,51.710000000184664
426.595542,1,0,0,0,1523.71879,53.4099999999853
426.79554,1,0,0,0,1523.71879,53.4099999999853
426.995538,1,0,0,0,1523.7186,53.22000000001026
427.195536,1,0,0,0,1523.7186,53.22000000001026
427.395534,1,0,0,0,1523.7186,53.22000000001026
427.595531,1,0,0,0,1523.7169,51.51999999998225
427.795529,1,0,0,0,1523.7169,51.51999999998225
427.995528,1,0,0,0,1523.7186,53.22000000001026
428.195525,1,0,0,0,1523.71671,51.3300000000072
428.395523,1,0,0,0,1523.71841,53.030000000035216
428.595521,1,0,0,0,1523.7186,53.22000000001026
428.795519,1,0,0,0,1523.71521,49.83000000015636
428.995517,1,0,0,0,1523.71672,51.339999999981956
429.195515,1,0,0,0,1523.7186,53.22000000001026
429.395513,1,0,0,0,1523.71691,51.53000000018437
429.59551,1,0,0,0,1523.71672,51.339999999981956
429.795508,1,0,0,0,1523.7154,50.020000000131404
429.995506,1,0,0,0,1523.71521,49.83000000015636
430.195504,1,0,0,0,1523.71691,51.53000000018437
430.395502,1,0,0,0,1523.71672,51.339999999981956
430.5955,1,0,0,0,1523.7188,53.42000000018743
430.795498,1,0,0,0,1523.7188,53.42000000018743
430.995496,1,0,0,0,1523.71709,51.710000000184664
431.195494,1,0,0,0,1523.7188,53.42000000018743
431.395492,1,0,0,0,1523.71691,51.53000000018437
431.59549,1,0,0,0,1523.71691,51.53000000018437
431.795488,1,0,0,0,1523.71691,51.53000000018437
431.995486,1,0,0,0,1523.7169,51.51999999998225
432.195483,1,0,0,0,1523.71879,53.4099999999853
432.395481,1,0,0,0,1523.7169,51.51999999998225
432.595479,1,0,0,0,1523.7169,51.51999999998225
432.795477,1,0,0,0,1523.7169,51.51999999998225
432.995475,1,0,0,0,1523.7169,51.51999999998225
433.195473,1,0,0,0,1523.7169,51.51999999998225
433.395471,1,0,0,0,1523.7186,53.22000000001026
433.595469,1,0,0,0,1523.71898,53.60000000018772
433.795467,1,0,0,0,1523.72049,55.110000000013315
433.995465,1,0,0,0,1523.71898,53.60000000018772
434.195462,1,0,0,0,1523.7186,53.22000000001026
434.395461,1,0,0,0,1523.7186,53.22000000001026
434.595458,1,0,0,0,1523.71672,51.339999999981956
434.795456,1,0,0,0,1523.72049,55.110000000013315
434.995454,1,0,0,0,1523.7203,54.92000000003827
435.195452,1,0,0,0,1523.7186,53.22000000001026
435.39545,1,0,0,0,1523.72068,55.29999999998836
435.595448,1,0,0,0,1523.71879,53.4099999999853
435.795446,1,0,0,0,1523.7186,53.22000000001026
435.995444,1,0,0,0,1523.72049,55.110000000013315
436.195442,1,0,0,0,1523.72049,55.110000000013315
436.39544,1,0,0,0,1523.71898,53.60000000018772
436.595438,1,0,0,0,1523.72068,55.29999999998836
436.795436,1,0,0,0,1523.7186,53.22000000001026
436.995433,1,0,0,0,1523.71898,53.60000000018772
437.195431,1,0,0,0,1523.71691,51.53000000018437
437.395429,1,0,0,0,1523.7186,53.22000000001026
437.595427,1,0,0,0,1523.7186,53.22000000001026
437.795425,1,0,0,0,1523.7203,54.92000000003827
437.995423,1,0,0,0,1523.72068,55.29999999998836
438.195421,1,0,0,0,1523.72049,55.110000000013315
438.395419,1,0,0,0,1523.7186,53.22000000001026
438.595417,1,0,0,0,1523.72068,55.29999999998836
438.795414,1,0,0,0,1523.71879,53.4099999999853
438.995413,1,0,0,0,1523.72049,55.110000000013315
439.19541,1,0,0,0,1523.71879,53.4099999999853
439.395408,1,0,0,0,1523.72068,55.29999999998836
439.595406,1,0,0,0,1523.71898,53.60000000018772
439.795404,1,0,0,0,1523.72068,55.29999999998836
439.995402,1,0,0,0,1523.71898,53.60000000018772
440.1954,1,0,0,0,1523.7186,53.22000000001026
440.395398,1,0,0,0,1523.72049,55.110000000013315
440.595396,1,0,0,0,1523.7188,53.42000000018743
440.795394,1,0,0,0,1523.72238,57.00000000001637
440.995392,1,0,0,0,1523.72087,55.490000000190776
441.19539,1,0,0,0,1523.72087,55.490000000190776
441.395387,1,0,0,0,1523.7188,53.42000000018743
441.595385,1,0,0,0,1523.7186,53.22000000001026
441.795384,1,0,0,0,1523.72087,55.490000000190776
441.995381,1,0,0,0,1523.7188,53.42000000018743
442.195379,1,0,0,0,1523.7205,55.11999999998807
442.395377,1,0,0,0,1523.7205,55.11999999998807
442.595375,1,0,0,0,1523.72068,55.29999999998836
442.795373,1,0,0,0,1523.72238,57.00000000001637
442.995371,1,0,0,0,1523.72087,55.490000000190776
443.195369,1,0,0,0,1523.72049,55.110000000013315
443.395367,1,0,0,0,1523.7205,55.11999999998807
443.595364,1,0,0,0,1523.7205,55.11999999998807
443.795362,1,0,0,0,1523.7205,55.11999999998807
443.99536,1,0,0,0,1523.72068,55.29999999998836
444.195359,1,0,0,0,1523.72238,57.00000000001637
444.395356,1,0,0,0,1523.7188,53.42000000018743
444.595354,1,0,0,0,1523.72068,55.29999999998836
444.795352,1,0,0,0,1523.7188,53.42000000018743
444.99535,1,0,0,0,1523.72068,55.29999999998836
445.195348,1,0,0,0,1523.7188,53.42000000018743
445.395346,1,0,0,0,1523.72068,55.29999999998836
445.595344,1,0,0,0,1523.71691,51.53000000018437
445.795341,1,0,0,0,1523.7186,53.22000000001026
445.995339,1,0,0,0,1523.7186,53.22000000001026
446.195338,1,0,0,0,1523.7203,54.92000000003827
446.395335,1,0,0,0,1523.7188,53.42000000018743
446.595333,1,0,0,0,1523.7171,51.720000000159416
446.795331,1,0,0,0,1523.72087,55.490000000190776
446.995329,1,0,0,0,1523.72068,55.29999999998836
447.195327,1,0,0,0,1523.72068,55.29999999998836
447.395325,1,0,0,0,1523.72238,57.00000000001637
447.595323,1,0,0,0,1523.7205,55.11999999998807
447.795321,1,0,0,0,1523.71899,53.61000000016247
447.995318,1,0,0,0,1523.7205,55.11999999998807
448.195317,1,0,0,0,1523.72219,56.81000000004133
448.395315,1,0,0,0,1523.72049,55.110000000013315
448.595312,1,0,0,0,1523.7203,54.92000000003827
448.79531,1,0,0,0,1523.71898,53.60000000018772
448.995308,1,0,0,0,1523.72068,55.29999999998836
449.195306,1,0,0,0,1523.72068,55.29999999998836
449.395304,1,0,0,0,1523.72238,57.00000000001637
449.595302,1,0,0,0,1523.72031,54.930000000013024
449.7953,1,0,0,0,1523.71861,53.22999999998501
449.995298,1,0,0,0,1523.7222,56.82000000001608
450.195296,1,0,0,0,1523.72069,55.310000000190485
450.395294,1,0,0,0,1523.72069,55.310000000190485
450.595292,1,0,0,0,1523.71899,53.61000000016247
450.795289,1,0,0,0,1523.72068,55.29999999998836
450.995287,1,0,0,0,1523.72068,55.29999999998836
451.195285,1,0,0,0,1523.7205,55.11999999998807
451.395283,1,0,0,0,1523.7205,55.11999999998807
451.595281,1,0,0,0,1523.72068,55.29999999998836
451.795279,1,0,0,0,1523.71917,53.79000000016276
451.995277,1,0,0,0,1523.72219,56.81000000004133
452.195275,1,0,0,0,1523.7205,55.11999999998807
452.395273,1,0,0,0,1523.72238,57.00000000001637
452.595271,1,0,0,0,1523.72087,55.490000000190776
452.795269,1,0,0,0,1523.72069,55.310000000190485
452.995266,1,0,0,0,1523.7205,55.11999999998807
453.195264,1,0,0,0,1523.72238,57.00000000001637
453.395262,1,0,0,0,1523.72069,55.310000000190485
453.59526,1,0,0,0,1523.72238,57.00000000001637
453.795258,1,0,0,0,1523.72238,57.00000000001637
453.995256,1,0,0,0,1523.72087,55.490000000190776
454.195254,1,0,0,0,1523.72238,57.00000000001637
454.395252,1,0,0,0,1523.7222,56.82000000001608
454.59525,1,0,0,0,1523.72238,57.00000000001637
454.795248,1,0,0,0,1523.72409,58.710000000019136
454.995245,1,0,0,0,1523.7188,53.42000000018743
455.195244,1,0,0,0,1523.7222,56.82000000001608
455.395241,1,0,0,0,1523.72409,58.710000000019136
455.595239,1,0,0,0,1523.72088,55.50000000016553
455.795237,1,0,0,0,1523.72238,57.00000000001637
455.995235,1,0,0,0,1523.72408,58.70000000004438
456.195233,1,0,0,0,1523.70955,44.170000000121945
456.395231,1,0,0,0,1523.71502,49.64000000018132
456.595229,1,0,0,0,1523.7154,50.020000000131404
456.795227,1,0,0,0,1523.71314,47.76000000015301
456.995225,1,0,0,0,1523.70389,38.51000000008753
457.195223,1,0,0,0,1523.71521,49.83000000015636
457.395221,1,0,0,0,1523.71691,51.53000000018437
457.595218,1,0,0,0,1523.73485,69.47000000013759
457.795216,1,0,0,0,1523.72805,62.67000000002554
457.995214,1,0,0,0,1523.72767,62.29000000007545
458.195212,1,0,0,0,1523.72069,55.310000000190485
458.39521,1,0,0,0,1523.75523,89.85000000006949
458.595208,1,0,0,0,1523.7407,75.32000000014705
458.795206,1,0,0,0,1523.77336,107.97999999999774
458.995204,1,0,0,0,1523.8013,135.92000000016924
459.195202,1,0,0,0,1523.8013,135.92000000016924
459.3952,1,0,0,0,1523.69841,33.030000000053406
459.595197,1,0,0,0,1523.75184,86.45999999998821
459.795195,1,0,0,0,1523.76977,104.39000000019405
459.995193,1,0,0,0,1523.739,73.62000000011903
460.195191,1,0,0,0,1523.7222,56.82000000001608
460.395189,1,0,0,0,1523.739,73.62000000011903
460.595187,1,0,0,0,1523.74806,82.6799999999821
460.795185,1,0,0,0,1523.73522,69.84000000011292
460.995183,1,0,0,0,1523.70974,44.36000000009699
461.195181,1,0,0,0,1523.7407,75.32000000014705
461.395179,1,0,0,0,1523.78412,118.7400000001162
461.595177,1,0,0,0,1523.75354,88.16000000001623
461.795175,1,0,0,0,1523.74976,84.38000000001011
461.995173,1,0,0,0,1523.70955,44.170000000121945
462.19517,1,0,0,0,1523.71672,51.339999999981956
462.395168,1,0,0,0,1523.71502,49.64000000018132
462.595166,1,0,0,0,1523.71314,47.76000000015301
462.795164,1,0,0,0,1523.71314,47.76000000015301
462.995162,1,0,0,0,1523.71521,49.83000000015636
463.19516,1,0,0,0,1523.71314,47.76000000015301
463.395158,1,0,0,0,1523.71521,49.83000000015636
463.595156,1,0,0,0,1523.71691,51.53000000018437
463.795154,1,0,0,0,1523.7154,50.020000000131404
463.995152,1,0,0,0,1523.71333,47.95000000012806
464.195149,1,0,0,0,1523.71672,51.339999999981956
464.395147,1,0,0,0,1523.71691,51.53000000018437
464.595145,1,0,0,0,1523.71502,49.64000000018132
464.795143,1,0,0,0,1523.71352,48.1400000001031
464.995141,1,0,0,0,1523.71861,53.22999999998501
465.195139,1,0,0,0,1523.7171,51.720000000159416
465.395137,1,0,0,0,1523.71521,49.83000000015636
465.595135,1,0,0,0,1523.71352,48.1400000001031
465.795133,1,0,0,0,1523.71521,49.83000000015636
465.995131,1,0,0,0,1523.7171,51.720000000159416
466.195129,1,0,0,0,1523.71673,51.35000000018408
466.395127,1,0,0,0,1523.7188,53.42000000018743
466.595124,1,0,0,0,1523.71673,51.35000000018408
466.795122,1,0,0,0,1523.71691,51.53000000018437
466.99512,1,0,0,0,1523.71861,53.22999999998501
467.195118,1,0,0,0,1523.71691,51.53000000018437
467.395116,1,0,0,0,1523.7188,53.42000000018743
467.595114,1,0,0,0,1523.7171,51.720000000159416
467.795112,1,0,0,0,1523.71673,51.35000000018408
467.99511,1,0,0,0,1523.7171,51.720000000159416
468.195108,1,0,0,0,1523.71691,51.53000000018437
468.395106,1,0,0,0,1523.7171,51.720000000159416
468.595104,1,0,0,0,1523.7188,53.42000000018743
468.795102,1,0,0,0,1523.71654,51.159999999981665
468.995099,1,0,0,0,1523.71521,49.83000000015636
469.195097,1,0,0,0,1523.7188,53.42000000018743
469.395095,1,0,0,0,1523.71673,51.35000000018408
469.595093,1,0,0,0,1523.71672,51.339999999981956
469.795091,1,0,0,0,1523.71861,53.22999999998501
469.995089,1,0,0,0,1523.71672,51.339999999981956
470.195087,1,0,0,0,1523.71691,51.53000000018437
470.395085,1,0,0,0,1523.71691,51.53000000018437
470.595083,1,0,0,0,1523.71691,51.53000000018437
470.795081,1,0,0,0,1523.71672,51.339999999981956
470.995079,1,0,0,0,1523.71691,51.53000000018437
471.195076,1,0,0,0,1523.7205,55.11999999998807
471.395075,1,0,0,0,1523.7171,51.720000000159416
471.595073,1,0,0,0,1523.7188,53.42000000018743
471.79507,1,0,0,0,1523.71899,53.61000000016247
471.995068,1,0,0,0,1523.7188,53.42000000018743
472.195066,1,0,0,0,1523.72069,55.310000000190485
472.395064,1,0,0,0,1523.71729,51.91000000013446
472.595062,1,0,0,0,1523.71861,53.22999999998501
472.79506,1,0,0,0,1523.7171,51.720000000159416
472.995058,1,0,0,0,1523.71861,53.22999999998501
473.195056,1,0,0,0,1523.71672,51.339999999981956
473.395054,1,0,0,0,1523.72069,55.310000000190485
473.595052,1,0,0,0,1523.71691,51.53000000018437
473.79505,1,0,0,0,1523.71691,51.53000000018437
473.995047,1,0,0,0,1523.71861,53.22999999998501
474.195045,1,0,0,0,1523.7171,51.720000000159416
474.395043,1,0,0,0,1523.71899,53.61000000016247
474.595041,1,0,0,0,1523.7188,53.42000000018743
474.795039,1,0,0,0,1523.71899,53.61000000016247
474.995037,1,0,0,0,1523.71691,51.53000000018437
475.195035,1,0,0,0,1523.7205,55.11999999998807
475.395033,1,0,0,0,1523.7188,53.42000000018743
475.595031,1,0,0,0,1523.71861,53.22999999998501
475.795029,1,0,0,0,1523.71861,53.22999999998501
475.995026,1,0,0,0,1523.7188,53.42000000018743
476.195024,1,0,0,0,1523.7188,53.42000000018743
476.395022,1,0,0,0,1523.7171,51.720000000159416
476.59502,1,0,0,0,1523.7171,51.720000000159416
476.795018,1,0,0,0,1523.71861,53.22999999998501
476.995016,1,0,0,0,1523.71861,53.22999999998501
477.195014,1,0,0,0,1523.72069,55.310000000190485
477.395012,1,0,0,0,1523.71691,51.53000000018437
477.59501,1,0,0,0,1523.71691,51.53000000018437
477.795008,1,0,0,0,1523.72031,54.930000000013024
477.995006,1,0,0,0,1523.7188,53.42000000018743
478.195004,1,0,0,0,1523.7171,51.720000000159416
478.395001,1,0,0,0,1523.7171,51.720000000159416
478.594999,1,0,0,0,1523.71861,53.22999999998501
478.794997,1,0,0,0,1523.71673,51.35000000018408
478.994995,1,0,0,0,1523.71691,51.53000000018437
479.194993,1,0,0,0,1523.71673,51.35000000018408
479.394991,1,0,0,0,1523.7188,53.42000000018743
479.594989,1,0,0,0,1523.71861,53.22999999998501
479.794987,1,0,0,0,1523.71861,53.22999999998501
479.994985,1,0,0,0,1523.71899,53.61000000016247
480.194983,1,0,0,0,1523.71861,53.22999999998501
480.394981,1,0,0,0,1523.7188,53.42000000018743
480.594979,1,0,0,0,1523.7188,53.42000000018743
480.794976,1,0,0,0,1523.7188,53.42000000018743
480.994974,1,0,0,0,1523.71673,51.35000000018408
481.194972,1,0,0,0,1523.7188,53.42000000018743
481.39497,1,0,0,0,1523.71692,51.540000000159125
481.594968,1,0,0,0,1523.71861,53.22999999998501
481.794966,1,0,0,0,1523.7188,53.42000000018743
481.994964,1,0,0,0,1523.71861,53.22999999998501
482.194962,1,0,0,0,1523.7188,53.42000000018743
482.39496,1,0,0,0,1523.7205,55.11999999998807
482.594958,1,0,0,0,1523.72088,55.50000000016553
482.794955,1,0,0,0,1523.7188,53.42000000018743
482.994953,1,0,0,0,1523.72069,55.310000000190485
483.194951,1,0,0,0,1523.71861,53.22999999998501
483.394949,1,0,0,0,1523.7188,53.42000000018743
483.594947,1,0,0,0,1523.71861,53.22999999998501
483.794945,1,0,0,0,1523.7188,53.42000000018743
483.994943,1,0,0,0,1523.7188,53.42000000018743
484.194941,1,0,0,0,1523.7222,56.82000000001608
484.394939,1,0,0,0,1523.7188,53.42000000018743
484.594937,1,0,0,0,1523.7188,53.42000000018743
484.794935,1,0,0,0,1523.7188,53.42000000018743
484.994933,1,0,0,0,1523.71861,53.22999999998501
485.194931,1,0,0,0,1523.7188,53.42000000018743
485.394928,1,0,0,0,1523.7188,53.42000000018743
485.594926,1,0,0,0,1523.71861,53.22999999998501
485.794924,1,0,0,0,1523.71899,53.61000000016247
485.994922,1,0,0,0,1523.7188,53.42000000018743
486.19492,1,0,0,0,1523.71861,53.22999999998501
486.394918,1,0,0,0,1523.72068,55.29999999998836
486.594916,1,0,0,0,1523.72068,55.29999999998836
486.794914,1,0,0,0,1523.72049,55.110000000013315
486.994912,1,0,0,0,1523.7188,53.42000000018743
487.19491,1,0,0,0,1523.72068,55.29999999998836
487.394907,1,0,0,0,1523.72049,55.110000000013315
487.594905,1,0,0,0,1523.7188,53.42000000018743
487.794903,1,0,0,0,1523.72049,55.110000000013315
487.994901,1,0,0,0,1523.7203,54.92000000003827
488.194899,1,0,0,0,1523.72068,55.29999999998836
488.394897,1,0,0,0,1523.7188,53.42000000018743
488.594895,1,0,0,0,1523.722,56.620000000066284
488.794893,1,0,0,0,1523.71898,53.60000000018772
488.994891,1,0,0,0,1523.7186,53.22000000001026
489.194889,1,0,0,0,1523.72087,55.490000000190776
489.394887,1,0,0,0,1523.72068,55.29999999998836
489.594885,1,0,0,0,1523.72238,57.00000000001637
489.794883,1,0,0,0,1523.7188,53.42000000018743
489.99488,1,0,0,0,1523.72049,55.110000000013315
490.194878,1,0,0,0,1523.72049,55.110000000013315
490.394876,1,0,0,0,1523.72049,55.110000000013315
490.594874,1,0,0,0,1523.7188,53.42000000018743
490.794872,1,0,0,0,1523.72049,55.110000000013315
490.99487,1,0,0,0,1523.72049,55.110000000013315
491.194868,1,0,0,0,1523.7186,53.22000000001026
491.394866,1,0,0,0,1523.72238,57.00000000001637
491.594864,1,0,0,0,1523.72068,55.29999999998836
491.794862,1,0,0,0,1523.72049,55.110000000013315
491.99486,1,0,0,0,1523.72049,55.110000000013315
492.194857,1,0,0,0,1523.72049,55.110000000013315
492.394855,1,0,0,0,1523.72049,55.110000000013315
492.594853,1,0,0,0,1523.71898,53.60000000018772
492.794851,1,0,0,0,1523.72408,58.70000000004438
492.994849,1,0,0,0,1523.72068,55.29999999998836
493.194847,1,0,0,0,1523.72068,55.29999999998836
493.394845,1,0,0,0,1523.71879,53.4099999999853
493.594843,1,0,0,0,1523.72068,55.29999999998836
493.794841,1,0,0,0,1523.72049,55.110000000013315
493.994839,1,0,0,0,1523.7186,53.22000000001026
494.194837,1,0,0,0,1523.72238,57.00000000001637
494.394835,1,0,0,0,1523.72087,55.490000000190776
494.594832,1,0,0,0,1523.71898,53.60000000018772
494.79483,1,0,0,0,1523.72219,56.81000000004133
494.994828,1,0,0,0,1523.71879,53.4099999999853
495.194826,1,0,0,0,1523.7186,53.22000000001026
495.394824,1,0,0,0,1523.71709,51.710000000184664
495.594822,1,0,0,0,1523.71879,53.4099999999853
495.79482,1,0,0,0,1523.71898,53.60000000018772
495.994818,1,0,0,0,1523.72049,55.110000000013315
496.194816,1,0,0,0,1523.72068,55.29999999998836
496.394814,1,0,0,0,1523.71879,53.4099999999853
496.594811,1,0,0,0,1523.72049,55.110000000013315
496.794809,1,0,0,0,1523.71898,53.60000000018772
496.994807,1,0,0,0,1523.72049,55.110000000013315
497.194805,1,0,0,0,1523.71879,53.4099999999853
497.394804,1,0,0,0,1523.72049,55.110000000013315
497.594801,1,0,0,0,1523.71879,53.4099999999853
497.794799,1,0,0,0,1523.7186,53.22000000001026
497.994797,1,0,0,0,1523.7169,51.51999999998225
498.194795,1,0,0,0,1523.72068,55.29999999998836
498.394793,1,0,0,0,1523.72049,55.110000000013315
498.594791,1,0,0,0,1523.7188,53.42000000018743
498.794789,1,0,0,0,1523.7188,53.42000000018743
498.994787,1,0,0,0,1523.72049,55.110000000013315
499.194784,1,0,0,0,1523.72068,55.29999999998836
499.394782,1,0,0,0,1523.72049,55.110000000013315
499.59478,1,0,0,0,1523.7188,53.42000000018743
499.794778,1,0,0,0,1523.72049,55.110000000013315
499.994776,1,0,0,0,1523.71879,53.4099999999853
500.194774,1,0,0,0,1523.71879,53.4099999999853
500.394772,1,0,0,0,1523.72068,55.29999999998836
500.59477,1,0,0,0,1523.72049,55.110000000013315
500.794768,1,0,0,0,1523.72068,55.29999999998836
500.994766,1,0,0,0,1523.72049,55.110000000013315
501.194763,1,0,0,0,1523.72087,55.490000000190776
501.394762,1,0,0,0,1523.71879,53.4099999999853
501.594759,1,0,0,0,1523.71879,53.4099999999853
501.794757,1,0,0,0,1523.72049,55.110000000013315
501.994756,1,0,0,0,1523.71879,53.4099999999853
502.194753,1,0,0,0,1523.71879,53.4099999999853
502.394751,1,0,0,0,1523.72049,55.110000000013315
502.594749,1,0,0,0,1523.72068,55.29999999998836
502.794747,1,0,0,0,1523.71709,51.710000000184664
502.994745,1,0,0,0,1523.72068,55.29999999998836
503.194743,1,0,0,0,1523.72049,55.110000000013315
503.394741,1,0,0,0,1523.71879,53.4099999999853
503.594738,1,0,0,0,1523.71898,53.60000000018772
503.794737,1,0,0,0,1523.71879,53.4099999999853
503.994735,1,0,0,0,1523.71879,53.4099999999853
504.194732,1,0,0,0,1523.7169,51.51999999998225
504.39473,1,0,0,0,1523.722,56.620000000066284
504.594728,1,0,0,0,1523.72049,55.110000000013315
504.794726,1,0,0,0,1523.71879,53.4099999999853
504.994724,1,0,0,0,1523.7186,53.22000000001026
505.194722,1,0,0,0,1523.72068,55.29999999998836
505.39472,1,0,0,0,1523.72068,55.29999999998836
505.594718,1,0,0,0,1523.7169,51.51999999998225
505.794716,1,0,0,0,1523.72049,55.110000000013315
505.994714,1,0,0,0,1523.72049,55.110000000013315
506.194711,1,0,0,0,1523.7186,53.22000000001026
506.394709,1,0,0,0,1523.7186,53.22000000001026
506.594707,1,0,0,0,1523.71879,53.4099999999853
506.794705,1,0,0,0,1523.72086,55.47999999998865
506.994703,1,0,0,0,1523.71879,53.4099999999853
507.194701,1,0,0,0,1523.71898,53.60000000018772
507.394699,1,0,0,0,1523.71879,53.4099999999853
507.594697,1,0,0,0,1523.72048,55.10000000003856
507.794695,1,0,0,0,1523.71879,53.4099999999853
507.994693,1,0,0,0,1523.71897,53.589999999985594
508.19469,1,0,0,0,1523.72048,55.10000000003856
508.394688,1,0,0,0,1523.72048,55.10000000003856
508.594687,1,0,0,0,1523.72067,55.290000000013606
508.794684,1,0,0,0,1523.72048,55.10000000003856
508.994682,1,0,0,0,1523.71879,53.4099999999853
509.19468,1,0,0,0,1523.72067,55.290000000013606
509.394678,1,0,0,0,1523.72048,55.10000000003856
509.594676,1,0,0,0,1523.7186,53.22000000001026
509.794674,1,0,0,0,1523.71879,53.4099999999853
509.994672,1,0,0,0,1523.72067,55.290000000013606
510.19467,1,0,0,0,1523.71879,53.4099999999853
510.394668,1,0,0,0,1523.72067,55.290000000013606
510.594666,1,0,0,0,1523.72218,56.800000000066575
510.794663,1,0,0,0,1523.7186,53.22000000001026
510.994661,1,0,0,0,1523.71897,53.589999999985594
511.194659,1,0,0,0,1523.71879,53.4099999999853
511.394657,1,0,0,0,1523.72048,55.10000000003856
511.594655,1,0,0,0,1523.71879,53.4099999999853
511.794653,1,0,0,0,1523.71879,53.4099999999853
511.994651,1,0,0,0,1523.71879,53.4099999999853
512.194649,1,0,0,0,1523.72048,55.10000000003856
512.394647,1,0,0,0,1523.71671,51.3300000000072
512.594645,1,0,0,0,1523.7169,51.51999999998225
512.794642,1,0,0,0,1523.71897,53.589999999985594
512.994641,1,0,0,0,1523.72048,55.10000000003856
513.194638,1,0,0,0,1523.7186,53.22000000001026
513.394636,1,0,0,0,1523.71671,51.3300000000072
513.594635,1,0,0,0,1523.71879,53.4099999999853
513.794632,1,0,0,0,1523.71879,53.4099999999853
513.99463,1,0,0,0,1523.72048,55.10000000003856
514.194628,1,0,0,0,1523.72029,54.91000000006352
514.394626,1,0,0,0,1523.7169,51.51999999998225
514.594624,1,0,0,0,1523.7169,51.51999999998225
514.794622,1,0,0,0,1523.7169,51.51999999998225
514.99462,1,0,0,0,1523.71879,53.4099999999853
515.194618,1,0,0,0,1523.71879,53.4099999999853
515.394615,1,0,0,0,1523.72048,55.10000000003856
515.594614,1,0,0,0,1523.71879,53.4099999999853
515.794611,1,0,0,0,1523.7203,54.92000000003827
515.994609,1,0,0,0,1523.71709,51.710000000184664
516.194607,1,0,0,0,1523.71879,53.4099999999853
516.394605,1,0,0,0,1523.72067,55.290000000013606
516.594603,1,0,0,0,1523.7186,53.22000000001026
516.794601,1,0,0,0,1523.71879,53.4099999999853
516.994599,1,0,0,0,1523.72049,55.110000000013315
517.194597,1,0,0,0,1523.7186,53.22000000001026
517.394595,1,0,0,0,1523.72068,55.29999999998836
517.594593,1,0,0,0,1523.71879,53.4099999999853
517.79459,1,0,0,0,1523.71841,53.030000000035216
517.994588,1,0,0,0,1523.7186,53.22000000001026
518.194587,1,0,0,0,1523.72049,55.110000000013315
518.394584,1,0,0,0,1523.71879,53.4099999999853
518.594582,1,0,0,0,1523.71879,53.4099999999853
518.79458,1,0,0,0,1523.71879,53.4099999999853
518.994578,1,0,0,0,1523.71879,53.4099999999853
519.194576,1,0,0,0,1523.72068,55.29999999998836
519.394574,1,0,0,0,1523.72238,57.00000000001637
519.594572,1,0,0,0,1523.722,56.620000000066284
519.79457,1,0,0,0,1523.72238,57.00000000001637
519.994568,1,0,0,0,1523.7186,53.22000000001026
520.194566,1,0,0,0,1523.7186,53.22000000001026
520.394563,1,0,0,0,1523.72049,55.110000000013315
520.594561,1,0,0,0,1523.72067,55.290000000013606
520.794559,1,0,0,0,1523.72219,56.81000000004133
520.994557,1,0,0,0,1523.72049,55.110000000013315
521.194555,1,0,0,0,1523.72049,55.110000000013315
521.394553,1,0,0,0,1523.722,56.620000000066284
521.594551,1,0,0,0,1523.72068,55.29999999998836
521.794549,1,0,0,0,1523.72219,56.81000000004133
521.994547,1,0,0,0,1523.71879,53.4099999999853
522.194545,1,0,0,0,1523.72049,55.110000000013315
522.394542,1,0,0,0,1523.72068,55.29999999998836
522.59454,1,0,0,0,1523.71879,53.4099999999853
522.794538,1,0,0,0,1523.72067,55.290000000013606
522.994536,1,0,0,0,1523.72086,55.47999999998865
523.194534,1,0,0,0,1523.7186,53.22000000001026
523.394532,1,0,0,0,1523.72219,56.81000000004133
523.59453,1,0,0,0,1523.72067,55.290000000013606
523.794528,1,0,0,0,1523.72219,56.81000000004133
523.994526,1,0,0,0,1523.72067,55.290000000013606
524.194524,1,0,0,0,1523.72219,56.81000000004133
524.394522,1,0,0,0,1523.72049,55.110000000013315
524.59452,1,0,0,0,1523.72067,55.290000000013606
524.794518,1,0,0,0,1523.71898,53.60000000018772
524.994515,1,0,0,0,1523.72388,58.50000000009459
525.194513,1,0,0,0,1523.72237,56.99000000004162
525.394511,1,0,0,0,1523.7203,54.92000000003827
525.594509,1,0,0,0,1523.72219,56.81000000004133
525.794507,1,0,0,0,1523.72237,56.99000000004162
525.994505,1,0,0,0,1523.72067,55.290000000013606
526.194503,1,0,0,0,1523.72086,55.47999999998865
526.394501,1,0,0,0,1523.72219,56.81000000004133
526.594499,1,0,0,0,1523.72067,55.290000000013606
526.794497,1,0,0,0,1523.71898,53.60000000018772
526.994494,1,0,0,0,1523.72068,55.29999999998836
527.194493,1,0,0,0,1523.72219,56.81000000004133
527.39449,1,0,0,0,1523.72049,55.110000000013315
527.594488,1,0,0,0,1523.722,56.620000000066284
527.794486,1,0,0,0,1523.72068,55.29999999998836
527.994484,1,0,0,0,1523.72219,56.81000000004133
528.194482,1,0,0,0,1523.72049,55.110000000013315
528.39448,1,0,0,0,1523.72219,56.81000000004133
528.594478,1,0,0,0,1523.72068,55.29999999998836
528.794476,1,0,0,0,1523.71898,53.60000000018772
528.994474,1,0,0,0,1523.71898,53.60000000018772
529.194472,1,0,0,0,1523.7186,53.22000000001026
529.394469,1,0,0,0,1523.7186,53.22000000001026
529.594468,1,0,0,0,1523.72219,56.81000000004133
529.794465,1,0,0,0,1523.72049,55.110000000013315
529.994463,1,0,0,0,1523.72067,55.290000000013606
530.194461,1,0,0,0,1523.72048,55.10000000003856
530.394459,1,0,0,0,1523.72218,56.800000000066575
530.594457,1,0,0,0,1523.71859,53.21000000003551
530.794455,1,0,0,0,1523.72067,55.290000000013606
530.994453,1,0,0,0,1523.72067,55.290000000013606
531.194451,1,0,0,0,1523.72086,55.47999999998865
531.394449,1,0,0,0,1523.72067,55.290000000013606
531.594447,1,0,0,0,1523.72218,56.800000000066575
531.794444,1,0,0,0,1523.72086,55.47999999998865
531.994442,1,0,0,0,1523.72086,55.47999999998865
532.19444,1,0,0,0,1523.72029,54.91000000006352
532.394438,1,0,0,0,1523.72048,55.10000000003856
532.594436,1,0,0,0,1523.72426,58.880000000044674
532.794434,1,0,0,0,1523.72237,56.99000000004162
532.994432,1,0,0,0,1523.72237,56.99000000004162
533.19443,1,0,0,0,1523.72237,56.99000000004162
533.394428,1,0,0,0,1523.72048,55.10000000003856
533.594426,1,0,0,0,1523.72086,55.47999999998865
533.794424,1,0,0,0,1523.72237,56.99000000004162
533.994421,1,0,0,0,1523.72237,56.99000000004162
534.194419,1,0,0,0,1523.72218,56.800000000066575
534.394417,1,0,0,0,1523.72048,55.10000000003856
534.594415,1,0,0,0,1523.72029,54.91000000006352
534.794413,1,0,0,0,1523.72237,56.99000000004162
534.994411,1,0,0,0,1523.72237,56.99000000004162
535.194409,1,0,0,0,1523.72067,55.290000000013606
535.394407,1,0,0,0,1523.72218,56.800000000066575
535.594405,1,0,0,0,1523.72218,56.800000000066575
535.794403,1,0,0,0,1523.72086,55.47999999998865
535.994401,1,0,0,0,1523.72218,56.800000000066575
536.194399,1,0,0,0,1523.72237,56.99000000004162
536.394397,1,0,0,0,1523.72218,56.800000000066575
536.594395,1,0,0,0,1523.71878,53.40000000001055
536.794392,1,0,0,0,1523.72067,55.290000000013606
536.99439,1,0,0,0,1523.72218,56.800000000066575
537.194388,1,0,0,0,1523.72218,56.800000000066575
537.394386,1,0,0,0,1523.72218,56.800000000066575
537.594384,1,0,0,0,1523.72067,55.290000000013606
537.794382,1,0,0,0,1523.72237,56.99000000004162
537.99438,1,0,0,0,1523.72067,55.290000000013606
538.194378,1,0,0,0,1523.72218,56.800000000066575
538.394376,1,0,0,0,1523.72067,55.290000000013606
538.594374,1,0,0,0,1523.72218,56.800000000066575
538.794372,1,0,0,0,1523.71897,53.589999999985594
538.994369,1,0,0,0,1523.72407,58.69000000006963
539.194367,1,0,0,0,1523.72218,56.800000000066575
539.394365,1,0,0,0,1523.72067,55.290000000013606
539.594363,1,0,0,0,1523.72407,58.69000000006963
539.794361,1,0,0,0,1523.72218,56.800000000066575
539.994359,1,0,0,0,1523.72067,55.290000000013606
540.194357,1,0,0,0,1523.72048,55.10000000003856
540.394355,1,0,0,0,1523.72615,60.77000000004773
540.594353,1,0,0,0,1523.72237,56.99000000004162
540.794351,1,0,0,0,1523.72218,56.800000000066575
540.994349,1,0,0,0,1523.72237,56.99000000004162
541.194346,1,0,0,0,1523.72426,58.880000000044674
541.394344,1,0,0,0,1523.72426,58.880000000044674
541.594342,1,0,0,0,1523.72426,58.880000000044674
541.79434,1,0,0,0,1523.72218,56.800000000066575
541.994338,1,0,0,0,1523.72218,56.800000000066575
542.194336,1,0,0,0,1523.72407,58.69000000006963
542.394334,1,0,0,0,1523.72067,55.290000000013606
542.594332,1,0,0,0,1523.72237,56.99000000004162
542.79433,1,0,0,0,1523.72274,57.36000000001695
542.994328,1,0,0,0,1523.72595,60.570000000097934
543.194326,1,0,0,0,1523.72406,58.68000000009488
543.394324,1,0,0,0,1523.72237,56.99000000004162
543.594321,1,0,0,0,1523.72274,57.36000000001695
543.794319,1,0,0,0,1523.72237,56.99000000004162
543.994317,1,0,0,0,1523.72388,58.50000000009459
544.194315,1,0,0,0,1523.72218,56.800000000066575
544.394313,1,0,0,0,1523.72218,56.800000000066575
544.594311,1,0,0,0,1523.72237,56.99000000004162
544.794309,1,0,0,0,1523.72199,56.61000000009153
544.994307,1,0,0,0,1523.72218,56.800000000066575
545.194305,1,0,0,0,1523.72067,55.290000000013606
545.394303,1,0,0,0,1523.72086,55.47999999998865
545.594301,1,0,0,0,1523.71878,53.40000000001055
545.794298,1,0,0,0,1523.72237,56.99000000004162
545.994296,1,0,0,0,1523.72218,56.800000000066575
546.194294,1,0,0,0,1523.72218,56.800000000066575
546.394292,1,0,0,0,1523.72067,55.290000000013606
546.59429,1,0,0,0,1523.72067,55.290000000013606
546.794288,1,0,0,0,1523.72218,56.800000000066575
546.994286,1,0,0,0,1523.72048,55.10000000003856
547.194284,1,0,0,0,1523.72048,55.10000000003856
547.394282,1,0,0,0,1523.72218,56.800000000066575
547.59428,1,0,0,0,1523.72218,56.800000000066575
547.794277,1,0,0,0,1523.72067,55.290000000013606
547.994276,1,0,0,0,1523.72199,56.61000000009153
548.194273,1,0,0,0,1523.72199,56.61000000009153
548.394271,1,0,0,0,1523.72237,56.99000000004162
548.594269,1,0,0,0,1523.72048,55.10000000003856
548.794267,1,0,0,0,1523.72237,56.99000000004162
548.994265,1,0,0,0,1523.72237,56.99000000004162
549.194263,1,0,0,0,1523.72218,56.800000000066575
549.394261,1,0,0,0,1523.72218,56.800000000066575
549.594259,1,0,0,0,1523.72237,56.99000000004162
549.794257,1,0,0,0,1523.72237,56.99000000004162
549.994255,1,0,0,0,1523.72237,56.99000000004162
550.194253,1,0,0,0,1523.72237,56.99000000004162
550.39425,1,0,0,0,1523.72237,56.99000000004162
550.594248,1,0,0,0,1523.72237,56.99000000004162
550.794246,1,0,0,0,1523.72237,56.99000000004162
550.994244,1,0,0,0,1523.72067,55.290000000013606
551.194242,1,0,0,0,1523.72218,56.800000000066575
551.39424,1,0,0,0,1523.72426,58.880000000044674
551.594238,1,0,0,0,1523.72218,56.800000000066575
551.794236,1,0,0,0,1523.72407,58.69000000006963
551.994234,1,0,0,0,1523.72426,58.880000000044674
552.194232,1,0,0,0,1523.72048,55.10000000003856
552.39423,1,0,0,0,1523.72219,56.81000000004133
552.594228,1,0,0,0,1523.72407,58.69000000006963
552.794226,1,0,0,0,1523.72237,56.99000000004162
552.994223,1,0,0,0,1523.72275,57.369999999991705
553.194221,1,0,0,0,1523.72407,58.69000000006963
553.394219,1,0,0,0,1523.72596,60.58000000007269
553.594217,1,0,0,0,1523.72237,56.99000000004162
553.794215,1,0,0,0,1523.72237,56.99000000004162
553.994213,1,0,0,0,1523.72596,60.58000000007269
554.194211,1,0,0,0,1523.72218,56.800000000066575
554.394209,1,0,0,0,1523.72218,56.800000000066575
554.594207,1,0,0,0,1523.72407,58.69000000006963
554.794205,1,0,0,0,1523.72407,58.69000000006963
554.994202,1,0,0,0,1523.72237,56.99000000004162
555.194201,1,0,0,0,1523.72237,56.99000000004162
555.394198,1,0,0,0,1523.72596,60.58000000007269
555.594196,1,0,0,0,1523.72407,58.69000000006963
555.794194,1,0,0,0,1523.72615,60.77000000004773
555.994192,1,0,0,0,1523.72407,58.69000000006963
556.19419,1,0,0,0,1523.72426,58.880000000044674
556.394188,1,0,0,0,1523.72406,58.68000000009488
556.594186,1,0,0,0,1523.72406,58.68000000009488
556.794184,1,0,0,0,1523.72614,60.76000000007298
556.994182,1,0,0,0,1523.72614,60.76000000007298
557.19418,1,0,0,0,1523.72426,58.880000000044674
557.394177,1,0,0,0,1523.72407,58.69000000006963
557.594175,1,0,0,0,1523.72407,58.69000000006963
557.794173,1,0,0,0,1523.72426,58.880000000044674
557.994171,1,0,0,0,1523.72426,58.880000000044674
558.194169,1,0,0,0,1523.72615,60.77000000004773
558.394167,1,0,0,0,1523.72426,58.880000000044674
558.594165,1,0,0,0,1523.72596,60.58000000007269
558.794163,1,0,0,0,1523.72426,58.880000000044674
558.994161,1,0,0,0,1523.72407,58.69000000006963
559.194159,1,0,0,0,1523.72577,60.39000000009764
559.394157,1,0,0,0,1523.72407,58.69000000006963
559.594155,1,0,0,0,1523.72577,60.39000000009764
559.794152,1,0,0,0,1523.72614,60.76000000007298
559.99415,1,0,0,0,1523.72614,60.76000000007298
560.194148,1,0,0,0,1523.72426,58.880000000044674
560.394146,1,0,0,0,1523.72614,60.76000000007298
560.594144,1,0,0,0,1523.72614,60.76000000007298
560.794142,1,0,0,0,1523.72407,58.69000000006963
560.99414,1,0,0,0,1523.72614,60.76000000007298
561.194138,1,0,0,0,1523.72407,58.69000000006963
561.394136,1,0,0,0,1523.72237,56.99000000004162
561.594134,1,0,0,0,1523.72426,58.880000000044674
561.794132,1,0,0,0,1523.72218,56.800000000066575
561.99413,1,0,0,0,1523.72407,58.69000000006963
562.194128,1,0,0,0,1523.72425,58.87000000006992
562.394125,1,0,0,0,1523.72237,56.99000000004162
562.594123,1,0,0,0,1523.72237,56.99000000004162
562.794121,1,0,0,0,1523.72067,55.290000000013606
562.994119,1,0,0,0,1523.72388,58.50000000009459
563.194117,1,0,0,0,1523.72407,58.69000000006963
563.394115,1,0,0,0,1523.72237,56.99000000004162
563.594113,1,0,0,0,1523.72407,58.69000000006963
563.794111,1,0,0,0,1523.72237,56.99000000004162
563.994109,1,0,0,0,1523.72237,56.99000000004162
564.194107,1,0,0,0,1523.72275,57.369999999991705
564.394104,1,0,0,0,1523.72426,58.880000000044674
564.594102,1,0,0,0,1523.72407,58.69000000006963
564.7941,1,0,0,0,1523.72407,58.69000000006963
564.994098,1,0,0,0,1523.72218,56.800000000066575
565.194096,1,0,0,0,1523.72275,57.369999999991705
565.394094,1,0,0,0,1523.72407,58.69000000006963
565.594092,1,0,0,0,1523.72407,58.69000000006963
565.79409,1,0,0,0,1523.72237,56.99000000004162
565.994088,1,0,0,0,1523.72596,60.58000000007269
566.194086,1,0,0,0,1523.72614,60.76000000007298
566.394084,1,0,0,0,1523.72445,59.07000000001972
566.594082,1,0,0,0,1523.72614,60.76000000007298
566.794079,1,0,0,0,1523.72426,58.880000000044674
566.994077,1,0,0,0,1523.72388,58.50000000009459
567.194075,1,0,0,0,1523.72275,57.369999999991705
567.394073,1,0,0,0,1523.72407,58.69000000006963
567.594071,1,0,0,0,1523.72237,56.99000000004162
567.794069,1,0,0,0,1523.72407,58.69000000006963
567.994067,1,0,0,0,1523.72237,56.99000000004162
568.194065,1,0,0,0,1523.72218,56.800000000066575
568.394063,1,0,0,0,1523.72577,60.39000000009764
568.594061,1,0,0,0,1523.72407,58.69000000006963
568.794059,1,0,0,0,1523.72426,58.880000000044674
568.994056,1,0,0,0,1523.72615,60.77000000004773
569.194054,1,0,0,0,1523.72388,58.50000000009459
569.394052,1,0,0,0,1523.72388,58.50000000009459
569.59405,1,0,0,0,1523.72596,60.58000000007269
569.794048,1,0,0,0,1523.72426,58.880000000044674
569.994046,1,0,0,0,1523.72596,60.58000000007269
570.194044,1,0,0,0,1523.72596,60.58000000007269
570.394042,1,0,0,0,1523.72596,60.58000000007269
570.59404,1,0,0,0,1523.72426,58.880000000044674
570.794038,1,0,0,0,1523.72237,56.99000000004162
570.994036,1,0,0,0,1523.72615,60.77000000004773
571.194034,1,0,0,0,1523.72426,58.880000000044674
571.394032,1,0,0,0,1523.72615,60.77000000004773
571.594029,1,0,0,0,1523.72596,60.58000000007269
571.794027,1,0,0,0,1523.72426,58.880000000044674
571.994025,1,0,0,0,1523.72425,58.87000000006992
572.194023,1,0,0,0,1523.72595,60.570000000097934
572.394021,1,0,0,0,1523.72614,60.76000000007298
572.594019,1,0,0,0,1523.72595,60.570000000097934
572.794017,1,0,0,0,1523.72425,58.87000000006992
572.994015,1,0,0,0,1523.72595,60.570000000097934
573.194013,1,0,0,0,1523.72425,58.87000000006992
573.394011,1,0,0,0,1523.72595,60.570000000097934
573.594008,1,0,0,0,1523.72237,56.99000000004162
573.794007,1,0,0,0,1523.72595,60.570000000097934
573.994004,1,0,0,0,1523.72576,60.38000000012289
574.194002,1,0,0,0,1523.72444,59.060000000044965
574.394,1,0,0,0,1523.72595,60.570000000097934
574.593998,1,0,0,0,1523.72595,60.570000000097934
574.793996,1,0,0,0,1523.72614,60.76000000007298
574.993994,1,0,0,0,1523.72425,58.87000000006992
575.193992,1,0,0,0,1523.72595,60.570000000097934
575.39399,1,0,0,0,1523.72595,60.570000000097934
575.593988,1,0,0,0,1523.72425,58.87000000006992
575.793986,1,0,0,0,1523.72425,58.87000000006992
575.993984,1,0,0,0,1523.72595,60.570000000097934
576.193981,1,0,0,0,1523.72576,60.38000000012289
576.393979,1,0,0,0,1523.72765,62.27000000012595
576.593977,1,0,0,0,1523.72444,59.060000000044965
576.793975,1,0,0,0,1523.72595,60.570000000097934
576.993973,1,0,0,0,1523.72614,60.76000000007298
577.193971,1,0,0,0,1523.72746,62.0800000001509
577.393969,1,0,0,0,1523.72595,60.570000000097934
577.593967,1,0,0,0,1523.72444,59.060000000044965
577.793965,1,0,0,0,1523.72218,56.800000000066575
577.993963,1,0,0,0,1523.72406,58.68000000009488
578.193961,1,0,0,0,1523.72425,58.87000000006992
578.393959,1,0,0,0,1523.72388,58.50000000009459
578.593956,1,0,0,0,1523.72425,58.87000000006992
578.793954,1,0,0,0,1523.72425,58.87000000006992
578.993952,1,0,0,0,1523.72237,56.99000000004162
579.19395,1,0,0,0,1523.72218,56.800000000066575
579.393948,1,0,0,0,1523.72425,58.87000000006992
579.593946,1,0,0,0,1523.72425,58.87000000006992
579.793944,1,0,0,0,1523.72595,60.570000000097934
579.993942,1,0,0,0,1523.72237,56.99000000004162
580.19394,1,0,0,0,1523.72426,58.880000000044674
580.393938,1,0,0,0,1523.72407,58.69000000006963
580.593936,1,0,0,0,1523.72426,58.880000000044674
580.793933,1,0,0,0,1523.72275,57.369999999991705
580.993931,1,0,0,0,1523.72237,56.99000000004162
581.193929,1,0,0,0,1523.72275,57.369999999991705
581.393927,1,0,0,0,1523.72426,58.880000000044674
581.593925,1,0,0,0,1523.72633,60.95000000004802
581.793923,1,0,0,0,1523.72407,58.69000000006963
581.993921,1,0,0,0,1523.72407,58.69000000006963
582.193919,1,0,0,0,1523.72596,60.58000000007269
582.393917,1,0,0,0,1523.72615,60.77000000004773
582.593915,1,0,0,0,1523.72275,57.369999999991705
582.793913,1,0,0,0,1523.72445,59.07000000001972
582.993911,1,0,0,0,1523.72407,58.69000000006963
583.193908,1,0,0,0,1523.72407,58.69000000006963
583.393906,1,0,0,0,1523.72407,58.69000000006963
583.593904,1,0,0,0,1523.72426,58.880000000044674
583.793902,1,0,0,0,1523.72596,60.58000000007269
583.993901,1,0,0,0,1523.72614,60.76000000007298
584.193898,1,0,0,0,1523.72426,58.880000000044674
584.393896,1,0,0,0,1523.72426,58.880000000044674
584.593894,1,0,0,0,1523.72445,59.07000000001972
584.793892,1,0,0,0,1523.72596,60.58000000007269
584.99389,1,0,0,0,1523.72596,60.58000000007269
585.193888,1,0,0,0,1523.72426,58.880000000044674
585.393886,1,0,0,0,1523.72426,58.880000000044674
585.593884,1,0,0,0,1523.72614,60.76000000007298
585.793881,1,0,0,0,1523.72614,60.76000000007298
585.993879,1,0,0,0,1523.72614,60.76000000007298
586.193877,1,0,0,0,1523.72765,62.27000000012595
586.393875,1,0,0,0,1523.72614,60.76000000007298
586.593873,1,0,0,0,1523.72426,58.880000000044674
586.793871,1,0,0,0,1523.72765,62.27000000012595
586.993869,1,0,0,0,1523.72596,60.58000000007269
587.193867,1,0,0,0,1523.72803,62.650000000076034
587.393865,1,0,0,0,1523.72765,62.27000000012595
587.593863,1,0,0,0,1523.72407,58.69000000006963
587.79386,1,0,0,0,1523.72577,60.39000000009764
587.993859,1,0,0,0,1523.72445,59.07000000001972
588.193856,1,0,0,0,1523.72596,60.58000000007269
588.393854,1,0,0,0,1523.72407,58.69000000006963
588.593852,1,0,0,0,1523.72577,60.39000000009764
588.79385,1,0,0,0,1523.72426,58.880000000044674
588.993848,1,0,0,0,1523.72765,62.27000000012595
589.193846,1,0,0,0,1523.72444,59.060000000044965
589.393844,1,0,0,0,1523.72765,62.27000000012595
589.593842,1,0,0,0,1523.72614,60.76000000007298
589.79384,1,0,0,0,1523.72614,60.76000000007298
589.993838,1,0,0,0,1523.72596,60.58000000007269
590.193835,1,0,0,0,1523.72596,60.58000000007269
590.393833,1,0,0,0,1523.72765,62.27000000012595
590.593831,1,0,0,0,1523.72614,60.76000000007298
590.793829,1,0,0,0,1523.72614,60.76000000007298
590.993827,1,0,0,0,1523.72803,62.650000000076034
591.193825,1,0,0,0,1523.72444,59.060000000044965
591.393823,1,0,0,0,1523.72633,60.95000000004802
591.593821,1,0,0,0,1523.72633,60.95000000004802
591.793819,1,0,0,0,1523.72765,62.27000000012595
591.993817,1,0,0,0,1523.72954,64.160000000129
592.193815,1,0,0,0,1523.72614,60.76000000007298
592.393812,1,0,0,0,1523.72765,62.27000000012595
592.593811,1,0,0,0,1523.72633,60.95000000004802
592.793808,1,0,0,0,1523.72595,60.570000000097934
592.993806,1,0,0,0,1523.72765,62.27000000012595
593.193804,1,0,0,0,1523.72614,60.76000000007298
593.393802,1,0,0,0,1523.73143,66.05000000013206
593.5938,1,0,0,0,1523.72765,62.27000000012595
593.793798,1,0,0,0,1523.72614,60.76000000007298
593.993796,1,0,0,0,1523.72614,60.76000000007298
594.193794,1,0,0,0,1523.72633,60.95000000004802
594.393792,1,0,0,0,1523.72614,60.76000000007298
594.59379,1,0,0,0,1523.72614,60.76000000007298
594.793788,1,0,0,0,1523.72803,62.650000000076034
594.993785,1,0,0,0,1523.72633,60.95000000004802
595.193784,1,0,0,0,1523.72614,60.76000000007298
595.393781,1,0,0,0,1523.72803,62.650000000076034
595.593779,1,0,0,0,1523.72614,60.76000000007298
595.793777,1,0,0,0,1523.72577,60.39000000009764
595.993775,1,0,0,0,1523.72407,58.69000000006963
596.193773,1,0,0,0,1523.72426,58.880000000044674
596.393771,1,0,0,0,1523.72633,60.95000000004802
596.593769,1,0,0,0,1523.72426,58.880000000044674
596.793767,1,0,0,0,1523.72426,58.880000000044674
596.993765,1,0,0,0,1523.72614,60.76000000007298
597.193763,1,0,0,0,1523.72445,59.07000000001972
597.39376,1,0,0,0,1523.72803,62.650000000076034
597.593758,1,0,0,0,1523.72766,62.2800000001007
597.793756,1,0,0,0,1523.72803,62.650000000076034
597.993754,1,0,0,0,1523.72615,60.77000000004773
598.193752,1,0,0,0,1523.72615,60.77000000004773
598.39375,1,0,0,0,1523.72407,58.69000000006963
598.593748,1,0,0,0,1523.72615,60.77000000004773
598.793746,1,0,0,0,1523.72766,62.2800000001007
598.993744,1,0,0,0,1523.72954,64.160000000129
599.193742,1,0,0,0,1523.72803,62.650000000076034
599.39374,1,0,0,0,1523.72463,59.25000000002001
599.593738,1,0,0,0,1523.72765,62.27000000012595
599.793736,1,0,0,0,1523.72445,59.07000000001972
599.993733,1,0,0,0,1523.72426,58.880000000044674
600.193731,1,0,0,0,1523.72596,60.58000000007269
600.393729,1,0,0,0,1523.72614,60.76000000007298
600.593727,1,0,0,0,1523.72614,60.76000000007298
600.793725,1,0,0,0,1523.72803,62.650000000076034
600.993723,1,0,0,0,1523.72803,62.650000000076034
601.193721,1,0,0,0,1523.72633,60.95000000004802
601.393719,1,0,0,0,1523.72803,62.650000000076034
601.593717,1,0,0,0,1523.72765,62.27000000012595
601.793715,1,0,0,0,1523.72614,60.76000000007298
601.993712,1,0,0,0,1523.72596,60.58000000007269
602.193711,1,0,0,0,1523.72596,60.58000000007269
602.393708,1,0,0,0,1523.72445,59.07000000001972
602.593706,1,0,0,0,1523.72935,63.97000000015396
602.793704,1,0,0,0,1523.72803,62.650000000076034
602.993702,1,0,0,0,1523.72954,64.160000000129
603.1937,1,0,0,0,1523.72596,60.58000000007269
603.393698,1,0,0,0,1523.72973,64.35000000010405
603.593696,1,0,0,0,1523.72765,62.27000000012595
603.793694,1,0,0,0,1523.72803,62.650000000076034
603.993692,1,0,0,0,1523.72803,62.650000000076034
604.19369,1,0,0,0,1523.72615,60.77000000004773
604.393687,1,0,0,0,1523.72747,62.090000000125656
604.593685,1,0,0,0,1523.72615,60.77000000004773
604.793683,1,0,0,0,1523.72615,60.77000000004773
604.993681,1,0,0,0,1523.72766,62.2800000001007
605.193679,1,0,0,0,1523.72935,63.97000000015396
605.393677,1,0,0,0,1523.72766,62.2800000001007
605.593675,1,0,0,0,1523.72935,63.97000000015396
605.793673,1,0,0,0,1523.72426,58.880000000044674
605.993671,1,0,0,0,1523.72596,60.58000000007269
606.193669,1,0,0,0,1523.72803,62.650000000076034
606.393667,1,0,0,0,1523.72822,62.84000000005108
606.593665,1,0,0,0,1523.72747,62.090000000125656
606.793663,1,0,0,0,1523.73162,66.2400000001071
606.99366,1,0,0,0,1523.72633,60.95000000004802
607.193658,1,0,0,0,1523.72954,64.160000000129
607.393656,1,0,0,0,1523.72803,62.650000000076034
607.593654,1,0,0,0,1523.72954,64.160000000129
607.793652,1,0,0,0,1523.72973,64.35000000010405
607.99365,1,0,0,0,1523.72803,62.650000000076034
608.193648,1,0,0,0,1523.72954,64.160000000129
608.393646,1,0,0,0,1523.72803,62.650000000076034
608.593644,1,0,0,0,1523.72954,64.160000000129
608.793642,1,0,0,0,1523.72954,64.160000000129
608.993639,1,0,0,0,1523.72615,60.77000000004773
609.193637,1,0,0,0,1523.72766,62.2800000001007
609.393635,1,0,0,0,1523.72596,60.58000000007269
609.593633,1,0,0,0,1523.72803,62.650000000076034
609.793631,1,0,0,0,1523.72634,60.960000000022774
609.993629,1,0,0,0,1523.72766,62.2800000001007
610.193627,1,0,0,0,1523.72634,60.960000000022774
610.393625,1,0,0,0,1523.72615,60.77000000004773
610.593623,1,0,0,0,1523.72935,63.97000000015396
610.793621,1,0,0,0,1523.72766,62.2800000001007
610.993619,1,0,0,0,1523.72822,62.84000000005108
611.193617,1,0,0,0,1523.72803,62.650000000076034
611.393615,1,0,0,0,1523.72803,62.650000000076034
611.593612,1,0,0,0,1523.72803,62.650000000076034
611.79361,1,0,0,0,1523.72803,62.650000000076034
