Time,CH1,CH2,CH3,CH4,Wavelength,delta_lambda_pm
0.199998,1,0,0,0,1524.22429,0.0
0.399996,1,0,0,0,1524.2224,-1.890000000003056
0.599994,1,0,0,0,1524.2224,-1.890000000003056
0.799992,1,0,0,0,1524.2224,-1.890000000003056
0.99999,1,0,0,0,1524.22051,-3.780000000006112
1.199988,1,0,0,0,1524.2224,-1.890000000003056
1.399986,1,0,0,0,1524.22278,-1.510000000052969
1.599983,1,0,0,0,1524.2224,-1.890000000003056
1.799981,1,0,0,0,1524.2224,-1.890000000003056
1.999979,1,0,0,0,1524.22429,0.0
2.199977,1,0,0,0,1524.22467,0.37999999995008693
2.399975,1,0,0,0,1524.22051,-3.780000000006112
2.599973,1,0,0,0,1524.22278,-1.510000000052969
2.799971,1,0,0,0,1524.22467,0.37999999995008693
2.999969,1,0,0,0,1524.22203,-2.260000000205764
3.199967,1,0,0,0,1524.22108,-3.2100000000809814
3.399965,1,0,0,0,1524.22203,-2.260000000205764
3.599963,1,0,0,0,1524.22429,0.0
3.799961,1,0,0,0,1524.22278,-1.510000000052969
3.999959,1,0,0,0,1524.22278,-1.510000000052969
4.199956,1,0,0,0,1524.22467,0.37999999995008693
4.399954,1,0,0,0,1524.22618,1.890000000003056
4.599952,1,0,0,0,1524.2275,3.2099999998536077
4.79995,1,0,0,0,1524.22278,-1.510000000052969
4.999948,1,0,0,0,1524.22278,-1.510000000052969
5.199946,1,0,0,0,1524.22051,-3.780000000006112
5.399944,1,0,0,0,1524.22561,1.3199999998505518
5.599942,1,0,0,0,1524.22467,0.37999999995008693
5.79994,1,0,0,0,1524.22429,0.0
5.999938,1,0,0,0,1524.22108,-3.2100000000809814
6.199936,1,0,0,0,1524.2224,-1.890000000003056
6.399934,1,0,0,0,1524.22051,-3.780000000006112
6.599932,1,0,0,0,1524.22202,-2.2700000001805165
6.79993,1,0,0,0,1524.22051,-3.780000000006112
6.999928,1,0,0,0,1524.2224,-1.890000000003056
7.199925,1,0,0,0,1524.2224,-1.890000000003056
7.399923,1,0,0,0,1524.22013,-4.160000000183572
7.599921,1,0,0,0,1524.22051,-3.780000000006112
7.799919,1,0,0,0,1524.21825,-6.040000000211876
7.999917,1,0,0,0,1524.22051,-3.780000000006112
8.199915,1,0,0,0,1524.2173,-6.990000000087093
8.399913,1,0,0,0,1524.22051,-3.780000000006112
8.599911,1,0,0,0,1524.21692,-7.37000000003718
8.799909,1,0,0,0,1524.21919,-5.100000000084037
8.999907,1,0,0,0,1524.2173,-6.990000000087093
9.199905,1,0,0,0,1524.2173,-6.990000000087093
9.399903,1,0,0,0,1524.21881,-5.480000000034124
9.5999,1,0,0,0,1524.21787,-6.420000000161963
9.799899,1,0,0,0,1524.21731,-6.980000000112341
9.999896,1,0,0,0,1524.21731,-6.980000000112341
10.199894,1,0,0,0,1524.21561,-8.680000000140353
10.399892,1,0,0,0,1524.21504,-9.250000000065484
10.59989,1,0,0,0,1524.21655,-7.740000000012515
10.799888,1,0,0,0,1524.21504,-9.250000000065484
10.999886,1,0,0,0,1524.21825,-6.040000000211876
11.199884,1,0,0,0,1524.21693,-7.360000000062428
11.399882,1,0,0,0,1524.2156,-8.690000000115106
11.59988,1,0,0,0,1524.21655,-7.740000000012515
11.799878,1,0,0,0,1524.21693,-7.360000000062428
11.999876,1,0,0,0,1524.21334,-10.950000000093496
12.199874,1,0,0,0,1524.21561,-8.680000000140353
12.399872,1,0,0,0,1524.21598,-8.310000000165019
12.599869,1,0,0,0,1524.21428,-10.010000000193031
12.799867,1,0,0,0,1524.21504,-9.250000000065484
12.999865,1,0,0,0,1524.21561,-8.680000000140353
13.199863,1,0,0,0,1524.21334,-10.950000000093496
13.399861,1,0,0,0,1524.21334,-10.950000000093496
13.599859,1,0,0,0,1524.21183,-12.460000000146465
13.799857,1,0,0,0,1524.21372,-10.57000000014341
13.999855,1,0,0,0,1524.21599,-8.300000000190266
14.199853,1,0,0,0,1524.21467,-9.620000000040818
14.399851,1,0,0,0,1524.21504,-9.250000000065484
14.599849,1,0,0,0,1524.21561,-8.680000000140353
14.799846,1,0,0,0,1524.2124,-11.890000000221335
14.999844,1,0,0,0,1524.21429,-10.000000000218279
15.199842,1,0,0,0,1524.21334,-10.950000000093496
15.39984,1,0,0,0,1524.21183,-12.460000000146465
15.599838,1,0,0,0,1524.21334,-10.950000000093496
15.799836,1,0,0,0,1524.21334,-10.950000000093496
15.999834,1,0,0,0,1524.21334,-10.950000000093496
16.199832,1,0,0,0,1524.21504,-9.250000000065484
16.39983,1,0,0,0,1524.21334,-10.950000000093496
16.599828,1,0,0,0,1524.21655,-7.740000000012515
16.799826,1,0,0,0,1524.21561,-8.680000000140353
16.999824,1,0,0,0,1524.21183,-12.460000000146465
17.199822,1,0,0,0,1524.21334,-10.950000000093496
17.39982,1,0,0,0,1524.21372,-10.57000000014341
17.599818,1,0,0,0,1524.21504,-9.250000000065484
17.799815,1,0,0,0,1524.21504,-9.250000000065484
17.999813,1,0,0,0,1524.21504,-9.250000000065484
18.199811,1,0,0,0,1524.21145,-12.840000000096552
18.399809,1,0,0,0,1524.21504,-9.250000000065484
18.599807,1,0,0,0,1524.21466,-9.63000000001557
18.799805,1,0,0,0,1524.21372,-10.57000000014341
18.999803,1,0,0,0,1524.21145,-12.840000000096552
19.199801,1,0,0,0,1524.21655,-7.740000000012515
19.399799,1,0,0,0,1524.21504,-9.250000000065484
19.599797,1,0,0,0,1524.2156,-8.690000000115106
19.799795,1,0,0,0,1524.21598,-8.310000000165019
19.999793,1,0,0,0,1524.21504,-9.250000000065484
20.19979,1,0,0,0,1524.21334,-10.950000000093496
20.399788,1,0,0,0,1524.21429,-10.000000000218279
20.599787,1,0,0,0,1524.21372,-10.57000000014341
20.799784,1,0,0,0,1524.21334,-10.950000000093496
20.999782,1,0,0,0,1524.21693,-7.360000000062428
21.19978,1,0,0,0,1524.2192,-5.090000000109285
21.399778,1,0,0,0,1524.21372,-10.57000000014341
21.599776,1,0,0,0,1524.21372,-10.57000000014341
21.799774,1,0,0,0,1524.21429,-10.000000000218279
21.999772,1,0,0,0,1524.21504,-9.250000000065484
22.19977,1,0,0,0,1524.21429,-10.000000000218279
22.399768,1,0,0,0,1524.21561,-8.680000000140353
22.599766,1,0,0,0,1524.21372,-10.57000000014341
22.799763,1,0,0,0,1524.21561,-8.680000000140353
22.999761,1,0,0,0,1524.21504,-9.250000000065484
23.199759,1,0,0,0,1524.21561,-8.680000000140353
23.399757,1,0,0,0,1524.21466,-9.63000000001557
23.599755,1,0,0,0,1524.21504,-9.250000000065484
23.799753,1,0,0,0,1524.21561,-8.680000000140353
23.999751,1,0,0,0,1524.21561,-8.680000000140353
24.199749,1,0,0,0,1524.21599,-8.300000000190266
24.399747,1,0,0,0,1524.21467,-9.620000000040818
24.599745,1,0,0,0,1524.21599,-8.300000000190266
24.799743,1,0,0,0,1524.21561,-8.680000000140353
24.999741,1,0,0,0,1524.21655,-7.740000000012515
25.199739,1,0,0,0,1524.21466,-9.63000000001557
25.399737,1,0,0,0,1524.21372,-10.57000000014341
25.599735,1,0,0,0,1524.21561,-8.680000000140353
25.799732,1,0,0,0,1524.21429,-10.000000000218279
25.99973,1,0,0,0,1524.21693,-7.360000000062428
26.199728,1,0,0,0,1524.21655,-7.740000000012515
26.399726,1,0,0,0,1524.21693,-7.360000000062428
26.599724,1,0,0,0,1524.21504,-9.250000000065484
26.799722,1,0,0,0,1524.21561,-8.680000000140353
26.99972,1,0,0,0,1524.21599,-8.300000000190266
27.199718,1,0,0,0,1524.21693,-7.360000000062428
27.399716,1,0,0,0,1524.21504,-9.250000000065484
27.599714,1,0,0,0,1524.21561,-8.680000000140353
27.799712,1,0,0,0,1524.21561,-8.680000000140353
27.99971,1,0,0,0,1524.21504,-9.250000000065484
28.199708,1,0,0,0,1524.21504,-9.250000000065484
28.399705,1,0,0,0,1524.21372,-10.57000000014341
28.599703,1,0,0,0,1524.21466,-9.63000000001557
28.799701,1,0,0,0,1524.21334,-10.950000000093496
28.999699,1,0,0,0,1524.21372,-10.57000000014341
29.199697,1,0,0,0,1524.21693,-7.360000000062428
29.399695,1,0,0,0,1524.21372,-10.57000000014341
29.599693,1,0,0,0,1524.21334,-10.950000000093496
29.799691,1,0,0,0,1524.21561,-8.680000000140353
29.999689,1,0,0,0,1524.21372,-10.57000000014341
30.199687,1,0,0,0,1524.21504,-9.250000000065484
30.399685,1,0,0,0,1524.21183,-12.460000000146465
30.599683,1,0,0,0,1524.21504,-9.250000000065484
30.79968,1,0,0,0,1524.2156,-8.690000000115106
30.999679,1,0,0,0,1524.21504,-9.250000000065484
31.199676,1,0,0,0,1524.2156,-8.690000000115106
31.399674,1,0,0,0,1524.21504,-9.250000000065484
31.599672,1,0,0,0,1524.21561,-8.680000000140353
31.79967,1,0,0,0,1524.21561,-8.680000000140353
31.999668,1,0,0,0,1524.21504,-9.250000000065484
32.199666,1,0,0,0,1524.21655,-7.740000000012515
32.399664,1,0,0,0,1524.21656,-7.730000000037762
32.599662,1,0,0,0,1524.21599,-8.300000000190266
32.79966,1,0,0,0,1524.21693,-7.360000000062428
32.999658,1,0,0,0,1524.21731,-6.980000000112341
33.199656,1,0,0,0,1524.21504,-9.250000000065484
33.399654,1,0,0,0,1524.21561,-8.680000000140353
33.599652,1,0,0,0,1524.21429,-10.000000000218279
33.799649,1,0,0,0,1524.21504,-9.250000000065484
33.999647,1,0,0,0,1524.21561,-8.680000000140353
34.199645,1,0,0,0,1524.21504,-9.250000000065484
34.399643,1,0,0,0,1524.21731,-6.980000000112341
34.599641,1,0,0,0,1524.21561,-8.680000000140353
34.799639,1,0,0,0,1524.21561,-8.680000000140353
34.999637,1,0,0,0,1524.21504,-9.250000000065484
35.199635,1,0,0,0,1524.21693,-7.360000000062428
35.399633,1,0,0,0,1524.21372,-10.57000000014341
35.599631,1,0,0,0,1524.21504,-9.250000000065484
35.799629,1,0,0,0,1524.21561,-8.680000000140353
35.999627,1,0,0,0,1524.21693,-7.360000000062428
36.199625,1,0,0,0,1524.21693,-7.360000000062428
36.399623,1,0,0,0,1524.21466,-9.63000000001557
36.59962,1,0,0,0,1524.21693,-7.360000000062428
36.799618,1,0,0,0,1524.21466,-9.63000000001557
36.999616,1,0,0,0,1524.21334,-10.950000000093496
37.199614,1,0,0,0,1524.21693,-7.360000000062428
37.399612,1,0,0,0,1524.21561,-8.680000000140353
37.59961,1,0,0,0,1524.21466,-9.63000000001557
37.799608,1,0,0,0,1524.21372,-10.57000000014341
37.999606,1,0,0,0,1524.21334,-10.950000000093496
38.199604,1,0,0,0,1524.21372,-10.57000000014341
38.399602,1,0,0,0,1524.21655,-7.740000000012515
38.5996,1,0,0,0,1524.21334,-10.950000000093496
38.799598,1,0,0,0,1524.21334,-10.950000000093496
38.999595,1,0,0,0,1524.21504,-9.250000000065484
39.199593,1,0,0,0,1524.21467,-9.620000000040818
39.399591,1,0,0,0,1524.21372,-10.57000000014341
39.599589,1,0,0,0,1524.21504,-9.250000000065484
39.799587,1,0,0,0,1524.21335,-10.940000000118744
39.999585,1,0,0,0,1524.21561,-8.680000000140353
40.199583,1,0,0,0,1524.21505,-9.240000000090731
40.399581,1,0,0,0,1524.21505,-9.240000000090731
40.599579,1,0,0,0,1524.21372,-10.57000000014341
40.799577,1,0,0,0,1524.21656,-7.730000000037762
40.999575,1,0,0,0,1524.21693,-7.360000000062428
41.199573,1,0,0,0,1524.21334,-10.950000000093496
41.39957,1,0,0,0,1524.21504,-9.250000000065484
41.599569,1,0,0,0,1524.21504,-9.250000000065484
41.799567,1,0,0,0,1524.21693,-7.360000000062428
41.999564,1,0,0,0,1524.21561,-8.680000000140353
42.199562,1,0,0,0,1524.21693,-7.360000000062428
42.39956,1,0,0,0,1524.21278,-11.510000000043874
42.599558,1,0,0,0,1524.21372,-10.57000000014341
42.799556,1,0,0,0,1524.21505,-9.240000000090731
42.999554,1,0,0,0,1524.21561,-8.680000000140353
43.199552,1,0,0,0,1524.21656,-7.730000000037762
43.39955,1,0,0,0,1524.21561,-8.680000000140353
43.599548,1,0,0,0,1524.21335,-10.940000000118744
43.799546,1,0,0,0,1524.21599,-8.300000000190266
43.999544,1,0,0,0,1524.21561,-8.680000000140353
44.199542,1,0,0,0,1524.21505,-9.240000000090731
44.39954,1,0,0,0,1524.21693,-7.360000000062428
44.599537,1,0,0,0,1524.21693,-7.360000000062428
44.799535,1,0,0,0,1524.21656,-7.730000000037762
44.999533,1,0,0,0,1524.21731,-6.980000000112341
45.199532,1,0,0,0,1524.21561,-8.680000000140353
45.399529,1,0,0,0,1524.21504,-9.250000000065484
45.599527,1,0,0,0,1524.21656,-7.730000000037762
45.799525,1,0,0,0,1524.21731,-6.980000000112341
45.999523,1,0,0,0,1524.21561,-8.680000000140353
46.199521,1,0,0,0,1524.21372,-10.57000000014341
46.399519,1,0,0,0,1524.21561,-8.680000000140353
46.599517,1,0,0,0,1524.21693,-7.360000000062428
46.799515,1,0,0,0,1524.21693,-7.360000000062428
46.999513,1,0,0,0,1524.21561,-8.680000000140353
47.199511,1,0,0,0,1524.21504,-9.250000000065484
47.399508,1,0,0,0,1524.21183,-12.460000000146465
47.599506,1,0,0,0,1524.21089,-13.40000000004693
47.799504,1,0,0,0,1524.21372,-10.57000000014341
47.999502,1,0,0,0,1524.21504,-9.250000000065484
48.1995,1,0,0,0,1524.21372,-10.57000000014341
48.399498,1,0,0,0,1524.21504,-9.250000000065484
48.599496,1,0,0,0,1524.21504,-9.250000000065484
48.799494,1,0,0,0,1524.21504,-9.250000000065484
48.999492,1,0,0,0,1524.21504,-9.250000000065484
49.19949,1,0,0,0,1524.21504,-9.250000000065484
49.399488,1,0,0,0,1524.21429,-10.000000000218279
49.599486,1,0,0,0,1524.21561,-8.680000000140353
49.799484,1,0,0,0,1524.21335,-10.940000000118744
49.999481,1,0,0,0,1524.21656,-7.730000000037762
50.19948,1,0,0,0,1524.21731,-6.980000000112341
50.399477,1,0,0,0,1524.21504,-9.250000000065484
50.599475,1,0,0,0,1524.21656,-7.730000000037762
50.799473,1,0,0,0,1524.21693,-7.360000000062428
50.999471,1,0,0,0,1524.21656,-7.730000000037762
51.199469,1,0,0,0,1524.21334,-10.950000000093496
51.399467,1,0,0,0,1524.21731,-6.980000000112341
51.599465,1,0,0,0,1524.21561,-8.680000000140353
51.799463,1,0,0,0,1524.21504,-9.250000000065484
51.999461,1,0,0,0,1524.21504,-9.250000000065484
52.199459,1,0,0,0,1524.21561,-8.680000000140353
52.399457,1,0,0,0,1524.21561,-8.680000000140353
52.599455,1,0,0,0,1524.21693,-7.360000000062428
52.799452,1,0,0,0,1524.21656,-7.730000000037762
52.99945,1,0,0,0,1524.21561,-8.680000000140353
53.199448,1,0,0,0,1524.21882,-5.470000000059372
53.399446,1,0,0,0,1524.21561,-8.680000000140353
53.599444,1,0,0,0,1524.21693,-7.360000000062428
53.799442,1,0,0,0,1524.21504,-9.250000000065484
53.99944,1,0,0,0,1524.21693,-7.360000000062428
54.199438,1,0,0,0,1524.21693,-7.360000000062428
54.399436,1,0,0,0,1524.21656,-7.730000000037762
54.599434,1,0,0,0,1524.21693,-7.360000000062428
54.799432,1,0,0,0,1524.21693,-7.360000000062428
54.99943,1,0,0,0,1524.21693,-7.360000000062428
55.199428,1,0,0,0,1524.21693,-7.360000000062428
55.399426,1,0,0,0,1524.21655,-7.740000000012515
55.599423,1,0,0,0,1524.21655,-7.740000000012515
55.799421,1,0,0,0,1524.21693,-7.360000000062428
55.999419,1,0,0,0,1524.21561,-8.680000000140353
56.199417,1,0,0,0,1524.21825,-6.040000000211876
56.399415,1,0,0,0,1524.21693,-7.360000000062428
56.599413,1,0,0,0,1524.21882,-5.470000000059372
56.799411,1,0,0,0,1524.21693,-7.360000000062428
56.999409,1,0,0,0,1524.21693,-7.360000000062428
57.199407,1,0,0,0,1524.21655,-7.740000000012515
57.399405,1,0,0,0,1524.21693,-7.360000000062428
57.599403,1,0,0,0,1524.21561,-8.680000000140353
57.799401,1,0,0,0,1524.21372,-10.57000000014341
57.999398,1,0,0,0,1524.21372,-10.57000000014341
58.199397,1,0,0,0,1524.21504,-9.250000000065484
58.399394,1,0,0,0,1524.21504,-9.250000000065484
58.599392,1,0,0,0,1524.21466,-9.63000000001557
58.79939,1,0,0,0,1524.21504,-9.250000000065484
58.999388,1,0,0,0,1524.21504,-9.250000000065484
59.199386,1,0,0,0,1524.21466,-9.63000000001557
59.399384,1,0,0,0,1524.21731,-6.980000000112341
59.599382,1,0,0,0,1524.21655,-7.740000000012515
59.79938,1,0,0,0,1524.21825,-6.040000000211876
59.999378,1,0,0,0,1524.21655,-7.740000000012515
60.199376,1,0,0,0,1524.21598,-8.310000000165019
60.399374,1,0,0,0,1524.21693,-7.360000000062428
60.599372,1,0,0,0,1524.21919,-5.100000000084037
60.79937,1,0,0,0,1524.21693,-7.360000000062428
60.999367,1,0,0,0,1524.21504,-9.250000000065484
61.199365,1,0,0,0,1524.21692,-7.37000000003718
61.399363,1,0,0,0,1524.21692,-7.37000000003718
61.599361,1,0,0,0,1524.2156,-8.690000000115106
61.799359,1,0,0,0,1524.21504,-9.250000000065484
61.999357,1,0,0,0,1524.21881,-5.480000000034124
62.199355,1,0,0,0,1524.21692,-7.37000000003718
62.399353,1,0,0,0,1524.21504,-9.250000000065484
62.599351,1,0,0,0,1524.21504,-9.250000000065484
62.799349,1,0,0,0,1524.21655,-7.740000000012515
62.999347,1,0,0,0,1524.21825,-6.040000000211876
63.199345,1,0,0,0,1524.21882,-5.470000000059372
63.399343,1,0,0,0,1524.21466,-9.63000000001557
63.599341,1,0,0,0,1524.21692,-7.37000000003718
63.799338,1,0,0,0,1524.21881,-5.480000000034124
63.999336,1,0,0,0,1524.2156,-8.690000000115106
64.199334,1,0,0,0,1524.21692,-7.37000000003718
64.399332,1,0,0,0,1524.2173,-6.990000000087093
64.59933,1,0,0,0,1524.2156,-8.690000000115106
64.799328,1,0,0,0,1524.2156,-8.690000000115106
64.999326,1,0,0,0,1524.21598,-8.310000000165019
65.199324,1,0,0,0,1524.21692,-7.37000000003718
65.399322,1,0,0,0,1524.2173,-6.990000000087093
65.59932,1,0,0,0,1524.21692,-7.37000000003718
65.799318,1,0,0,0,1524.21692,-7.37000000003718
65.999316,1,0,0,0,1524.21692,-7.37000000003718
66.199314,1,0,0,0,1524.21881,-5.480000000034124
66.399311,1,0,0,0,1524.21825,-6.040000000211876
66.599309,1,0,0,0,1524.21504,-9.250000000065484
66.799307,1,0,0,0,1524.21919,-5.100000000084037
66.999305,1,0,0,0,1524.22013,-4.160000000183572
67.199303,1,0,0,0,1524.21655,-7.740000000012515
67.399301,1,0,0,0,1524.21655,-7.740000000012515
67.599299,1,0,0,0,1524.21692,-7.37000000003718
67.799297,1,0,0,0,1524.2156,-8.690000000115106
67.999295,1,0,0,0,1524.21881,-5.480000000034124
68.199293,1,0,0,0,1524.21919,-5.100000000084037
68.399291,1,0,0,0,1524.21692,-7.37000000003718
68.599289,1,0,0,0,1524.21881,-5.480000000034124
68.799287,1,0,0,0,1524.21919,-5.100000000084037
68.999285,1,0,0,0,1524.2173,-6.990000000087093
69.199282,1,0,0,0,1524.21825,-6.040000000211876
69.39928,1,0,0,0,1524.21881,-5.480000000034124
69.599278,1,0,0,0,1524.21692,-7.37000000003718
69.799276,1,0,0,0,1524.21466,-9.63000000001557
69.999274,1,0,0,0,1524.21692,-7.37000000003718
70.199272,1,0,0,0,1524.21692,-7.37000000003718
70.39927,1,0,0,0,1524.2156,-8.690000000115106
70.599268,1,0,0,0,1524.2156,-8.690000000115106
70.799266,1,0,0,0,1524.21334,-10.950000000093496
70.999264,1,0,0,0,1524.21504,-9.250000000065484
71.199262,1,0,0,0,1524.21655,-7.740000000012515
71.39926,1,0,0,0,1524.21731,-6.980000000112341
71.599257,1,0,0,0,1524.21693,-7.360000000062428
71.799255,1,0,0,0,1524.21731,-6.980000000112341
71.999253,1,0,0,0,1524.21693,-7.360000000062428
72.199251,1,0,0,0,1524.21655,-7.740000000012515
72.399249,1,0,0,0,1524.21731,-6.980000000112341
72.599247,1,0,0,0,1524.21825,-6.040000000211876
72.799245,1,0,0,0,1524.21731,-6.980000000112341
72.999243,1,0,0,0,1524.22052,-3.7700000000313594
73.199241,1,0,0,0,1524.21466,-9.63000000001557
73.399239,1,0,0,0,1524.21655,-7.740000000012515
73.599237,1,0,0,0,1524.21731,-6.980000000112341
73.799235,1,0,0,0,1524.21693,-7.360000000062428
73.999233,1,0,0,0,1524.21693,-7.360000000062428
74.199231,1,0,0,0,1524.21731,-6.980000000112341
74.399228,1,0,0,0,1524.21693,-7.360000000062428
74.599226,1,0,0,0,1524.21693,-7.360000000062428
74.799224,1,0,0,0,1524.21655,-7.740000000012515
74.999222,1,0,0,0,1524.21731,-6.980000000112341
75.19922,1,0,0,0,1524.21882,-5.470000000059372
75.399218,1,0,0,0,1524.22052,-3.7700000000313594
75.599216,1,0,0,0,1524.21787,-6.420000000161963
75.799214,1,0,0,0,1524.21825,-6.040000000211876
75.999212,1,0,0,0,1524.22108,-3.2100000000809814
76.19921,1,0,0,0,1524.22052,-3.7700000000313594
76.399208,1,0,0,0,1524.21731,-6.980000000112341
76.599206,1,0,0,0,1524.2156,-8.690000000115106
76.799204,1,0,0,0,1524.21882,-5.470000000059372
76.999202,1,0,0,0,1524.21693,-7.360000000062428
77.199199,1,0,0,0,1524.21919,-5.100000000084037
77.399198,1,0,0,0,1524.21825,-6.040000000211876
77.599195,1,0,0,0,1524.21598,-8.310000000165019
77.799193,1,0,0,0,1524.21881,-5.480000000034124
77.999191,1,0,0,0,1524.22051,-3.780000000006112
78.199189,1,0,0,0,1524.21881,-5.480000000034124
78.399187,1,0,0,0,1524.22051,-3.780000000006112
78.599185,1,0,0,0,1524.21881,-5.480000000034124
78.799183,1,0,0,0,1524.21655,-7.740000000012515
78.999181,1,0,0,0,1524.21919,-5.100000000084037
79.199179,1,0,0,0,1524.21881,-5.480000000034124
79.399177,1,0,0,0,1524.21881,-5.480000000034124
79.599174,1,0,0,0,1524.21881,-5.480000000034124
79.799172,1,0,0,0,1524.21825,-6.040000000211876
79.99917,1,0,0,0,1524.21976,-4.530000000158907
80.199168,1,0,0,0,1524.21881,-5.480000000034124
80.399166,1,0,0,0,1524.21825,-6.040000000211876
80.599164,1,0,0,0,1524.21881,-5.480000000034124
80.799162,1,0,0,0,1524.21881,-5.480000000034124
80.99916,1,0,0,0,1524.21881,-5.480000000034124
81.199158,1,0,0,0,1524.22051,-3.780000000006112
81.399156,1,0,0,0,1524.21919,-5.100000000084037
81.599154,1,0,0,0,1524.21824,-6.050000000186628
81.799152,1,0,0,0,1524.21881,-5.480000000034124
81.99915,1,0,0,0,1524.2173,-6.990000000087093
82.199147,1,0,0,0,1524.22013,-4.160000000183572
82.399145,1,0,0,0,1524.21881,-5.480000000034124
82.599144,1,0,0,0,1524.21825,-6.040000000211876
82.799141,1,0,0,0,1524.21692,-7.37000000003718
82.999139,1,0,0,0,1524.2173,-6.990000000087093
83.199137,1,0,0,0,1524.21787,-6.420000000161963
83.399135,1,0,0,0,1524.21881,-5.480000000034124
83.599133,1,0,0,0,1524.21692,-7.37000000003718
83.799131,1,0,0,0,1524.21919,-5.100000000084037
83.999129,1,0,0,0,1524.21881,-5.480000000034124
84.199127,1,0,0,0,1524.21881,-5.480000000034124
84.399125,1,0,0,0,1524.21825,-6.040000000211876
84.599123,1,0,0,0,1524.2173,-6.990000000087093
84.799121,1,0,0,0,1524.22051,-3.780000000006112
84.999119,1,0,0,0,1524.21881,-5.480000000034124
85.199116,1,0,0,0,1524.21881,-5.480000000034124
85.399114,1,0,0,0,1524.2173,-6.990000000087093
85.599112,1,0,0,0,1524.21825,-6.040000000211876
85.79911,1,0,0,0,1524.2156,-8.690000000115106
85.999108,1,0,0,0,1524.2173,-6.990000000087093
86.199106,1,0,0,0,1524.21881,-5.480000000034124
86.399104,1,0,0,0,1524.22014,-4.15000000020882
86.599102,1,0,0,0,1524.21787,-6.420000000161963
86.7991,1,0,0,0,1524.21881,-5.480000000034124
86.999098,1,0,0,0,1524.21692,-7.37000000003718
87.199096,1,0,0,0,1524.21919,-5.100000000084037
87.399094,1,0,0,0,1524.21919,-5.100000000084037
87.599092,1,0,0,0,1524.21881,-5.480000000034124
87.79909,1,0,0,0,1524.2173,-6.990000000087093
87.999087,1,0,0,0,1524.22108,-3.2100000000809814
88.199085,1,0,0,0,1524.22052,-3.7700000000313594
88.399083,1,0,0,0,1524.21882,-5.470000000059372
88.599081,1,0,0,0,1524.21919,-5.100000000084037
88.799079,1,0,0,0,1524.21957,-4.72000000013395
88.999077,1,0,0,0,1524.21919,-5.100000000084037
89.199075,1,0,0,0,1524.21882,-5.470000000059372
89.399073,1,0,0,0,1524.21731,-6.980000000112341
89.599071,1,0,0,0,1524.22108,-3.2100000000809814
89.799069,1,0,0,0,1524.22052,-3.7700000000313594
89.999067,1,0,0,0,1524.21882,-5.470000000059372
90.199065,1,0,0,0,1524.22052,-3.7700000000313594
90.399063,1,0,0,0,1524.21825,-6.040000000211876
90.599061,1,0,0,0,1524.21882,-5.470000000059372
90.799058,1,0,0,0,1524.22052,-3.7700000000313594
90.999056,1,0,0,0,1524.21731,-6.980000000112341
91.199054,1,0,0,0,1524.22241,-1.8800000000283035
91.399052,1,0,0,0,1524.2192,-5.090000000109285
91.59905,1,0,0,0,1524.22109,-3.200000000106229
91.799048,1,0,0,0,1524.22241,-1.8800000000283035
91.999046,1,0,0,0,1524.22241,-1.8800000000283035
92.199044,1,0,0,0,1524.21882,-5.470000000059372
92.399042,1,0,0,0,1524.22052,-3.7700000000313594
92.59904,1,0,0,0,1524.22279,-1.5000000000782165
92.799038,1,0,0,0,1524.22052,-3.7700000000313594
92.999036,1,0,0,0,1524.21919,-5.100000000084037
93.199033,1,0,0,0,1524.21919,-5.100000000084037
93.399031,1,0,0,0,1524.21731,-6.980000000112341
93.599029,1,0,0,0,1524.22014,-4.15000000020882
93.799027,1,0,0,0,1524.21957,-4.72000000013395
93.999025,1,0,0,0,1524.2192,-5.090000000109285
94.199023,1,0,0,0,1524.22052,-3.7700000000313594
94.399021,1,0,0,0,1524.22108,-3.2100000000809814
94.599019,1,0,0,0,1524.21882,-5.470000000059372
94.799017,1,0,0,0,1524.21882,-5.470000000059372
94.999015,1,0,0,0,1524.22014,-4.15000000020882
95.199013,1,0,0,0,1524.21882,-5.470000000059372
95.399011,1,0,0,0,1524.2192,-5.090000000109285
95.599009,1,0,0,0,1524.22052,-3.7700000000313594
95.799006,1,0,0,0,1524.21919,-5.100000000084037
95.999005,1,0,0,0,1524.22052,-3.7700000000313594
96.199002,1,0,0,0,1524.21919,-5.100000000084037
96.399,1,0,0,0,1524.22051,-3.780000000006112
96.598998,1,0,0,0,1524.22014,-4.15000000020882
96.798996,1,0,0,0,1524.21919,-5.100000000084037
96.998994,1,0,0,0,1524.21881,-5.480000000034124
97.198992,1,0,0,0,1524.21655,-7.740000000012515
97.39899,1,0,0,0,1524.21919,-5.100000000084037
97.598988,1,0,0,0,1524.21731,-6.980000000112341
97.798986,1,0,0,0,1524.21882,-5.470000000059372
97.998984,1,0,0,0,1524.21787,-6.420000000161963
98.198982,1,0,0,0,1524.22051,-3.780000000006112
98.39898,1,0,0,0,1524.21881,-5.480000000034124
98.598978,1,0,0,0,1524.22051,-3.780000000006112
98.798975,1,0,0,0,1524.21731,-6.980000000112341
98.998973,1,0,0,0,1524.21882,-5.470000000059372
99.198972,1,0,0,0,1524.22014,-4.15000000020882
99.398969,1,0,0,0,1524.22108,-3.2100000000809814
99.598967,1,0,0,0,1524.21882,-5.470000000059372
99.798965,1,0,0,0,1524.21882,-5.470000000059372
99.998963,1,0,0,0,1524.21731,-6.980000000112341
100.198961,1,0,0,0,1524.2192,-5.090000000109285
100.398959,1,0,0,0,1524.22052,-3.7700000000313594
100.598957,1,0,0,0,1524.22014,-4.15000000020882
100.798955,1,0,0,0,1524.22052,-3.7700000000313594
100.998953,1,0,0,0,1524.22278,-1.510000000052969
101.198951,1,0,0,0,1524.22052,-3.7700000000313594
101.398948,1,0,0,0,1524.22052,-3.7700000000313594
101.598947,1,0,0,0,1524.21825,-6.040000000211876
101.798944,1,0,0,0,1524.21825,-6.040000000211876
101.998942,1,0,0,0,1524.21882,-5.470000000059372
102.19894,1,0,0,0,1524.22052,-3.7700000000313594
102.398938,1,0,0,0,1524.22108,-3.2100000000809814
102.598936,1,0,0,0,1524.22014,-4.15000000020882
102.798934,1,0,0,0,1524.22052,-3.7700000000313594
102.998932,1,0,0,0,1524.21731,-6.980000000112341
103.19893,1,0,0,0,1524.22241,-1.8800000000283035
103.398928,1,0,0,0,1524.21882,-5.470000000059372
103.598926,1,0,0,0,1524.22203,-2.260000000205764
103.798923,1,0,0,0,1524.21882,-5.470000000059372
103.998921,1,0,0,0,1524.22052,-3.7700000000313594
104.198919,1,0,0,0,1524.22108,-3.2100000000809814
104.398917,1,0,0,0,1524.22203,-2.260000000205764
104.598915,1,0,0,0,1524.22108,-3.2100000000809814
104.798913,1,0,0,0,1524.22052,-3.7700000000313594
104.998911,1,0,0,0,1524.22108,-3.2100000000809814
105.198909,1,0,0,0,1524.22335,-0.9400000001278386
105.398907,1,0,0,0,1524.22241,-1.8800000000283035
105.598905,1,0,0,0,1524.22203,-2.260000000205764
105.798903,1,0,0,0,1524.22108,-3.2100000000809814
105.998901,1,0,0,0,1524.22241,-1.8800000000283035
106.198899,1,0,0,0,1524.22146,-2.8300000001308945
106.398897,1,0,0,0,1524.22052,-3.7700000000313594
106.598895,1,0,0,0,1524.2224,-1.890000000003056
106.798892,1,0,0,0,1524.22203,-2.260000000205764
106.998891,1,0,0,0,1524.22203,-2.260000000205764
107.198888,1,0,0,0,1524.22051,-3.780000000006112
107.398886,1,0,0,0,1524.22051,-3.780000000006112
107.598884,1,0,0,0,1524.22051,-3.780000000006112
107.798882,1,0,0,0,1524.2224,-1.890000000003056
107.99888,1,0,0,0,1524.22051,-3.780000000006112
108.198878,1,0,0,0,1524.22429,0.0
108.398876,1,0,0,0,1524.22108,-3.2100000000809814
108.598874,1,0,0,0,1524.22108,-3.2100000000809814
108.798872,1,0,0,0,1524.22108,-3.2100000000809814
108.99887,1,0,0,0,1524.22278,-1.510000000052969
109.198868,1,0,0,0,1524.2224,-1.890000000003056
109.398866,1,0,0,0,1524.22051,-3.780000000006112
109.598864,1,0,0,0,1524.22278,-1.510000000052969
109.798862,1,0,0,0,1524.22429,0.0
109.998859,1,0,0,0,1524.22278,-1.510000000052969
110.198857,1,0,0,0,1524.22108,-3.2100000000809814
110.398855,1,0,0,0,1524.22051,-3.780000000006112
110.598853,1,0,0,0,1524.21919,-5.100000000084037
110.798851,1,0,0,0,1524.2224,-1.890000000003056
110.998849,1,0,0,0,1524.22051,-3.780000000006112
111.198847,1,0,0,0,1524.2156,-8.690000000115106
111.398845,1,0,0,0,1524.20276,-21.530000000211658
111.598843,1,0,0,0,1524.21692,-7.37000000003718
111.798841,1,0,0,0,1524.22618,1.890000000003056
111.998839,1,0,0,0,1524.22108,-3.2100000000809814
112.198837,1,0,0,0,1524.22618,1.890000000003056
112.398834,1,0,0,0,1524.22429,0.0
112.598832,1,0,0,0,1524.22391,-0.3800000001774606
112.79883,1,0,0,0,1524.22278,-1.510000000052969
112.998828,1,0,0,0,1524.22146,-2.8300000001308945
113.198826,1,0,0,0,1524.22051,-3.780000000006112
113.398824,1,0,0,0,1524.2224,-1.890000000003056
113.598822,1,0,0,0,1524.2224,-1.890000000003056
113.79882,1,0,0,0,1524.23166,7.3699999998098065
113.998818,1,0,0,0,1524.23166,7.3699999998098065
114.198816,1,0,0,0,1524.21731,-6.980000000112341
114.398814,1,0,0,0,1524.25037,26.079999999865322
114.598812,1,0,0,0,1524.23393,9.639999999990323
114.79881,1,0,0,0,1524.24583,21.539999999959036
114.998808,1,0,0,0,1524.24338,19.08999999977823
115.198805,1,0,0,0,1524.2617,37.409999999908905
115.398803,1,0,0,0,1524.26869,44.399999999996
115.598801,1,0,0,0,1524.25206,27.769999999918582
115.798799,1,0,0,0,1524.26642,42.12999999981548
115.998797,1,0,0,0,1524.27775,53.459999999859065
116.198795,1,0,0,0,1524.31988,95.58999999990192
116.398793,1,0,0,0,1524.28323,58.93999999989319
116.598791,1,0,0,0,1524.27171,47.41999999987456
116.798789,1,0,0,0,1524.25168,27.389999999968495
116.998787,1,0,0,0,1524.2634,39.10999999993692
117.198785,1,0,0,0,1524.18255,-41.740000000118016
117.398783,1,0,0,0,1524.13684,-87.45000000021719
117.598781,1,0,0,0,1524.22977,5.479999999806751
117.798779,1,0,0,0,1524.29003,65.73999999977787
117.998776,1,0,0,0,1524.31592,91.62999999989552
118.198774,1,0,0,0,1524.37637,152.07999999984168
118.398772,1,0,0,0,1524.35276,128.4699999998793
118.59877,1,0,0,0,1524.43362,209.32999999990898
118.798768,1,0,0,0,1524.39848,174.18999999995322
118.998766,1,0,0,0,1524.32007,95.77999999987696
119.198764,1,0,0,0,1524.35993,135.63999999996668
119.398762,1,0,0,0,1524.40585,181.5599999999904
119.59876,1,0,0,0,1524.38922,164.92999999991298
119.798758,1,0,0,0,1524.3673,143.00999999977648
119.998756,1,0,0,0,1524.3673,143.00999999977648
120.198754,1,0,0,0,1524.51299,288.6999999998352
120.398751,1,0,0,0,1524.44288,218.5899999999492
120.598749,1,0,0,0,1524.42984,205.54999999990287
120.798747,1,0,0,0,1524.43362,209.32999999990898
120.998745,1,0,0,0,1524.44666,222.36999999995533
121.198743,1,0,0,0,1524.43362,209.32999999990898
121.398741,1,0,0,0,1524.40585,181.5599999999904
121.598739,1,0,0,0,1524.42059,196.29999999983738
121.798737,1,0,0,0,1524.43362,209.32999999990898
121.998735,1,0,0,0,1524.41322,188.9299999998002
122.198733,1,0,0,0,1524.36371,139.4199999999728
122.398731,1,0,0,0,1524.33594,111.64999999982683
122.598729,1,0,0,0,1524.2923,68.00999999995838
122.798727,1,0,0,0,1524.24072,16.429999999900247
122.998724,1,0,0,0,1524.20823,-16.060000000152286
123.198722,1,0,0,0,1524.0966,-127.69000000002961
123.398721,1,0,0,0,1524.05921,-165.0800000002164
123.598718,1,0,0,0,1524.04825,-176.04000000005726
123.798716,1,0,0,0,1524.0492,-175.09000000018204
123.998714,1,0,0,0,1524.04466,-179.63000000008833
124.198712,1,0,0,0,1524.04731,-176.9800000001851
124.39871,1,0,0,0,1524.04466,-179.63000000008833
124.598708,1,0,0,0,1524.04825,-176.04000000005726
124.798706,1,0,0,0,1524.04636,-177.93000000006032
124.998704,1,0,0,0,1524.04731,-176.9800000001851
125.198702,1,0,0,0,1524.04466,-179.63000000008833
125.3987,1,0,0,0,1524.04825,-176.04000000005726
125.598698,1,0,0,0,1524.04731,-176.9800000001851
125.798696,1,0,0,0,1524.04636,-177.93000000006032
125.998693,1,0,0,0,1524.04466,-179.63000000008833
126.198691,1,0,0,0,1524.0475,-176.79000000021006
126.398689,1,0,0,0,1524.04372,-180.57000000021617
126.598687,1,0,0,0,1524.04542,-178.87000000018816
126.798685,1,0,0,0,1524.04372,-180.57000000021617
126.998683,1,0,0,0,1524.04372,-180.57000000021617
127.198681,1,0,0,0,1524.04636,-177.93000000006032
127.398679,1,0,0,0,1524.04636,-177.93000000006032
127.598677,1,0,0,0,1524.04636,-177.93000000006032
127.798675,1,0,0,0,1524.04636,-177.93000000006032
127.998673,1,0,0,0,1524.04466,-179.63000000008833
128.198671,1,0,0,0,1524.04636,-177.93000000006032
128.398669,1,0,0,0,1524.04636,-177.93000000006032
128.598666,1,0,0,0,1524.04542,-178.87000000018816
128.798664,1,0,0,0,1524.04825,-176.04000000005726
128.998662,1,0,0,0,1524.04561,-178.6800000002131
129.19866,1,0,0,0,1524.04636,-177.93000000006032
129.398658,1,0,0,0,1524.04542,-178.87000000018816
129.598656,1,0,0,0,1524.04636,-177.93000000006032
129.798654,1,0,0,0,1524.04825,-176.04000000005726
129.998652,1,0,0,0,1524.05014,-174.1500000000542
130.19865,1,0,0,0,1524.04636,-177.93000000006032
130.398648,1,0,0,0,1524.04825,-176.04000000005726
130.598646,1,0,0,0,1524.04807,-176.22000000005755
130.798644,1,0,0,0,1524.04636,-177.93000000006032
130.998642,1,0,0,0,1524.04636,-177.93000000006032
131.19864,1,0,0,0,1524.04825,-176.04000000005726
131.398638,1,0,0,0,1524.05014,-174.1500000000542
131.598635,1,0,0,0,1524.0492,-175.09000000018204
131.798633,1,0,0,0,1524.05014,-174.1500000000542
131.998631,1,0,0,0,1524.04825,-176.04000000005726
132.198629,1,0,0,0,1524.04825,-176.04000000005726
132.398627,1,0,0,0,1524.04466,-179.63000000008833
132.598625,1,0,0,0,1524.04825,-176.04000000005726
132.798623,1,0,0,0,1524.05014,-174.1500000000542
132.998621,1,0,0,0,1524.04825,-176.04000000005726
133.198619,1,0,0,0,1524.04919,-175.1000000001568
133.398617,1,0,0,0,1524.04636,-177.93000000006032
133.598615,1,0,0,0,1524.04825,-176.04000000005726
133.798613,1,0,0,0,1524.04542,-178.87000000018816
133.99861,1,0,0,0,1524.04277,-181.5200000000914
134.198609,1,0,0,0,1524.04542,-178.87000000018816
134.398607,1,0,0,0,1524.04372,-180.57000000021617
134.598604,1,0,0,0,1524.04277,-181.5200000000914
134.798602,1,0,0,0,1524.04542,-178.87000000018816
134.9986,1,0,0,0,1524.04806,-176.2300000000323
135.198598,1,0,0,0,1524.04542,-178.87000000018816
135.398596,1,0,0,0,1524.04561,-178.6800000002131
135.598594,1,0,0,0,1524.04447,-179.82000000006337
135.798592,1,0,0,0,1524.04372,-180.57000000021617
135.99859,1,0,0,0,1524.04806,-176.2300000000323
136.198588,1,0,0,0,1524.04542,-178.87000000018816
136.398586,1,0,0,0,1524.04466,-179.63000000008833
136.598584,1,0,0,0,1524.04825,-176.04000000005726
136.798581,1,0,0,0,1524.04561,-178.6800000002131
136.998579,1,0,0,0,1524.04542,-178.87000000018816
137.198577,1,0,0,0,1524.04636,-177.93000000006032
137.398575,1,0,0,0,1524.04561,-178.6800000002131
137.598573,1,0,0,0,1524.04637,-177.92000000008557
137.798571,1,0,0,0,1524.04637,-177.92000000008557
137.998569,1,0,0,0,1524.04637,-177.92000000008557
138.198567,1,0,0,0,1524.04542,-178.87000000018816
138.398565,1,0,0,0,1524.04731,-176.9800000001851
138.598563,1,0,0,0,1524.05015,-174.14000000007945
138.798561,1,0,0,0,1524.0475,-176.79000000021006
138.998559,1,0,0,0,1524.04542,-178.87000000018816
139.198557,1,0,0,0,1524.04731,-176.9800000001851
139.398555,1,0,0,0,1524.05015,-174.14000000007945
139.598552,1,0,0,0,1524.04731,-176.9800000001851
139.79855,1,0,0,0,1524.04731,-176.9800000001851
139.998548,1,0,0,0,1524.04731,-176.9800000001851
140.198546,1,0,0,0,1524.05203,-172.26000000005115
140.398544,1,0,0,0,1524.04826,-176.0300000000825
140.598542,1,0,0,0,1524.0492,-175.09000000018204
140.79854,1,0,0,0,1524.04637,-177.92000000008557
140.998538,1,0,0,0,1524.04637,-177.92000000008557
141.198536,1,0,0,0,1524.04467,-179.62000000011358
141.398534,1,0,0,0,1524.04637,-177.92000000008557
141.598532,1,0,0,0,1524.04542,-178.87000000018816
141.79853,1,0,0,0,1524.04731,-176.9800000001851
141.998528,1,0,0,0,1524.04561,-178.6800000002131
142.198525,1,0,0,0,1524.04731,-176.9800000001851
142.398523,1,0,0,0,1524.04826,-176.0300000000825
142.598521,1,0,0,0,1524.04637,-177.92000000008557
142.798519,1,0,0,0,1524.04637,-177.92000000008557
142.998517,1,0,0,0,1524.04826,-176.0300000000825
143.198515,1,0,0,0,1524.04637,-177.92000000008557
143.398513,1,0,0,0,1524.04561,-178.6800000002131
143.598511,1,0,0,0,1524.04637,-177.92000000008557
143.798509,1,0,0,0,1524.05014,-174.1500000000542
143.998507,1,0,0,0,1524.04731,-176.9800000001851
144.198505,1,0,0,0,1524.04731,-176.9800000001851
144.398503,1,0,0,0,1524.04807,-176.22000000005755
144.598501,1,0,0,0,1524.04467,-179.62000000011358
144.798499,1,0,0,0,1524.0475,-176.79000000021006
144.998497,1,0,0,0,1524.0492,-175.09000000018204
145.198494,1,0,0,0,1524.04637,-177.92000000008557
145.398492,1,0,0,0,1524.0509,-173.39000000015403
145.59849,1,0,0,0,1524.04826,-176.0300000000825
145.798488,1,0,0,0,1524.04826,-176.0300000000825
145.998486,1,0,0,0,1524.0492,-175.09000000018204
146.198484,1,0,0,0,1524.04826,-176.0300000000825
146.398482,1,0,0,0,1524.04825,-176.04000000005726
146.59848,1,0,0,0,1524.04825,-176.04000000005726
146.798478,1,0,0,0,1524.0492,-175.09000000018204
146.998476,1,0,0,0,1524.04731,-176.9800000001851
147.198474,1,0,0,0,1524.04825,-176.04000000005726
147.398472,1,0,0,0,1524.05014,-174.1500000000542
147.598469,1,0,0,0,1524.04731,-176.9800000001851
147.798467,1,0,0,0,1524.04825,-176.04000000005726
147.998465,1,0,0,0,1524.0492,-175.09000000018204
148.198463,1,0,0,0,1524.04731,-176.9800000001851
148.398461,1,0,0,0,1524.04825,-176.04000000005726
148.598459,1,0,0,0,1524.0492,-175.09000000018204
148.798457,1,0,0,0,1524.05014,-174.1500000000542
148.998455,1,0,0,0,1524.0492,-175.09000000018204
149.198453,1,0,0,0,1524.05014,-174.1500000000542
149.398451,1,0,0,0,1524.05014,-174.1500000000542
149.598449,1,0,0,0,1524.05014,-174.1500000000542
149.798447,1,0,0,0,1524.0492,-175.09000000018204
149.998445,1,0,0,0,1524.04825,-176.04000000005726
150.198443,1,0,0,0,1524.04825,-176.04000000005726
150.398441,1,0,0,0,1524.04278,-181.51000000011663
150.598439,1,0,0,0,1524.04825,-176.04000000005726
150.798436,1,0,0,0,1524.04636,-177.93000000006032
150.998434,1,0,0,0,1524.0475,-176.79000000021006
151.198432,1,0,0,0,1524.04655,-177.74000000008527
151.39843,1,0,0,0,1524.05108,-173.21000000015374
151.598428,1,0,0,0,1524.04731,-176.9800000001851
151.798426,1,0,0,0,1524.0475,-176.79000000021006
151.998424,1,0,0,0,1524.04825,-176.04000000005726
152.198422,1,0,0,0,1524.04636,-177.93000000006032
152.39842,1,0,0,0,1524.04731,-176.9800000001851
152.598418,1,0,0,0,1524.0492,-175.09000000018204
152.798416,1,0,0,0,1524.04637,-177.92000000008557
152.998414,1,0,0,0,1524.04731,-176.9800000001851
153.198411,1,0,0,0,1524.0509,-173.39000000015403
153.39841,1,0,0,0,1524.04826,-176.0300000000825
153.598407,1,0,0,0,1524.04826,-176.0300000000825
153.798405,1,0,0,0,1524.0492,-175.09000000018204
153.998403,1,0,0,0,1524.05015,-174.14000000007945
154.198401,1,0,0,0,1524.04826,-176.0300000000825
154.398399,1,0,0,0,1524.0492,-175.09000000018204
154.598397,1,0,0,0,1524.0492,-175.09000000018204
154.798395,1,0,0,0,1524.0492,-175.09000000018204
154.998393,1,0,0,0,1524.0492,-175.09000000018204
155.198391,1,0,0,0,1524.04845,-175.84000000010747
155.398389,1,0,0,0,1524.0492,-175.09000000018204
155.598387,1,0,0,0,1524.04731,-176.9800000001851
155.798384,1,0,0,0,1524.04731,-176.9800000001851
155.998383,1,0,0,0,1524.0492,-175.09000000018204
156.19838,1,0,0,0,1524.05014,-174.1500000000542
156.398378,1,0,0,0,1524.04826,-176.0300000000825
156.598376,1,0,0,0,1524.0492,-175.09000000018204
156.798374,1,0,0,0,1524.0475,-176.79000000021006
156.998372,1,0,0,0,1524.04826,-176.0300000000825
157.19837,1,0,0,0,1524.04826,-176.0300000000825
157.398368,1,0,0,0,1524.04637,-177.92000000008557
157.598366,1,0,0,0,1524.04826,-176.0300000000825
157.798364,1,0,0,0,1524.04731,-176.9800000001851
157.998362,1,0,0,0,1524.0509,-173.39000000015403
158.198359,1,0,0,0,1524.0492,-175.09000000018204
158.398358,1,0,0,0,1524.04826,-176.0300000000825
158.598356,1,0,0,0,1524.0475,-176.79000000021006
158.798353,1,0,0,0,1524.04826,-176.0300000000825
158.998352,1,0,0,0,1524.05015,-174.14000000007945
159.198349,1,0,0,0,1524.04826,-176.0300000000825
159.398347,1,0,0,0,1524.05279,-171.50000000015098
159.598345,1,0,0,0,1524.0492,-175.09000000018204
159.798343,1,0,0,0,1524.04826,-176.0300000000825
159.998341,1,0,0,0,1524.0492,-175.09000000018204
160.198339,1,0,0,0,1524.04637,-177.92000000008557
160.398337,1,0,0,0,1524.04826,-176.0300000000825
160.598335,1,0,0,0,1524.05204,-172.2500000000764
160.798333,1,0,0,0,1524.04751,-176.78000000000793
160.998331,1,0,0,0,1524.05015,-174.14000000007945
161.198328,1,0,0,0,1524.04921,-175.0800000002073
161.398327,1,0,0,0,1524.05091,-173.38000000017928
161.598324,1,0,0,0,1524.05109,-173.200000000179
161.798322,1,0,0,0,1524.04826,-176.0300000000825
161.99832,1,0,0,0,1524.05355,-170.74000000002343
162.198318,1,0,0,0,1524.0509,-173.39000000015403
162.398316,1,0,0,0,1524.05015,-174.14000000007945
162.598314,1,0,0,0,1524.05015,-174.14000000007945
162.798312,1,0,0,0,1524.0492,-175.09000000018204
162.99831,1,0,0,0,1524.05015,-174.14000000007945
163.198308,1,0,0,0,1524.0492,-175.09000000018204
163.398306,1,0,0,0,1524.05204,-172.2500000000764
163.598304,1,0,0,0,1524.05185,-172.44000000005144
163.798301,1,0,0,0,1524.05109,-173.200000000179
163.9983,1,0,0,0,1524.0492,-175.09000000018204
164.198297,1,0,0,0,1524.0509,-173.39000000015403
164.398296,1,0,0,0,1524.0509,-173.39000000015403
164.598293,1,0,0,0,1524.0492,-175.09000000018204
164.798291,1,0,0,0,1524.0509,-173.39000000015403
164.998289,1,0,0,0,1524.05374,-170.55000000004839
165.198287,1,0,0,0,1524.0509,-173.39000000015403
165.398285,1,0,0,0,1524.05015,-174.14000000007945
165.598283,1,0,0,0,1524.05109,-173.200000000179
165.798281,1,0,0,0,1524.05015,-174.14000000007945
165.998279,1,0,0,0,1524.05091,-173.38000000017928
166.198277,1,0,0,0,1524.05374,-170.55000000004839
166.398275,1,0,0,0,1524.05015,-174.14000000007945
166.598273,1,0,0,0,1524.05109,-173.200000000179
166.79827,1,0,0,0,1524.05109,-173.200000000179
166.998268,1,0,0,0,1524.05374,-170.55000000004839
167.198266,1,0,0,0,1524.05563,-168.66000000004533
167.398264,1,0,0,0,1524.0528,-171.49000000017622
167.598262,1,0,0,0,1524.05374,-170.55000000004839
167.79826,1,0,0,0,1524.05204,-172.2500000000764
167.998258,1,0,0,0,1524.05015,-174.14000000007945
168.198256,1,0,0,0,1524.0528,-171.49000000017622
168.398254,1,0,0,0,1524.05261,-171.68000000015127
168.598252,1,0,0,0,1524.05298,-171.31000000017593
168.79825,1,0,0,0,1524.05204,-172.2500000000764
168.998248,1,0,0,0,1524.0528,-171.49000000017622
169.198246,1,0,0,0,1524.05204,-172.2500000000764
169.398243,1,0,0,0,1524.05469,-169.60000000017317
169.598241,1,0,0,0,1524.05374,-170.55000000004839
169.798239,1,0,0,0,1524.04921,-175.0800000002073
169.998237,1,0,0,0,1524.04826,-176.0300000000825
170.198235,1,0,0,0,1524.05015,-174.14000000007945
170.398233,1,0,0,0,1524.05015,-174.14000000007945
170.598231,1,0,0,0,1524.05091,-173.38000000017928
170.798229,1,0,0,0,1524.05015,-174.14000000007945
170.998227,1,0,0,0,1524.05015,-174.14000000007945
171.198225,1,0,0,0,1524.05185,-172.44000000005144
171.398223,1,0,0,0,1524.04921,-175.0800000002073
171.598221,1,0,0,0,1524.05091,-173.38000000017928
171.798218,1,0,0,0,1524.05015,-174.14000000007945
171.998217,1,0,0,0,1524.05204,-172.2500000000764
172.198215,1,0,0,0,1524.05015,-174.14000000007945
172.398212,1,0,0,0,1524.04921,-175.0800000002073
172.59821,1,0,0,0,1524.04751,-176.78000000000793
172.798208,1,0,0,0,1524.04921,-175.0800000002073
172.998206,1,0,0,0,1524.04997,-174.32000000007974
173.198204,1,0,0,0,1524.04808,-176.2100000000828
173.398202,1,0,0,0,1524.04921,-175.0800000002073
173.5982,1,0,0,0,1524.04921,-175.0800000002073
173.798198,1,0,0,0,1524.04638,-177.9100000001108
173.998196,1,0,0,0,1524.04827,-176.02000000010776
174.198194,1,0,0,0,1524.0511,-173.19000000020424
174.398192,1,0,0,0,1524.04921,-175.0800000002073
174.59819,1,0,0,0,1524.04921,-175.0800000002073
174.798187,1,0,0,0,1524.04827,-176.02000000010776
174.998186,1,0,0,0,1524.05015,-174.14000000007945
175.198184,1,0,0,0,1524.04997,-174.32000000007974
175.398181,1,0,0,0,1524.05015,-174.14000000007945
175.598179,1,0,0,0,1524.04827,-176.02000000010776
175.798177,1,0,0,0,1524.05204,-172.2500000000764
175.998175,1,0,0,0,1524.04827,-176.02000000010776
176.198173,1,0,0,0,1524.05091,-173.38000000017928
176.398171,1,0,0,0,1524.0511,-173.19000000020424
176.598169,1,0,0,0,1524.05204,-172.2500000000764
176.798167,1,0,0,0,1524.05091,-173.38000000017928
176.998165,1,0,0,0,1524.04921,-175.0800000002073
177.198163,1,0,0,0,1524.05091,-173.38000000017928
177.39816,1,0,0,0,1524.0511,-173.19000000020424
177.598159,1,0,0,0,1524.05016,-174.1300000001047
177.798156,1,0,0,0,1524.04921,-175.0800000002073
177.998154,1,0,0,0,1524.05205,-172.24000000010165
178.198152,1,0,0,0,1524.05205,-172.24000000010165
178.39815,1,0,0,0,1524.05205,-172.24000000010165
178.598148,1,0,0,0,1524.04733,-176.96000000000822
178.798146,1,0,0,0,1524.05016,-174.1300000001047
178.998144,1,0,0,0,1524.05205,-172.24000000010165
179.198142,1,0,0,0,1524.05299,-171.30000000020118
179.39814,1,0,0,0,1524.05016,-174.1300000001047
179.598138,1,0,0,0,1524.05205,-172.24000000010165
179.798136,1,0,0,0,1524.05205,-172.24000000010165
179.998134,1,0,0,0,1524.0528,-171.49000000017622
180.198132,1,0,0,0,1524.05091,-173.38000000017928
180.398129,1,0,0,0,1524.05015,-174.14000000007945
180.598127,1,0,0,0,1524.05204,-172.2500000000764
180.798125,1,0,0,0,1524.05374,-170.55000000004839
180.998123,1,0,0,0,1524.05185,-172.44000000005144
181.198121,1,0,0,0,1524.05204,-172.2500000000764
181.398119,1,0,0,0,1524.05204,-172.2500000000764
181.598117,1,0,0,0,1524.05091,-173.38000000017928
181.798115,1,0,0,0,1524.05205,-172.24000000010165
181.998113,1,0,0,0,1524.05375,-170.54000000007363
182.198111,1,0,0,0,1524.05091,-173.38000000017928
182.398109,1,0,0,0,1524.05299,-171.30000000020118
182.598107,1,0,0,0,1524.05299,-171.30000000020118
182.798105,1,0,0,0,1524.05091,-173.38000000017928
182.998102,1,0,0,0,1524.05375,-170.54000000007363
183.198101,1,0,0,0,1524.05186,-172.4300000000767
183.398098,1,0,0,0,1524.05091,-173.38000000017928
183.598096,1,0,0,0,1524.05205,-172.24000000010165
183.798094,1,0,0,0,1524.05016,-174.1300000001047
183.998092,1,0,0,0,1524.05356,-170.73000000004868
184.19809,1,0,0,0,1524.05299,-171.30000000020118
184.398088,1,0,0,0,1524.05375,-170.54000000007363
184.598086,1,0,0,0,1524.05375,-170.54000000007363
184.798084,1,0,0,0,1524.0528,-171.49000000017622
184.998082,1,0,0,0,1524.05375,-170.54000000007363
185.19808,1,0,0,0,1524.05299,-171.30000000020118
185.398077,1,0,0,0,1524.05205,-172.24000000010165
185.598076,1,0,0,0,1524.0528,-171.49000000017622
185.798074,1,0,0,0,1524.05299,-171.30000000020118
185.998071,1,0,0,0,1524.05564,-168.65000000007058
186.198069,1,0,0,0,1524.05375,-170.54000000007363
186.398067,1,0,0,0,1524.05205,-172.24000000010165
186.598065,1,0,0,0,1524.05375,-170.54000000007363
186.798063,1,0,0,0,1524.05469,-169.60000000017317
186.998061,1,0,0,0,1524.05469,-169.60000000017317
187.198059,1,0,0,0,1524.05469,-169.60000000017317
187.398057,1,0,0,0,1524.05563,-168.66000000004533
187.598055,1,0,0,0,1524.05375,-170.54000000007363
187.798053,1,0,0,0,1524.0528,-171.49000000017622
187.998051,1,0,0,0,1524.05375,-170.54000000007363
188.198049,1,0,0,0,1524.05356,-170.73000000004868
188.398046,1,0,0,0,1524.05205,-172.24000000010165
188.598045,1,0,0,0,1524.05205,-172.24000000010165
188.798043,1,0,0,0,1524.0528,-171.49000000017622
188.99804,1,0,0,0,1524.05375,-170.54000000007363
189.198038,1,0,0,0,1524.05205,-172.24000000010165
189.398036,1,0,0,0,1524.04922,-175.07000000000517
189.598034,1,0,0,0,1524.05016,-174.1300000001047
189.798032,1,0,0,0,1524.05205,-172.24000000010165
189.99803,1,0,0,0,1524.05375,-170.54000000007363
190.198028,1,0,0,0,1524.05205,-172.24000000010165
190.398026,1,0,0,0,1524.05469,-169.60000000017317
190.598024,1,0,0,0,1524.05186,-172.4300000000767
190.798022,1,0,0,0,1524.05375,-170.54000000007363
190.99802,1,0,0,0,1524.05375,-170.54000000007363
191.198017,1,0,0,0,1524.05092,-173.37000000020453
191.398015,1,0,0,0,1524.0528,-171.49000000017622
191.598013,1,0,0,0,1524.05639,-167.90000000014516
191.798011,1,0,0,0,1524.05564,-168.65000000007058
191.998009,1,0,0,0,1524.05375,-170.54000000007363
192.198007,1,0,0,0,1524.05281,-171.48000000020147
192.398005,1,0,0,0,1524.05469,-169.60000000017317
192.598003,1,0,0,0,1524.05375,-170.54000000007363
192.798001,1,0,0,0,1524.05281,-171.48000000020147
192.997999,1,0,0,0,1524.05375,-170.54000000007363
193.197997,1,0,0,0,1524.05469,-169.60000000017317
193.397995,1,0,0,0,1524.05375,-170.54000000007363
193.597993,1,0,0,0,1524.05375,-170.54000000007363
193.797991,1,0,0,0,1524.05375,-170.54000000007363
193.997988,1,0,0,0,1524.05375,-170.54000000007363
194.197986,1,0,0,0,1524.05356,-170.73000000004868
194.397985,1,0,0,0,1524.05469,-169.60000000017317
194.597982,1,0,0,0,1524.05469,-169.60000000017317
194.79798,1,0,0,0,1524.05639,-167.90000000014516
194.997978,1,0,0,0,1524.05469,-169.60000000017317
195.197976,1,0,0,0,1524.05375,-170.54000000007363
195.397974,1,0,0,0,1524.05375,-170.54000000007363
195.597972,1,0,0,0,1524.05469,-169.60000000017317
195.79797,1,0,0,0,1524.05375,-170.54000000007363
195.997968,1,0,0,0,1524.05375,-170.54000000007363
196.197966,1,0,0,0,1524.05564,-168.65000000007058
196.397964,1,0,0,0,1524.05564,-168.65000000007058
196.597962,1,0,0,0,1524.05639,-167.90000000014516
196.79796,1,0,0,0,1524.05469,-169.60000000017317
196.997957,1,0,0,0,1524.05753,-166.76000000006752
197.197955,1,0,0,0,1524.05469,-169.60000000017317
197.397953,1,0,0,0,1524.05469,-169.60000000017317
197.597951,1,0,0,0,1524.05545,-168.84000000004562
197.797949,1,0,0,0,1524.05375,-170.54000000007363
197.997947,1,0,0,0,1524.05639,-167.90000000014516
198.197945,1,0,0,0,1524.05469,-169.60000000017317
198.397943,1,0,0,0,1524.05828,-166.0100000001421
198.597941,1,0,0,0,1524.05752,-166.77000000004227
198.797939,1,0,0,0,1524.05563,-168.66000000004533
198.997937,1,0,0,0,1524.05469,-169.60000000017317
199.197935,1,0,0,0,1524.05469,-169.60000000017317
199.397933,1,0,0,0,1524.05752,-166.77000000004227
199.59793,1,0,0,0,1524.05469,-169.60000000017317
199.797928,1,0,0,0,1524.05752,-166.77000000004227
199.997926,1,0,0,0,1524.05752,-166.77000000004227
200.197924,1,0,0,0,1524.05639,-167.90000000014516
200.397922,1,0,0,0,1524.05658,-167.7100000001701
200.59792,1,0,0,0,1524.05639,-167.90000000014516
200.797918,1,0,0,0,1524.05639,-167.90000000014516
200.997916,1,0,0,0,1524.04921,-175.0800000002073
201.197914,1,0,0,0,1524.05205,-172.24000000010165
201.397912,1,0,0,0,1524.0511,-173.19000000020424
201.59791,1,0,0,0,1524.05375,-170.54000000007363
201.797908,1,0,0,0,1524.05469,-169.60000000017317
201.997906,1,0,0,0,1524.05205,-172.24000000010165
202.197903,1,0,0,0,1524.05563,-168.66000000004533
202.397901,1,0,0,0,1524.05375,-170.54000000007363
202.597899,1,0,0,0,1524.05469,-169.60000000017317
202.797897,1,0,0,0,1524.0528,-171.49000000017622
202.997895,1,0,0,0,1524.05299,-171.30000000020118
203.197893,1,0,0,0,1524.0528,-171.49000000017622
203.397891,1,0,0,0,1524.05375,-170.54000000007363
203.597889,1,0,0,0,1524.05375,-170.54000000007363
203.797887,1,0,0,0,1524.05375,-170.54000000007363
203.997885,1,0,0,0,1524.05299,-171.30000000020118
204.197883,1,0,0,0,1524.05563,-168.66000000004533
204.397881,1,0,0,0,1524.0528,-171.49000000017622
204.597878,1,0,0,0,1524.0528,-171.49000000017622
204.797877,1,0,0,0,1524.05375,-170.54000000007363
204.997874,1,0,0,0,1524.05564,-168.65000000007058
205.197872,1,0,0,0,1524.05375,-170.54000000007363
205.39787,1,0,0,0,1524.05375,-170.54000000007363
205.597868,1,0,0,0,1524.05375,-170.54000000007363
205.797866,1,0,0,0,1524.0528,-171.49000000017622
205.997864,1,0,0,0,1524.05205,-172.24000000010165
206.197862,1,0,0,0,1524.05375,-170.54000000007363
206.39786,1,0,0,0,1524.05469,-169.60000000017317
206.597858,1,0,0,0,1524.05469,-169.60000000017317
206.797856,1,0,0,0,1524.05299,-171.30000000020118
206.997854,1,0,0,0,1524.05374,-170.55000000004839
207.197852,1,0,0,0,1524.05469,-169.60000000017317
207.39785,1,0,0,0,1524.0528,-171.49000000017622
207.597847,1,0,0,0,1524.05469,-169.60000000017317
207.797845,1,0,0,0,1524.05374,-170.55000000004839
207.997843,1,0,0,0,1524.05563,-168.66000000004533
208.197842,1,0,0,0,1524.05563,-168.66000000004533
208.397839,1,0,0,0,1524.05752,-166.77000000004227
208.597837,1,0,0,0,1524.05563,-168.66000000004533
208.797835,1,0,0,0,1524.05375,-170.54000000007363
208.997833,1,0,0,0,1524.05563,-168.66000000004533
209.197831,1,0,0,0,1524.05375,-170.54000000007363
209.397829,1,0,0,0,1524.05469,-169.60000000017317
209.597827,1,0,0,0,1524.05375,-170.54000000007363
209.797825,1,0,0,0,1524.05469,-169.60000000017317
209.997823,1,0,0,0,1524.05469,-169.60000000017317
210.19782,1,0,0,0,1524.05375,-170.54000000007363
210.397819,1,0,0,0,1524.05753,-166.76000000006752
210.597816,1,0,0,0,1524.05753,-166.76000000006752
210.797814,1,0,0,0,1524.05375,-170.54000000007363
210.997812,1,0,0,0,1524.05469,-169.60000000017317
211.19781,1,0,0,0,1524.05828,-166.0100000001421
211.397808,1,0,0,0,1524.05375,-170.54000000007363
211.597806,1,0,0,0,1524.05564,-168.65000000007058
211.797804,1,0,0,0,1524.05469,-169.60000000017317
211.997802,1,0,0,0,1524.05639,-167.90000000014516
212.1978,1,0,0,0,1524.05564,-168.65000000007058
212.397798,1,0,0,0,1524.05564,-168.65000000007058
212.597796,1,0,0,0,1524.05752,-166.77000000004227
212.797794,1,0,0,0,1524.05639,-167.90000000014516
212.997792,1,0,0,0,1524.05469,-169.60000000017317
213.197789,1,0,0,0,1524.05658,-167.7100000001701
213.397788,1,0,0,0,1524.05753,-166.76000000006752
213.597785,1,0,0,0,1524.05469,-169.60000000017317
213.797783,1,0,0,0,1524.05753,-166.76000000006752
213.997781,1,0,0,0,1524.05753,-166.76000000006752
214.197779,1,0,0,0,1524.05923,-165.0600000000395
214.397777,1,0,0,0,1524.05922,-165.07000000001426
214.597775,1,0,0,0,1524.05752,-166.77000000004227
214.797773,1,0,0,0,1524.05922,-165.07000000001426
214.997771,1,0,0,0,1524.05564,-168.65000000007058
215.197769,1,0,0,0,1524.05639,-167.90000000014516
215.397767,1,0,0,0,1524.05922,-165.07000000001426
215.597764,1,0,0,0,1524.05639,-167.90000000014516
215.797762,1,0,0,0,1524.05828,-166.0100000001421
215.99776,1,0,0,0,1524.05922,-165.07000000001426
216.197758,1,0,0,0,1524.05922,-165.07000000001426
216.397756,1,0,0,0,1524.06092,-163.37000000021362
216.597754,1,0,0,0,1524.05752,-166.77000000004227
216.797752,1,0,0,0,1524.05828,-166.0100000001421
216.99775,1,0,0,0,1524.05752,-166.77000000004227
217.197748,1,0,0,0,1524.06017,-164.12000000013904
217.397746,1,0,0,0,1524.05752,-166.77000000004227
217.597744,1,0,0,0,1524.05903,-165.26000000021668
217.797742,1,0,0,0,1524.06017,-164.12000000013904
217.99774,1,0,0,0,1524.05733,-166.96000000001732
218.197738,1,0,0,0,1524.05922,-165.07000000001426
218.397736,1,0,0,0,1524.05922,-165.07000000001426
218.597733,1,0,0,0,1524.05847,-165.82000000016706
218.797731,1,0,0,0,1524.06035,-163.94000000013875
218.997729,1,0,0,0,1524.05922,-165.07000000001426
219.197727,1,0,0,0,1524.05828,-166.0100000001421
219.397725,1,0,0,0,1524.05922,-165.07000000001426
219.597723,1,0,0,0,1524.05922,-165.07000000001426
219.797721,1,0,0,0,1524.05903,-165.26000000021668
219.997719,1,0,0,0,1524.05828,-166.0100000001421
220.197717,1,0,0,0,1524.05922,-165.07000000001426
220.397715,1,0,0,0,1524.05828,-166.0100000001421
220.597713,1,0,0,0,1524.05847,-165.82000000016706
220.797711,1,0,0,0,1524.05752,-166.77000000004227
220.997709,1,0,0,0,1524.05922,-165.07000000001426
221.197707,1,0,0,0,1524.06035,-163.94000000013875
221.397705,1,0,0,0,1524.05639,-167.90000000014516
221.597702,1,0,0,0,1524.05658,-167.7100000001701
221.7977,1,0,0,0,1524.05922,-165.07000000001426
221.997698,1,0,0,0,1524.05828,-166.0100000001421
222.197696,1,0,0,0,1524.05563,-168.66000000004533
222.397694,1,0,0,0,1524.05828,-166.0100000001421
222.597692,1,0,0,0,1524.05922,-165.07000000001426
222.79769,1,0,0,0,1524.06016,-164.1300000001138
222.997688,1,0,0,0,1524.06016,-164.1300000001138
223.197686,1,0,0,0,1524.05922,-165.07000000001426
223.397684,1,0,0,0,1524.05563,-168.66000000004533
223.597682,1,0,0,0,1524.05847,-165.82000000016706
223.79768,1,0,0,0,1524.05828,-166.0100000001421
223.997678,1,0,0,0,1524.05922,-165.07000000001426
224.197675,1,0,0,0,1524.05922,-165.07000000001426
224.397674,1,0,0,0,1524.05847,-165.82000000016706
224.597671,1,0,0,0,1524.06016,-164.1300000001138
224.797669,1,0,0,0,1524.05828,-166.0100000001421
224.997667,1,0,0,0,1524.05922,-165.07000000001426
225.197665,1,0,0,0,1524.05922,-165.07000000001426
225.397663,1,0,0,0,1524.06016,-164.1300000001138
225.597661,1,0,0,0,1524.06111,-163.1800000000112
225.797659,1,0,0,0,1524.05922,-165.07000000001426
225.997657,1,0,0,0,1524.05828,-166.0100000001421
226.197655,1,0,0,0,1524.05847,-165.82000000016706
226.397653,1,0,0,0,1524.05922,-165.07000000001426
226.597651,1,0,0,0,1524.06016,-164.1300000001138
226.797648,1,0,0,0,1524.05922,-165.07000000001426
226.997647,1,0,0,0,1524.05922,-165.07000000001426
227.197644,1,0,0,0,1524.06016,-164.1300000001138
227.397642,1,0,0,0,1524.06016,-164.1300000001138
227.59764,1,0,0,0,1524.05752,-166.77000000004227
227.797638,1,0,0,0,1524.06035,-163.94000000013875
227.997636,1,0,0,0,1524.06111,-163.1800000000112
228.197634,1,0,0,0,1524.0613,-162.99000000003616
228.397632,1,0,0,0,1524.06016,-164.1300000001138
228.59763,1,0,0,0,1524.06016,-164.1300000001138
228.797628,1,0,0,0,1524.06111,-163.1800000000112
228.997626,1,0,0,0,1524.063,-161.29000000000815
229.197624,1,0,0,0,1524.06187,-162.42000000011103
229.397622,1,0,0,0,1524.05922,-165.07000000001426
229.59762,1,0,0,0,1524.06017,-164.12000000013904
229.797617,1,0,0,0,1524.06016,-164.1300000001138
229.997615,1,0,0,0,1524.06016,-164.1300000001138
230.197613,1,0,0,0,1524.06111,-163.1800000000112
230.397611,1,0,0,0,1524.06016,-164.1300000001138
230.597609,1,0,0,0,1524.06111,-163.1800000000112
230.797607,1,0,0,0,1524.06186,-162.43000000008578
230.997605,1,0,0,0,1524.06394,-160.35000000010768
231.197603,1,0,0,0,1524.06186,-162.43000000008578
231.397601,1,0,0,0,1524.06035,-163.94000000013875
231.597599,1,0,0,0,1524.06111,-163.1800000000112
231.797597,1,0,0,0,1524.06111,-163.1800000000112
231.997595,1,0,0,0,1524.06111,-163.1800000000112
232.197592,1,0,0,0,1524.06186,-162.43000000008578
232.39759,1,0,0,0,1524.06375,-160.54000000008273
232.597589,1,0,0,0,1524.06016,-164.1300000001138
232.797586,1,0,0,0,1524.063,-161.29000000000815
232.997584,1,0,0,0,1524.06016,-164.1300000001138
233.197582,1,0,0,0,1524.06205,-162.24000000011074
233.39758,1,0,0,0,1524.06375,-160.54000000008273
233.597578,1,0,0,0,1524.063,-161.29000000000815
233.797576,1,0,0,0,1524.06186,-162.43000000008578
233.997574,1,0,0,0,1524.05752,-166.77000000004227
234.197572,1,0,0,0,1524.0613,-162.99000000003616
234.39757,1,0,0,0,1524.05827,-166.02000000011685
234.597568,1,0,0,0,1524.05846,-165.8300000001418
234.797565,1,0,0,0,1524.05828,-166.0100000001421
234.997564,1,0,0,0,1524.06111,-163.1800000000112
235.197561,1,0,0,0,1524.05922,-165.07000000001426
235.397559,1,0,0,0,1524.05752,-166.77000000004227
235.597557,1,0,0,0,1524.06016,-164.1300000001138
235.797555,1,0,0,0,1524.05922,-165.07000000001426
235.997553,1,0,0,0,1524.05752,-166.77000000004227
236.197551,1,0,0,0,1524.06016,-164.1300000001138
236.397549,1,0,0,0,1524.05752,-166.77000000004227
236.597547,1,0,0,0,1524.05752,-166.77000000004227
236.797545,1,0,0,0,1524.05752,-166.77000000004227
236.997543,1,0,0,0,1524.05827,-166.02000000011685
237.197541,1,0,0,0,1524.05563,-168.66000000004533
237.397539,1,0,0,0,1524.05752,-166.77000000004227
237.597537,1,0,0,0,1524.05827,-166.02000000011685
237.797535,1,0,0,0,1524.05639,-167.90000000014516
237.997532,1,0,0,0,1524.05638,-167.9100000001199
238.19753,1,0,0,0,1524.05752,-166.77000000004227
238.397528,1,0,0,0,1524.05563,-168.66000000004533
238.597526,1,0,0,0,1524.05827,-166.02000000011685
238.797524,1,0,0,0,1524.05922,-165.07000000001426
238.997522,1,0,0,0,1524.05657,-167.72000000014486
239.19752,1,0,0,0,1524.05752,-166.77000000004227
239.397518,1,0,0,0,1524.05657,-167.72000000014486
239.597516,1,0,0,0,1524.05922,-165.07000000001426
239.797514,1,0,0,0,1524.05638,-167.9100000001199
239.997512,1,0,0,0,1524.05922,-165.07000000001426
240.19751,1,0,0,0,1524.05827,-166.02000000011685
240.397508,1,0,0,0,1524.05563,-168.66000000004533
240.597505,1,0,0,0,1524.05469,-169.60000000017317
240.797503,1,0,0,0,1524.06281,-161.48000000021057
240.997501,1,0,0,0,1524.07131,-152.9800000000705
241.197499,1,0,0,0,1524.09038,-133.9100000000144
241.397497,1,0,0,0,1524.04826,-176.0300000000825
241.597495,1,0,0,0,1524.15649,-67.80000000003383
241.797493,1,0,0,0,1524.09775,-126.5400000002046
241.997491,1,0,0,0,1524.12343,-100.8600000000115
242.197489,1,0,0,0,1524.1461,-78.19000000017695
242.397487,1,0,0,0,1524.11437,-109.92000000010194
242.597485,1,0,0,0,1524.1699,-54.39000000001215
242.797483,1,0,0,0,1524.1461,-78.19000000017695
242.997481,1,0,0,0,1524.10398,-120.31000000001768
243.197479,1,0,0,0,1524.12419,-100.10000000011132
243.397476,1,0,0,0,1524.19672,-27.57000000019616
243.597475,1,0,0,0,1524.11909,-105.20000000019536
243.797472,1,0,0,0,1524.08396,-140.33000000017637
243.99747,1,0,0,0,1524.02806,-196.23000000001412
244.197468,1,0,0,0,1524.09038,-133.9100000000144
244.397466,1,0,0,0,1524.15214,-72.15000000019245
244.597464,1,0,0,0,1524.13741,-86.88000000006468
244.797462,1,0,0,0,1524.08963,-134.6600000001672
244.99746,1,0,0,0,1524.12533,-98.96000000003369
245.197458,1,0,0,0,1524.13439,-89.90000000017062
245.397456,1,0,0,0,1524.08944,-134.85000000014224
245.597454,1,0,0,0,1524.02447,-199.82000000004518
245.797451,1,0,0,0,1523.94818,-276.11000000001695
245.997449,1,0,0,0,1523.89738,-326.90999999999804
246.197447,1,0,0,0,1523.87416,-350.1300000000356
246.397445,1,0,0,0,1523.8649,-359.3900000000758
246.597443,1,0,0,0,1523.86132,-362.97000000013213
246.797441,1,0,0,0,1523.8649,-359.3900000000758
246.997439,1,0,0,0,1523.86622,-358.0699999999979
247.197437,1,0,0,0,1523.8649,-359.3900000000758
247.397435,1,0,0,0,1523.8649,-359.3900000000758
247.597433,1,0,0,0,1523.86622,-358.0699999999979
247.797431,1,0,0,0,1523.8649,-359.3900000000758
247.997429,1,0,0,0,1523.86453,-359.76000000005115
248.197427,1,0,0,0,1523.86623,-358.06000000002314
248.397425,1,0,0,0,1523.8649,-359.3900000000758
248.597423,1,0,0,0,1523.86321,-361.0800000001291
248.79742,1,0,0,0,1523.86547,-358.8200000001507
248.997418,1,0,0,0,1523.86075,-363.54000000005726
249.197416,1,0,0,0,1523.86264,-361.6500000000542
249.397414,1,0,0,0,1523.86321,-361.0800000001291
249.597412,1,0,0,0,1523.86131,-362.9800000001069
249.79741,1,0,0,0,1523.86131,-362.9800000001069
249.997408,1,0,0,0,1523.86547,-358.8200000001507
250.197406,1,0,0,0,1523.86264,-361.6500000000542
250.397404,1,0,0,0,1523.8649,-359.3900000000758
250.597402,1,0,0,0,1523.8649,-359.3900000000758
250.7974,1,0,0,0,1523.86452,-359.7700000000259
250.997398,1,0,0,0,1523.8649,-359.3900000000758
251.197396,1,0,0,0,1523.8632,-361.0900000001038
251.397393,1,0,0,0,1523.86264,-361.6500000000542
251.597392,1,0,0,0,1523.8632,-361.0900000001038
251.797389,1,0,0,0,1523.8632,-361.0900000001038
251.997387,1,0,0,0,1523.86264,-361.6500000000542
252.197385,1,0,0,0,1523.86547,-358.8200000001507
252.397383,1,0,0,0,1523.8632,-361.0900000001038
252.597381,1,0,0,0,1523.86188,-362.41000000018175
252.797379,1,0,0,0,1523.8632,-361.0900000001038
252.997377,1,0,0,0,1523.86264,-361.6500000000542
253.197375,1,0,0,0,1523.8632,-361.0900000001038
253.397373,1,0,0,0,1523.86131,-362.9800000001069
253.597371,1,0,0,0,1523.8632,-361.0900000001038
253.797369,1,0,0,0,1523.86188,-362.41000000018175
253.997366,1,0,0,0,1523.86131,-362.9800000001069
254.197365,1,0,0,0,1523.8632,-361.0900000001038
254.397362,1,0,0,0,1523.86377,-360.5200000001787
254.597361,1,0,0,0,1523.8632,-361.0900000001038
254.797358,1,0,0,0,1523.86264,-361.6500000000542
254.997356,1,0,0,0,1523.86622,-358.0699999999979
255.197354,1,0,0,0,1523.86623,-358.06000000002314
255.397352,1,0,0,0,1523.86264,-361.6500000000542
255.59735,1,0,0,0,1523.86377,-360.5200000001787
255.797348,1,0,0,0,1523.86491,-359.38000000010106
255.997346,1,0,0,0,1523.86321,-361.0800000001291
256.197344,1,0,0,0,1523.86453,-359.76000000005115
256.397342,1,0,0,0,1523.86377,-360.5200000001787
256.59734,1,0,0,0,1523.86491,-359.38000000010106
256.797338,1,0,0,0,1523.86491,-359.38000000010106
256.997335,1,0,0,0,1523.86132,-362.97000000013213
257.197333,1,0,0,0,1523.86377,-360.5200000001787
257.397331,1,0,0,0,1523.86453,-359.76000000005115
257.597329,1,0,0,0,1523.86623,-358.06000000002314
257.797327,1,0,0,0,1523.86321,-361.0800000001291
257.997325,1,0,0,0,1523.86321,-361.0800000001291
258.197323,1,0,0,0,1523.86453,-359.76000000005115
258.397321,1,0,0,0,1523.86396,-360.33000000020365
258.597319,1,0,0,0,1523.86453,-359.76000000005115
258.797317,1,0,0,0,1523.86264,-361.6500000000542
258.997315,1,0,0,0,1523.86453,-359.76000000005115
259.197313,1,0,0,0,1523.86491,-359.38000000010106
259.397311,1,0,0,0,1523.86491,-359.38000000010106
259.597309,1,0,0,0,1523.86377,-360.5200000001787
259.797307,1,0,0,0,1523.86491,-359.38000000010106
259.997304,1,0,0,0,1523.86396,-360.33000000020365
260.197302,1,0,0,0,1523.86679,-357.50000000007276
260.3973,1,0,0,0,1523.86679,-357.50000000007276
260.597298,1,0,0,0,1523.86321,-361.0800000001291
260.797296,1,0,0,0,1523.8649,-359.3900000000758
260.997294,1,0,0,0,1523.8649,-359.3900000000758
261.197292,1,0,0,0,1523.86623,-358.06000000002314
261.39729,1,0,0,0,1523.86623,-358.06000000002314
261.597288,1,0,0,0,1523.86453,-359.76000000005115
261.797286,1,0,0,0,1523.8649,-359.3900000000758
261.997284,1,0,0,0,1523.86566,-358.63000000017564
262.197282,1,0,0,0,1523.86377,-360.5200000001787
262.39728,1,0,0,0,1523.86453,-359.76000000005115
262.597277,1,0,0,0,1523.86321,-361.0800000001291
262.797275,1,0,0,0,1523.86321,-361.0800000001291
262.997273,1,0,0,0,1523.86491,-359.38000000010106
263.197271,1,0,0,0,1523.86547,-358.8200000001507
263.397269,1,0,0,0,1523.86567,-358.6200000002009
263.597267,1,0,0,0,1523.86737,-356.9200000001729
263.797265,1,0,0,0,1523.86623,-358.06000000002314
263.997263,1,0,0,0,1523.86453,-359.76000000005115
264.197261,1,0,0,0,1523.86548,-358.81000000017593
264.397259,1,0,0,0,1523.86623,-358.06000000002314
264.597257,1,0,0,0,1523.86491,-359.38000000010106
264.797255,1,0,0,0,1523.8668,-357.490000000098
264.997252,1,0,0,0,1523.86623,-358.06000000002314
265.197251,1,0,0,0,1523.86623,-358.06000000002314
265.397249,1,0,0,0,1523.86491,-359.38000000010106
265.597246,1,0,0,0,1523.86567,-358.6200000002009
265.797244,1,0,0,0,1523.86491,-359.38000000010106
265.997242,1,0,0,0,1523.86548,-358.81000000017593
266.19724,1,0,0,0,1523.86681,-357.48000000012325
266.397238,1,0,0,0,1523.86265,-361.64000000007945
266.597236,1,0,0,0,1523.86133,-362.9600000001574
266.797234,1,0,0,0,1523.8619,-362.3900000000049
266.997232,1,0,0,0,1523.86322,-361.0700000001543
267.19723,1,0,0,0,1523.86266,-361.6300000001047
267.397228,1,0,0,0,1523.86322,-361.0700000001543
267.597226,1,0,0,0,1523.86455,-359.74000000010165
267.797224,1,0,0,0,1523.86134,-362.9500000001826
267.997221,1,0,0,0,1523.86134,-362.9500000001826
268.197219,1,0,0,0,1523.8602,-364.0900000000329
268.397217,1,0,0,0,1523.86058,-363.7100000000828
268.597215,1,0,0,0,1523.86323,-361.06000000017957
268.797213,1,0,0,0,1523.86455,-359.74000000010165
268.997211,1,0,0,0,1523.86266,-361.6300000001047
269.197209,1,0,0,0,1523.85813,-366.16000000003623
269.397207,1,0,0,0,1523.86266,-361.6300000001047
269.597205,1,0,0,0,1523.86266,-361.6300000001047
269.797203,1,0,0,0,1523.86134,-362.9500000001826
269.997201,1,0,0,0,1523.85907,-365.22000000013577
270.197199,1,0,0,0,1523.86002,-364.2700000000332
270.397197,1,0,0,0,1523.86002,-364.2700000000332
270.597194,1,0,0,0,1523.86134,-362.9500000001826
270.797192,1,0,0,0,1523.86134,-362.9500000001826
270.99719,1,0,0,0,1523.86266,-361.6300000001047
271.197188,1,0,0,0,1523.86191,-362.3800000000301
271.397186,1,0,0,0,1523.86134,-362.9500000001826
271.597184,1,0,0,0,1523.86134,-362.9500000001826
271.797182,1,0,0,0,1523.8621,-362.1900000000551
271.99718,1,0,0,0,1523.86323,-361.06000000017957
272.197178,1,0,0,0,1523.86134,-362.9500000001826
272.397176,1,0,0,0,1523.86323,-361.06000000017957
272.597174,1,0,0,0,1523.86134,-362.9500000001826
272.797172,1,0,0,0,1523.86379,-360.5000000000018
272.99717,1,0,0,0,1523.86266,-361.6300000001047
273.197168,1,0,0,0,1523.86493,-359.36000000015156
273.397166,1,0,0,0,1523.86493,-359.36000000015156
273.597163,1,0,0,0,1523.86379,-360.5000000000018
273.797161,1,0,0,0,1523.86493,-359.36000000015156
273.997159,1,0,0,0,1523.86493,-359.36000000015156
274.197157,1,0,0,0,1523.86568,-358.60999999999876
274.397155,1,0,0,0,1523.86323,-361.06000000017957
274.597153,1,0,0,0,1523.86266,-361.6300000001047
274.797151,1,0,0,0,1523.86323,-361.06000000017957
274.997149,1,0,0,0,1523.86323,-361.06000000017957
275.197147,1,0,0,0,1523.86455,-359.74000000010165
275.397145,1,0,0,0,1523.86323,-361.06000000017957
275.597143,1,0,0,0,1523.86455,-359.74000000010165
275.797141,1,0,0,0,1523.86077,-363.52000000010776
275.997139,1,0,0,0,1523.86455,-359.74000000010165
276.197136,1,0,0,0,1523.86323,-361.06000000017957
276.397135,1,0,0,0,1523.86379,-360.5000000000018
276.597132,1,0,0,0,1523.86379,-360.5000000000018
276.79713,1,0,0,0,1523.86493,-359.36000000015156
276.997128,1,0,0,0,1523.86323,-361.06000000017957
277.197126,1,0,0,0,1523.86323,-361.06000000017957
277.397124,1,0,0,0,1523.86493,-359.36000000015156
277.597122,1,0,0,0,1523.86323,-361.06000000017957
277.79712,1,0,0,0,1523.86323,-361.06000000017957
277.997118,1,0,0,0,1523.86455,-359.74000000010165
278.197116,1,0,0,0,1523.86455,-359.74000000010165
278.397114,1,0,0,0,1523.86493,-359.36000000015156
278.597112,1,0,0,0,1523.86191,-362.3800000000301
278.797109,1,0,0,0,1523.86493,-359.36000000015156
278.997108,1,0,0,0,1523.86493,-359.36000000015156
279.197105,1,0,0,0,1523.86493,-359.36000000015156
279.397103,1,0,0,0,1523.86455,-359.74000000010165
279.597101,1,0,0,0,1523.86379,-360.5000000000018
279.797099,1,0,0,0,1523.86493,-359.36000000015156
279.997097,1,0,0,0,1523.86625,-358.04000000007363
280.197095,1,0,0,0,1523.86323,-361.06000000017957
280.397093,1,0,0,0,1523.86493,-359.36000000015156
280.597091,1,0,0,0,1523.86493,-359.36000000015156
280.797089,1,0,0,0,1523.86323,-361.06000000017957
280.997087,1,0,0,0,1523.86493,-359.36000000015156
281.197085,1,0,0,0,1523.86379,-360.5000000000018
281.397083,1,0,0,0,1523.86455,-359.74000000010165
281.59708,1,0,0,0,1523.86493,-359.36000000015156
281.797078,1,0,0,0,1523.86323,-361.06000000017957
281.997076,1,0,0,0,1523.86323,-361.06000000017957
282.197074,1,0,0,0,1523.86681,-357.48000000012325
282.397072,1,0,0,0,1523.86682,-357.4700000001485
282.59707,1,0,0,0,1523.86682,-357.4700000001485
282.797068,1,0,0,0,1523.8638,-360.49000000002707
282.997066,1,0,0,0,1523.86493,-359.36000000015156
283.197064,1,0,0,0,1523.8638,-360.49000000002707
283.397062,1,0,0,0,1523.86682,-357.4700000001485
283.59706,1,0,0,0,1523.86625,-358.04000000007363
283.797058,1,0,0,0,1523.86625,-358.04000000007363
283.997056,1,0,0,0,1523.86625,-358.04000000007363
284.197054,1,0,0,0,1523.86682,-357.4700000001485
284.397052,1,0,0,0,1523.86456,-359.7300000001269
284.597049,1,0,0,0,1523.86871,-355.58000000014545
284.797047,1,0,0,0,1523.86324,-361.0500000002048
284.997045,1,0,0,0,1523.86682,-357.4700000001485
285.197043,1,0,0,0,1523.86494,-359.3500000001768
285.397041,1,0,0,0,1523.86494,-359.3500000001768
285.597039,1,0,0,0,1523.86381,-360.4800000000523
285.797037,1,0,0,0,1523.86494,-359.3500000001768
285.997035,1,0,0,0,1523.86626,-358.0300000000989
286.197033,1,0,0,0,1523.86268,-361.6100000001552
286.397031,1,0,0,0,1523.86758,-356.71000000002095
286.597029,1,0,0,0,1523.86551,-358.7800000000243
286.797027,1,0,0,0,1523.86494,-359.3500000001768
286.997025,1,0,0,0,1523.86626,-358.0300000000989
287.197022,1,0,0,0,1523.8657,-358.59000000004926
287.397021,1,0,0,0,1523.86551,-358.7800000000243
287.597018,1,0,0,0,1523.86494,-359.3500000001768
287.797016,1,0,0,0,1523.86381,-360.4800000000523
287.997014,1,0,0,0,1523.86381,-360.4800000000523
288.197012,1,0,0,0,1523.86494,-359.3500000001768
288.39701,1,0,0,0,1523.86456,-359.7300000001269
288.597008,1,0,0,0,1523.86456,-359.7300000001269
288.797006,1,0,0,0,1523.86551,-358.7800000000243
288.997004,1,0,0,0,1523.86627,-358.0200000001241
289.197002,1,0,0,0,1523.86495,-359.34000000020205
289.397,1,0,0,0,1523.86683,-357.46000000017375
289.596997,1,0,0,0,1523.86495,-359.34000000020205
289.796995,1,0,0,0,1523.86684,-357.450000000199
289.996993,1,0,0,0,1523.86684,-357.450000000199
290.196991,1,0,0,0,1523.86382,-360.47000000007756
290.396989,1,0,0,0,1523.86457,-359.72000000015214
290.596987,1,0,0,0,1523.86627,-358.0200000001241
290.796985,1,0,0,0,1523.86627,-358.0200000001241
290.996983,1,0,0,0,1523.86683,-357.46000000017375
291.196981,1,0,0,0,1523.86816,-356.1300000001211
291.396979,1,0,0,0,1523.86495,-359.34000000020205
291.596977,1,0,0,0,1523.8674,-356.89000000002125
291.796975,1,0,0,0,1523.86325,-361.0400000000027
291.996973,1,0,0,0,1523.86627,-358.0200000001241
292.19697,1,0,0,0,1523.86495,-359.34000000020205
292.396968,1,0,0,0,1523.86457,-359.72000000015214
292.596967,1,0,0,0,1523.86683,-357.46000000017375
292.796964,1,0,0,0,1523.86816,-356.1300000001211
292.996963,1,0,0,0,1523.86627,-358.0200000001241
293.19696,1,0,0,0,1523.86683,-357.46000000017375
293.396958,1,0,0,0,1523.86816,-356.1300000001211
293.596956,1,0,0,0,1523.86816,-356.1300000001211
293.796954,1,0,0,0,1523.86551,-358.7800000000243
293.996952,1,0,0,0,1523.86683,-357.46000000017375
294.19695,1,0,0,0,1523.87117,-353.12000000021726
294.396948,1,0,0,0,1523.86815,-356.1400000000958
294.596946,1,0,0,0,1523.86816,-356.1300000001211
294.796944,1,0,0,0,1523.86495,-359.34000000020205
294.996942,1,0,0,0,1523.86683,-357.46000000017375
295.196939,1,0,0,0,1523.86381,-360.4800000000523
295.396937,1,0,0,0,1523.86551,-358.7800000000243
295.596935,1,0,0,0,1523.86457,-359.72000000015214
295.796933,1,0,0,0,1523.86551,-358.7800000000243
295.996931,1,0,0,0,1523.86816,-356.1300000001211
296.196929,1,0,0,0,1523.86873,-355.56000000019594
296.396927,1,0,0,0,1523.86552,-358.77000000004955
296.596925,1,0,0,0,1523.86684,-357.450000000199
296.796923,1,0,0,0,1523.86495,-359.34000000020205
296.996921,1,0,0,0,1523.86457,-359.72000000015214
297.196919,1,0,0,0,1523.86873,-355.56000000019594
297.396917,1,0,0,0,1523.86816,-356.1300000001211
297.596915,1,0,0,0,1523.86816,-356.1300000001211
297.796912,1,0,0,0,1523.86684,-357.450000000199
297.996911,1,0,0,0,1523.86816,-356.1300000001211
298.196908,1,0,0,0,1523.86873,-355.56000000019594
298.396906,1,0,0,0,1523.86816,-356.1300000001211
298.596904,1,0,0,0,1523.86816,-356.1300000001211
298.796902,1,0,0,0,1523.86873,-355.56000000019594
298.9969,1,0,0,0,1523.86873,-355.56000000019594
299.196898,1,0,0,0,1523.87061,-353.68000000016764
299.396896,1,0,0,0,1523.86873,-355.56000000019594
299.596894,1,0,0,0,1523.86741,-356.8800000000465
299.796892,1,0,0,0,1523.86741,-356.8800000000465
299.99689,1,0,0,0,1523.86684,-357.450000000199
300.196888,1,0,0,0,1523.86684,-357.450000000199
300.396886,1,0,0,0,1523.86873,-355.56000000019594
300.596884,1,0,0,0,1523.86684,-357.450000000199
300.796881,1,0,0,0,1523.86873,-355.56000000019594
300.996879,1,0,0,0,1523.86816,-356.1300000001211
301.196877,1,0,0,0,1523.86873,-355.56000000019594
301.396875,1,0,0,0,1523.86816,-356.1300000001211
301.596873,1,0,0,0,1523.87005,-354.240000000118
301.796871,1,0,0,0,1523.86684,-357.450000000199
301.996869,1,0,0,0,1523.86628,-358.0100000001494
302.196867,1,0,0,0,1523.86628,-358.0100000001494
302.396865,1,0,0,0,1523.86495,-359.34000000020205
302.596863,1,0,0,0,1523.86684,-357.450000000199
302.796861,1,0,0,0,1523.86628,-358.0100000001494
302.996859,1,0,0,0,1523.86684,-357.450000000199
303.196857,1,0,0,0,1523.86873,-355.56000000019594
303.396855,1,0,0,0,1523.86817,-356.1200000001463
303.596853,1,0,0,0,1523.86741,-356.8800000000465
303.79685,1,0,0,0,1523.86458,-359.7100000001774
303.996848,1,0,0,0,1523.86496,-359.3299999999999
304.196846,1,0,0,0,1523.86496,-359.3299999999999
304.396844,1,0,0,0,1523.86817,-356.1200000001463
304.596842,1,0,0,0,1523.8693,-354.99000000004344
304.79684,1,0,0,0,1523.86684,-357.450000000199
304.996838,1,0,0,0,1523.86552,-358.77000000004955
305.196836,1,0,0,0,1523.86685,-357.43999999999687
305.396834,1,0,0,0,1523.86817,-356.1200000001463
305.596832,1,0,0,0,1523.86685,-357.43999999999687
305.79683,1,0,0,0,1523.86685,-357.43999999999687
305.996828,1,0,0,0,1523.86685,-357.43999999999687
306.196826,1,0,0,0,1523.86817,-356.1200000001463
306.396823,1,0,0,0,1523.8693,-354.99000000004344
306.596821,1,0,0,0,1523.86685,-357.43999999999687
306.796819,1,0,0,0,1523.87006,-354.23000000014326
306.996817,1,0,0,0,1523.86553,-358.7600000000748
307.196815,1,0,0,0,1523.86685,-357.43999999999687
307.396813,1,0,0,0,1523.86874,-355.5500000002212
307.596811,1,0,0,0,1523.87006,-354.23000000014326
307.796809,1,0,0,0,1523.87006,-354.23000000014326
307.996807,1,0,0,0,1523.86949,-354.8000000000684
308.196805,1,0,0,0,1523.87006,-354.23000000014326
308.396803,1,0,0,0,1523.86874,-355.5500000002212
308.596801,1,0,0,0,1523.86553,-358.7600000000748
308.796799,1,0,0,0,1523.86685,-357.43999999999687
308.996797,1,0,0,0,1523.8693,-354.99000000004344
309.196795,1,0,0,0,1523.86685,-357.43999999999687
309.396792,1,0,0,0,1523.86874,-355.5500000002212
309.59679,1,0,0,0,1523.87006,-354.23000000014326
309.796788,1,0,0,0,1523.86874,-355.5500000002212
309.996786,1,0,0,0,1523.86931,-354.9800000000687
310.196784,1,0,0,0,1523.87063,-353.66000000021813
310.396782,1,0,0,0,1523.8712,-353.09000000006563
310.59678,1,0,0,0,1523.86874,-355.5500000002212
310.796778,1,0,0,0,1523.86742,-356.87000000007174
310.996776,1,0,0,0,1523.86818,-356.11000000017157
311.196774,1,0,0,0,1523.86818,-356.11000000017157
311.396772,1,0,0,0,1523.87063,-353.66000000021813
311.59677,1,0,0,0,1523.86874,-355.5500000002212
311.796767,1,0,0,0,1523.8695,-354.79000000009364
311.996765,1,0,0,0,1523.87007,-354.2200000001685
312.196764,1,0,0,0,1523.87063,-353.66000000021813
312.396761,1,0,0,0,1523.86875,-355.54000000001906
312.596759,1,0,0,0,1523.86875,-355.54000000001906
312.796757,1,0,0,0,1523.87177,-352.5200000001405
312.996755,1,0,0,0,1523.87063,-353.66000000021813
313.196753,1,0,0,0,1523.8712,-353.09000000006563
313.396751,1,0,0,0,1523.86931,-354.9800000000687
313.596749,1,0,0,0,1523.86875,-355.54000000001906
313.796747,1,0,0,0,1523.87007,-354.2200000001685
313.996745,1,0,0,0,1523.8712,-353.09000000006563
314.196743,1,0,0,0,1523.86931,-354.9800000000687
314.39674,1,0,0,0,1523.87177,-352.5200000001405
314.596738,1,0,0,0,1523.87064,-353.650000000016
314.796736,1,0,0,0,1523.87177,-352.5200000001405
314.996734,1,0,0,0,1523.86875,-355.54000000001906
315.196732,1,0,0,0,1523.87064,-353.650000000016
315.39673,1,0,0,0,1523.86875,-355.54000000001906
315.596728,1,0,0,0,1523.87064,-353.650000000016
315.796726,1,0,0,0,1523.86876,-355.5300000000443
315.996724,1,0,0,0,1523.87064,-353.650000000016
316.196722,1,0,0,0,1523.87121,-353.0800000000909
316.39672,1,0,0,0,1523.87291,-351.38000000006286
316.596718,1,0,0,0,1523.87064,-353.650000000016
316.796716,1,0,0,0,1523.87064,-353.650000000016
316.996714,1,0,0,0,1523.87234,-351.95000000021537
317.196712,1,0,0,0,1523.87177,-352.5200000001405
317.396709,1,0,0,0,1523.87064,-353.650000000016
317.596707,1,0,0,0,1523.87234,-351.95000000021537
317.796705,1,0,0,0,1523.87007,-354.2200000001685
317.996703,1,0,0,0,1523.87064,-353.650000000016
318.196701,1,0,0,0,1523.86875,-355.54000000001906
318.396699,1,0,0,0,1523.86819,-356.1000000001968
318.596697,1,0,0,0,1523.86932,-354.97000000009393
318.796695,1,0,0,0,1523.86951,-354.7800000001189
318.996693,1,0,0,0,1523.86932,-354.97000000009393
319.196691,1,0,0,0,1523.87178,-352.51000000016575
319.396689,1,0,0,0,1523.87064,-353.650000000016
319.596687,1,0,0,0,1523.86819,-356.1000000001968
319.796685,1,0,0,0,1523.86951,-354.7800000001189
319.996682,1,0,0,0,1523.87178,-352.51000000016575
320.196681,1,0,0,0,1523.86876,-355.5300000000443
320.396678,1,0,0,0,1523.86876,-355.5300000000443
320.596676,1,0,0,0,1523.86876,-355.5300000000443
320.796674,1,0,0,0,1523.87235,-351.94000000001324
320.996672,1,0,0,0,1523.87178,-352.51000000016575
321.19667,1,0,0,0,1523.87235,-351.94000000001324
321.396668,1,0,0,0,1523.86876,-355.5300000000443
321.596666,1,0,0,0,1523.87008,-354.21000000019376
321.796664,1,0,0,0,1523.87234,-351.95000000021537
321.996662,1,0,0,0,1523.87291,-351.38000000006286
322.19666,1,0,0,0,1523.87234,-351.95000000021537
322.396658,1,0,0,0,1523.86876,-355.5300000000443
322.596656,1,0,0,0,1523.87235,-351.94000000001324
322.796654,1,0,0,0,1523.86989,-354.4000000001688
322.996651,1,0,0,0,1523.87367,-350.6200000001627
323.196649,1,0,0,0,1523.87367,-350.6200000001627
323.396647,1,0,0,0,1523.87178,-352.51000000016575
323.596645,1,0,0,0,1523.87065,-353.64000000004125
323.796643,1,0,0,0,1523.87178,-352.51000000016575
323.996641,1,0,0,0,1523.87065,-353.64000000004125
324.196639,1,0,0,0,1523.87065,-353.64000000004125
324.396637,1,0,0,0,1523.87235,-351.94000000001324
324.596635,1,0,0,0,1523.87367,-350.6200000001627
324.796633,1,0,0,0,1523.87121,-353.0800000000909
324.996631,1,0,0,0,1523.87292,-351.3700000000881
325.196629,1,0,0,0,1523.87065,-353.64000000004125
325.396626,1,0,0,0,1523.87235,-351.94000000001324
325.596624,1,0,0,0,1523.86933,-354.9600000001192
325.796622,1,0,0,0,1523.87368,-350.61000000018794
325.99662,1,0,0,0,1523.87236,-351.9300000000385
326.196618,1,0,0,0,1523.87236,-351.9300000000385
326.396616,1,0,0,0,1523.87122,-353.0700000001161
326.596614,1,0,0,0,1523.87123,-353.0600000001414
326.796612,1,0,0,0,1523.87236,-351.9300000000385
326.99661,1,0,0,0,1523.87066,-353.6300000000665
327.196608,1,0,0,0,1523.87236,-351.9300000000385
327.396606,1,0,0,0,1523.87066,-353.6300000000665
327.596604,1,0,0,0,1523.87179,-352.500000000191
327.796602,1,0,0,0,1523.87425,-350.04000000003543
327.9966,1,0,0,0,1523.87179,-352.500000000191
328.196598,1,0,0,0,1523.87368,-350.61000000018794
328.396595,1,0,0,0,1523.87066,-353.6300000000665
328.596593,1,0,0,0,1523.87368,-350.61000000018794
328.796591,1,0,0,0,1523.87236,-351.9300000000385
328.996589,1,0,0,0,1523.87179,-352.500000000191
329.196587,1,0,0,0,1523.87368,-350.61000000018794
329.396585,1,0,0,0,1523.87179,-352.500000000191
329.596583,1,0,0,0,1523.87066,-353.6300000000665
329.796581,1,0,0,0,1523.87236,-351.9300000000385
329.996579,1,0,0,0,1523.87236,-351.9300000000385
330.196577,1,0,0,0,1523.8767,-347.590000000082
330.396575,1,0,0,0,1523.87444,-349.8500000000604
330.596573,1,0,0,0,1523.8767,-347.590000000082
330.796571,1,0,0,0,1523.87368,-350.61000000018794
330.996568,1,0,0,0,1523.87236,-351.9300000000385
331.196567,1,0,0,0,1523.87614,-348.1500000000324
331.396564,1,0,0,0,1523.87425,-350.04000000003543
331.596562,1,0,0,0,1523.87557,-348.7200000001849
331.79656,1,0,0,0,1523.87425,-350.04000000003543
331.996558,1,0,0,0,1523.87425,-350.04000000003543
332.196556,1,0,0,0,1523.87293,-351.36000000011336
332.396554,1,0,0,0,1523.87614,-348.1500000000324
332.596552,1,0,0,0,1523.87727,-347.02000000015687
332.79655,1,0,0,0,1523.87557,-348.7200000001849
332.996548,1,0,0,0,1523.87425,-350.04000000003543
333.196546,1,0,0,0,1523.87368,-350.61000000018794
333.396544,1,0,0,0,1523.87368,-350.61000000018794
333.596542,1,0,0,0,1523.87557,-348.7200000001849
333.79654,1,0,0,0,1523.87557,-348.7200000001849
333.996537,1,0,0,0,1523.87236,-351.9300000000385
334.196536,1,0,0,0,1523.87236,-351.9300000000385
334.396533,1,0,0,0,1523.87236,-351.9300000000385
334.596531,1,0,0,0,1523.87368,-350.61000000018794
334.796529,1,0,0,0,1523.87066,-353.6300000000665
334.996527,1,0,0,0,1523.87293,-351.36000000011336
335.196525,1,0,0,0,1523.87368,-350.61000000018794
335.396523,1,0,0,0,1523.87236,-351.9300000000385
335.596521,1,0,0,0,1523.87236,-351.9300000000385
335.796519,1,0,0,0,1523.87179,-352.500000000191
335.996517,1,0,0,0,1523.87236,-351.9300000000385
336.196515,1,0,0,0,1523.87236,-351.9300000000385
336.396513,1,0,0,0,1523.87293,-351.36000000011336
336.59651,1,0,0,0,1523.87557,-348.7200000001849
336.796508,1,0,0,0,1523.87236,-351.9300000000385
336.996506,1,0,0,0,1523.87066,-353.6300000000665
337.196504,1,0,0,0,1523.87557,-348.7200000001849
337.396502,1,0,0,0,1523.87425,-350.04000000003543
337.5965,1,0,0,0,1523.87293,-351.36000000011336
337.796498,1,0,0,0,1523.87482,-349.4700000001103
337.996496,1,0,0,0,1523.87368,-350.61000000018794
338.196494,1,0,0,0,1523.87293,-351.36000000011336
338.396492,1,0,0,0,1523.87236,-351.9300000000385
338.59649,1,0,0,0,1523.87066,-353.6300000000665
338.796488,1,0,0,0,1523.87425,-350.04000000003543
338.996486,1,0,0,0,1523.87236,-351.9300000000385
339.196484,1,0,0,0,1523.87425,-350.04000000003543
339.396482,1,0,0,0,1523.87425,-350.04000000003543
339.59648,1,0,0,0,1523.87425,-350.04000000003543
339.796478,1,0,0,0,1523.87557,-348.7200000001849
339.996475,1,0,0,0,1523.87425,-350.04000000003543
340.196473,1,0,0,0,1523.87368,-350.61000000018794
340.396471,1,0,0,0,1523.87368,-350.61000000018794
340.596469,1,0,0,0,1523.87425,-350.04000000003543
340.796467,1,0,0,0,1523.8767,-347.590000000082
340.996465,1,0,0,0,1523.87614,-348.1500000000324
341.196463,1,0,0,0,1523.87614,-348.1500000000324
341.396461,1,0,0,0,1523.87425,-350.04000000003543
341.596459,1,0,0,0,1523.87179,-352.500000000191
341.796457,1,0,0,0,1523.87293,-351.36000000011336
341.996454,1,0,0,0,1523.87481,-349.48000000008506
342.196452,1,0,0,0,1523.87368,-350.61000000018794
342.39645,1,0,0,0,1523.8767,-347.590000000082
342.596448,1,0,0,0,1523.87425,-350.04000000003543
342.796446,1,0,0,0,1523.87425,-350.04000000003543
342.996444,1,0,0,0,1523.87614,-348.1500000000324
343.196442,1,0,0,0,1523.87557,-348.7200000001849
343.39644,1,0,0,0,1523.87425,-350.04000000003543
343.596438,1,0,0,0,1523.87727,-347.02000000015687
343.796436,1,0,0,0,1523.87727,-347.02000000015687
343.996434,1,0,0,0,1523.87557,-348.7200000001849
344.196432,1,0,0,0,1523.87557,-348.7200000001849
344.39643,1,0,0,0,1523.8767,-347.590000000082
344.596428,1,0,0,0,1523.87557,-348.7200000001849
344.796426,1,0,0,0,1523.87481,-349.48000000008506
344.996423,1,0,0,0,1523.87613,-348.16000000000713
345.196422,1,0,0,0,1523.87613,-348.16000000000713
345.396419,1,0,0,0,1523.87557,-348.7200000001849
345.596417,1,0,0,0,1523.87613,-348.16000000000713
345.796415,1,0,0,0,1523.87613,-348.16000000000713
345.996413,1,0,0,0,1523.87557,-348.7200000001849
346.196411,1,0,0,0,1523.87783,-346.4600000002065
346.396409,1,0,0,0,1523.87613,-348.16000000000713
346.596407,1,0,0,0,1523.87292,-351.3700000000881
346.796405,1,0,0,0,1523.87859,-345.70000000007894
346.996403,1,0,0,0,1523.87613,-348.16000000000713
347.196401,1,0,0,0,1523.87613,-348.16000000000713
347.396399,1,0,0,0,1523.87726,-347.0300000001316
347.596397,1,0,0,0,1523.87613,-348.16000000000713
347.796394,1,0,0,0,1523.87424,-350.0500000000102
347.996392,1,0,0,0,1523.8784,-345.890000000054
348.19639,1,0,0,0,1523.87481,-349.48000000008506
348.396388,1,0,0,0,1523.8784,-345.890000000054
348.596387,1,0,0,0,1523.87556,-348.73000000015963
348.796384,1,0,0,0,1523.87726,-347.0300000001316
348.996382,1,0,0,0,1523.87613,-348.16000000000713
349.19638,1,0,0,0,1523.87726,-347.0300000001316
349.396378,1,0,0,0,1523.87556,-348.73000000015963
349.596376,1,0,0,0,1523.87613,-348.16000000000713
349.796374,1,0,0,0,1523.87613,-348.16000000000713
349.996372,1,0,0,0,1523.87783,-346.4600000002065
350.19637,1,0,0,0,1523.87783,-346.4600000002065
350.396368,1,0,0,0,1523.87613,-348.16000000000713
350.596365,1,0,0,0,1523.87557,-348.7200000001849
350.796364,1,0,0,0,1523.87727,-347.02000000015687
350.996361,1,0,0,0,1523.87179,-352.500000000191
351.196359,1,0,0,0,1523.87481,-349.48000000008506
351.396357,1,0,0,0,1523.87556,-348.73000000015963
351.596355,1,0,0,0,1523.87424,-350.0500000000102
351.796353,1,0,0,0,1523.87368,-350.61000000018794
351.996351,1,0,0,0,1523.87235,-351.94000000001324
352.196349,1,0,0,0,1523.87424,-350.0500000000102
352.396347,1,0,0,0,1523.8767,-347.590000000082
352.596345,1,0,0,0,1523.87613,-348.16000000000713
352.796343,1,0,0,0,1523.87424,-350.0500000000102
352.996341,1,0,0,0,1523.87613,-348.16000000000713
353.196338,1,0,0,0,1523.875,-349.29000000011
353.396337,1,0,0,0,1523.87424,-350.0500000000102
353.596334,1,0,0,0,1523.87481,-349.48000000008506
353.796332,1,0,0,0,1523.87556,-348.73000000015963
353.99633,1,0,0,0,1523.87556,-348.73000000015963
354.196328,1,0,0,0,1523.87556,-348.73000000015963
354.396326,1,0,0,0,1523.87783,-346.4600000002065
354.596324,1,0,0,0,1523.87613,-348.16000000000713
354.796322,1,0,0,0,1523.87556,-348.73000000015963
354.99632,1,0,0,0,1523.87481,-349.48000000008506
355.196318,1,0,0,0,1523.87424,-350.0500000000102
355.396316,1,0,0,0,1523.87481,-349.48000000008506
355.596314,1,0,0,0,1523.87613,-348.16000000000713
355.796312,1,0,0,0,1523.87368,-350.61000000018794
355.99631,1,0,0,0,1523.87613,-348.16000000000713
356.196308,1,0,0,0,1523.87613,-348.16000000000713
356.396305,1,0,0,0,1523.87367,-350.6200000001627
356.596303,1,0,0,0,1523.87726,-347.0300000001316
356.796301,1,0,0,0,1523.87613,-348.16000000000713
356.996299,1,0,0,0,1523.87782,-346.47000000018124
357.196297,1,0,0,0,1523.87726,-347.0300000001316
357.396295,1,0,0,0,1523.87367,-350.6200000001627
357.596293,1,0,0,0,1523.87669,-347.60000000005675
357.796291,1,0,0,0,1523.87612,-348.17000000020926
357.996289,1,0,0,0,1523.87556,-348.73000000015963
358.196287,1,0,0,0,1523.87782,-346.47000000018124
358.396285,1,0,0,0,1523.87556,-348.73000000015963
358.596282,1,0,0,0,1523.87612,-348.17000000020926
358.79628,1,0,0,0,1523.87782,-346.47000000018124
358.996278,1,0,0,0,1523.87612,-348.17000000020926
359.196276,1,0,0,0,1523.87424,-350.0500000000102
359.396274,1,0,0,0,1523.87669,-347.60000000005675
359.596272,1,0,0,0,1523.87782,-346.47000000018124
359.79627,1,0,0,0,1523.87555,-348.7400000001344
359.996268,1,0,0,0,1523.87914,-345.1500000001033
360.196266,1,0,0,0,1523.87613,-348.16000000000713
360.396264,1,0,0,0,1523.87782,-346.47000000018124
360.596262,1,0,0,0,1523.87858,-345.7100000000537
360.79626,1,0,0,0,1523.87424,-350.0500000000102
360.996258,1,0,0,0,1523.87556,-348.73000000015963
361.196256,1,0,0,0,1523.87613,-348.16000000000713
361.396254,1,0,0,0,1523.87726,-347.0300000001316
361.596251,1,0,0,0,1523.8767,-347.590000000082
361.79625,1,0,0,0,1523.87972,-344.57000000020344
361.996248,1,0,0,0,1523.87614,-348.1500000000324
362.196245,1,0,0,0,1523.87916,-345.1300000001538
362.396243,1,0,0,0,1523.87972,-344.57000000020344
362.596241,1,0,0,0,1523.87613,-348.16000000000713
362.796239,1,0,0,0,1523.87613,-348.16000000000713
362.996237,1,0,0,0,1523.87783,-346.4600000002065
363.196235,1,0,0,0,1523.87727,-347.02000000015687
363.396233,1,0,0,0,1523.87613,-348.16000000000713
363.596231,1,0,0,0,1523.87556,-348.73000000015963
363.796229,1,0,0,0,1523.87613,-348.16000000000713
363.996227,1,0,0,0,1523.87726,-347.0300000001316
364.196224,1,0,0,0,1523.87613,-348.16000000000713
364.396223,1,0,0,0,1523.87858,-345.7100000000537
364.59622,1,0,0,0,1523.87915,-345.14000000012857
364.796218,1,0,0,0,1523.87839,-345.90000000002874
364.996216,1,0,0,0,1523.88104,-343.2500000001255
365.196214,1,0,0,0,1523.8767,-347.590000000082
365.396212,1,0,0,0,1523.87783,-346.4600000002065
365.59621,1,0,0,0,1523.87613,-348.16000000000713
365.796208,1,0,0,0,1523.87783,-346.4600000002065
365.996206,1,0,0,0,1523.87915,-345.14000000012857
366.196204,1,0,0,0,1523.87783,-346.4600000002065
366.396202,1,0,0,0,1523.87613,-348.16000000000713
366.5962,1,0,0,0,1523.87613,-348.16000000000713
366.796198,1,0,0,0,1523.87556,-348.73000000015963
366.996196,1,0,0,0,1523.87971,-344.5800000001782
367.196194,1,0,0,0,1523.87726,-347.0300000001316
367.396191,1,0,0,0,1523.87367,-350.6200000001627
367.596189,1,0,0,0,1523.87556,-348.73000000015963
367.796187,1,0,0,0,1523.87499,-349.30000000008476
367.996185,1,0,0,0,1523.87235,-351.94000000001324
368.196183,1,0,0,0,1523.87424,-350.0500000000102
368.396181,1,0,0,0,1523.87613,-348.16000000000713
368.596179,1,0,0,0,1523.87292,-351.3700000000881
368.796177,1,0,0,0,1523.87424,-350.0500000000102
368.996175,1,0,0,0,1523.87556,-348.73000000015963
369.196173,1,0,0,0,1523.87424,-350.0500000000102
369.396171,1,0,0,0,1523.87556,-348.73000000015963
369.596169,1,0,0,0,1523.87783,-346.4600000002065
369.796167,1,0,0,0,1523.87424,-350.0500000000102
369.996165,1,0,0,0,1523.87783,-346.4600000002065
370.196162,1,0,0,0,1523.87235,-351.94000000001324
370.39616,1,0,0,0,1523.87726,-347.0300000001316
370.596158,1,0,0,0,1523.86499,-359.30000000007567
370.796156,1,0,0,0,1523.88708,-337.210000000141
370.996154,1,0,0,0,1523.9256,-298.6900000000787
371.196152,1,0,0,0,1523.97507,-249.22000000015032
371.39615,1,0,0,0,1524.03192,-192.37000000020998
371.596148,1,0,0,0,1524.03362,-190.67000000018197
371.796146,1,0,0,0,1523.98527,-239.02000000020962
371.996144,1,0,0,0,1523.97243,-251.8600000000788
372.196142,1,0,0,0,1523.99793,-226.36000000011336
372.39614,1,0,0,0,1523.99887,-225.4200000002129
372.596138,1,0,0,0,1524.04193,-182.36000000001695
372.796136,1,0,0,0,1524.01077,-213.5200000000168
372.996134,1,0,0,0,1524.06591,-158.38000000007924
373.196131,1,0,0,0,1524.08801,-136.28000000016982
373.396129,1,0,0,0,1524.11068,-113.6100000001079
373.596127,1,0,0,0,1524.129,-95.2900000002046
373.796125,1,0,0,0,1524.0967,-127.59000000005472
373.996123,1,0,0,0,1524.13826,-86.03000000016436
374.196121,1,0,0,0,1524.1309,-93.38999999999942
374.396119,1,0,0,0,1524.16943,-54.86000000018976
374.596117,1,0,0,0,1524.13146,-92.83000000004904
374.796115,1,0,0,0,1524.12542,-98.87000000003354
374.996113,1,0,0,0,1524.08236,-141.9300000000021
375.19611,1,0,0,0,1524.12599,-98.30000000010841
375.396108,1,0,0,0,1524.15224,-72.05000000021755
375.596106,1,0,0,0,1524.19002,-34.27000000010594
375.796105,1,0,0,0,1524.18398,-40.31000000009044
375.996102,1,0,0,0,1524.20192,-22.370000000137225
376.1961,1,0,0,0,1524.28523,60.939999999845895
376.396098,1,0,0,0,1524.25406,29.76999999987129
376.596096,1,0,0,0,1524.25954,35.24999999990541
376.796094,1,0,0,0,1524.22062,-3.6700000000564614
376.996092,1,0,0,0,1524.17302,-51.27000000015869
377.19609,1,0,0,0,1524.19739,-26.900000000068758
377.396088,1,0,0,0,1524.16509,-59.20000000014625
377.596086,1,0,0,0,1524.17623,-48.06000000007771
377.796084,1,0,0,0,1524.19323,-31.060000000024957
377.996082,1,0,0,0,1524.12712,-97.17000000000553
378.196079,1,0,0,0,1524.14186,-82.43000000015854
378.396077,1,0,0,0,1524.18455,-39.74000000016531
378.596075,1,0,0,0,1524.18663,-37.66000000018721
378.796073,1,0,0,0,1524.08879,-135.50000000009277
378.996071,1,0,0,0,1524.17624,-48.050000000102955
379.196069,1,0,0,0,1524.32151,97.21999999987929
379.396067,1,0,0,0,1524.30319,78.89999999997599
379.596065,1,0,0,0,1524.30866,84.36999999980799
379.796063,1,0,0,0,1524.25954,35.24999999990541
379.996061,1,0,0,0,1524.17718,-47.11000000020249
380.196059,1,0,0,0,1524.22441,0.1199999999244028
380.396057,1,0,0,0,1524.32566,101.36999999986074
380.596055,1,0,0,0,1524.31452,90.2299999997922
380.796052,1,0,0,0,1524.31055,86.25999999981104
380.99605,1,0,0,0,1524.30847,84.17999999983294
381.196048,1,0,0,0,1524.30526,80.96999999997934
381.396046,1,0,0,0,1524.19456,-29.730000000199652
381.596044,1,0,0,0,1524.01532,-208.97000000013577
381.796042,1,0,0,0,1524.04478,-179.51000000016393
381.99604,1,0,0,0,1523.96112,-263.1700000001729
382.196038,1,0,0,0,1523.87785,-346.4400000000296
382.396036,1,0,0,0,1523.81743,-406.8600000000515
382.596034,1,0,0,0,1523.77193,-452.35999999999876
382.796032,1,0,0,0,1523.71643,-507.8600000001643
382.99603,1,0,0,0,1523.71114,-513.1500000002234
383.196028,1,0,0,0,1523.69491,-529.3800000001738
383.396026,1,0,0,0,1523.69453,-529.7600000001239
383.596024,1,0,0,0,1523.6983,-525.9900000000926
383.796021,1,0,0,0,1523.70189,-522.4000000000615
383.99602,1,0,0,0,1523.7,-524.2900000000645
384.196017,1,0,0,0,1523.69283,-531.4600000001519
384.396015,1,0,0,0,1523.69661,-527.6800000001458
384.596014,1,0,0,0,1523.69812,-526.1700000000928
384.796011,1,0,0,0,1523.69622,-528.0700000000706
384.996009,1,0,0,0,1523.69471,-529.5800000001236
385.196007,1,0,0,0,1523.6966,-527.6900000001206
385.396005,1,0,0,0,1523.6966,-527.6900000001206
385.596003,1,0,0,0,1523.6966,-527.6900000001206
385.796001,1,0,0,0,1523.6983,-525.9900000000926
385.995999,1,0,0,0,1523.6966,-527.6900000001206
386.195997,1,0,0,0,1523.6966,-527.6900000001206
386.395995,1,0,0,0,1523.69471,-529.5800000001236
386.595993,1,0,0,0,1523.6966,-527.6900000001206
386.79599,1,0,0,0,1523.6983,-525.9900000000926
386.995988,1,0,0,0,1523.69641,-527.8800000000956
387.195986,1,0,0,0,1523.6949,-529.3900000001486
387.395984,1,0,0,0,1523.6983,-525.9900000000926
387.595982,1,0,0,0,1523.69811,-526.1800000000676
387.79598,1,0,0,0,1523.6966,-527.6900000001206
387.995978,1,0,0,0,1523.69283,-531.4600000001519
388.195976,1,0,0,0,1523.69452,-529.7700000000987
388.395974,1,0,0,0,1523.69283,-531.4600000001519
388.595972,1,0,0,0,1523.69641,-527.8800000000956
388.79597,1,0,0,0,1523.6949,-529.3900000001486
388.995968,1,0,0,0,1523.69433,-529.9600000000737
389.195966,1,0,0,0,1523.69282,-531.4700000001267
389.395963,1,0,0,0,1523.69811,-526.1800000000676
389.595961,1,0,0,0,1523.69471,-529.5800000001236
389.795959,1,0,0,0,1523.69471,-529.5800000001236
389.995957,1,0,0,0,1523.69811,-526.1800000000676
390.195955,1,0,0,0,1523.69452,-529.7700000000987
390.395953,1,0,0,0,1523.69471,-529.5800000001236
390.595951,1,0,0,0,1523.6966,-527.6900000001206
390.795949,1,0,0,0,1523.69471,-529.5800000001236
390.995947,1,0,0,0,1523.6949,-529.3900000001486
391.195945,1,0,0,0,1523.6949,-529.3900000001486
391.395943,1,0,0,0,1523.6966,-527.6900000001206
391.595941,1,0,0,0,1523.69622,-528.0700000000706
391.795939,1,0,0,0,1523.69641,-527.8800000000956
391.995937,1,0,0,0,1523.69661,-527.6800000001458
392.195935,1,0,0,0,1523.69661,-527.6800000001458
392.395932,1,0,0,0,1523.69661,-527.6800000001458
392.59593,1,0,0,0,1523.69283,-531.4600000001519
392.795928,1,0,0,0,1523.69642,-527.8700000001209
392.995926,1,0,0,0,1523.69642,-527.8700000001209
393.195924,1,0,0,0,1523.69812,-526.1700000000928
393.395922,1,0,0,0,1523.6983,-525.9900000000926
393.59592,1,0,0,0,1523.69642,-527.8700000001209
393.795918,1,0,0,0,1523.69661,-527.6800000001458
393.995916,1,0,0,0,1523.69661,-527.6800000001458
394.195914,1,0,0,0,1523.69661,-527.6800000001458
394.395912,1,0,0,0,1523.69661,-527.6800000001458
394.59591,1,0,0,0,1523.69661,-527.6800000001458
394.795907,1,0,0,0,1523.69661,-527.6800000001458
394.995906,1,0,0,0,1523.69472,-529.5700000001489
395.195903,1,0,0,0,1523.69812,-526.1700000000928
395.395901,1,0,0,0,1523.6983,-525.9900000000926
395.595899,1,0,0,0,1523.69453,-529.7600000001239
395.795897,1,0,0,0,1523.69661,-527.6800000001458
395.995895,1,0,0,0,1523.6983,-525.9900000000926
396.195893,1,0,0,0,1523.69661,-527.6800000001458
396.395891,1,0,0,0,1523.69661,-527.6800000001458
396.595889,1,0,0,0,1523.69661,-527.6800000001458
396.795887,1,0,0,0,1523.69812,-526.1700000000928
396.995885,1,0,0,0,1523.69641,-527.8800000000956
397.195883,1,0,0,0,1523.69641,-527.8800000000956
397.39588,1,0,0,0,1523.69811,-526.1800000000676
397.595879,1,0,0,0,1523.69811,-526.1800000000676
397.795877,1,0,0,0,1523.69811,-526.1800000000676
397.995874,1,0,0,0,1523.6966,-527.6900000001206
398.195872,1,0,0,0,1523.6983,-525.9900000000926
398.39587,1,0,0,0,1523.69471,-529.5800000001236
398.595868,1,0,0,0,1523.6983,-525.9900000000926
398.795866,1,0,0,0,1523.6983,-525.9900000000926
398.995864,1,0,0,0,1523.6966,-527.6900000001206
399.195862,1,0,0,0,1523.6966,-527.6900000001206
399.39586,1,0,0,0,1523.69471,-529.5800000001236
399.595858,1,0,0,0,1523.69452,-529.7700000000987
399.795856,1,0,0,0,1523.69094,-533.350000000155
399.995854,1,0,0,0,1523.69283,-531.4600000001519
400.195852,1,0,0,0,1523.69264,-531.650000000127
400.395849,1,0,0,0,1523.69302,-531.2700000001769
400.595848,1,0,0,0,1523.69264,-531.650000000127
400.795845,1,0,0,0,1523.69471,-529.5800000001236
400.995844,1,0,0,0,1523.69264,-531.650000000127
401.195841,1,0,0,0,1523.69472,-529.5700000001489
401.395839,1,0,0,0,1523.69264,-531.650000000127
401.595837,1,0,0,0,1523.69094,-533.350000000155
401.795835,1,0,0,0,1523.69302,-531.2700000001769
401.995833,1,0,0,0,1523.69094,-533.350000000155
402.195831,1,0,0,0,1523.69472,-529.5700000001489
402.395829,1,0,0,0,1523.69453,-529.7600000001239
402.595827,1,0,0,0,1523.69264,-531.650000000127
402.795825,1,0,0,0,1523.69453,-529.7600000001239
402.995823,1,0,0,0,1523.69283,-531.4600000001519
403.195821,1,0,0,0,1523.69264,-531.650000000127
403.395818,1,0,0,0,1523.69283,-531.4600000001519
403.595816,1,0,0,0,1523.69472,-529.5700000001489
403.795814,1,0,0,0,1523.69472,-529.5700000001489
403.995812,1,0,0,0,1523.69472,-529.5700000001489
404.195811,1,0,0,0,1523.69435,-529.9400000001242
404.395808,1,0,0,0,1523.69454,-529.7500000001492
404.595806,1,0,0,0,1523.69473,-529.5600000001741
404.795804,1,0,0,0,1523.69284,-531.4500000001772
404.995802,1,0,0,0,1523.69265,-531.6400000001522
405.1958,1,0,0,0,1523.69473,-529.5600000001741
405.395798,1,0,0,0,1523.69473,-529.5600000001741
405.595796,1,0,0,0,1523.69492,-529.3700000001991
405.795794,1,0,0,0,1523.69643,-527.8600000001461
405.995791,1,0,0,0,1523.69492,-529.3700000001991
406.195789,1,0,0,0,1523.69473,-529.5600000001741
406.395787,1,0,0,0,1523.69643,-527.8600000001461
406.595785,1,0,0,0,1523.69473,-529.5600000001741
406.795783,1,0,0,0,1523.69473,-529.5600000001741
406.995781,1,0,0,0,1523.69473,-529.5600000001741
407.195779,1,0,0,0,1523.69473,-529.5600000001741
407.395777,1,0,0,0,1523.69624,-528.0500000001211
407.595775,1,0,0,0,1523.69454,-529.7500000001492
407.795773,1,0,0,0,1523.69492,-529.3700000001991
407.995771,1,0,0,0,1523.69492,-529.3700000001991
408.195769,1,0,0,0,1523.69473,-529.5600000001741
408.395767,1,0,0,0,1523.69454,-529.7500000001492
408.595765,1,0,0,0,1523.69662,-527.6700000001711
408.795763,1,0,0,0,1523.69473,-529.5600000001741
408.99576,1,0,0,0,1523.69473,-529.5600000001741
409.195758,1,0,0,0,1523.69662,-527.6700000001711
409.395756,1,0,0,0,1523.69643,-527.8600000001461
409.595754,1,0,0,0,1523.69662,-527.6700000001711
409.795752,1,0,0,0,1523.69284,-531.4500000001772
409.99575,1,0,0,0,1523.69662,-527.6700000001711
410.195748,1,0,0,0,1523.69473,-529.5600000001741
410.395746,1,0,0,0,1523.69643,-527.8600000001461
410.595744,1,0,0,0,1523.69832,-525.970000000143
410.795742,1,0,0,0,1523.69643,-527.8600000001461
410.99574,1,0,0,0,1523.69813,-526.1600000001181
411.195738,1,0,0,0,1523.69662,-527.6700000001711
411.395736,1,0,0,0,1523.69473,-529.5600000001741
411.595733,1,0,0,0,1523.69473,-529.5600000001741
411.795732,1,0,0,0,1523.69832,-525.970000000143
411.995729,1,0,0,0,1523.69662,-527.6700000001711
412.195727,1,0,0,0,1523.69473,-529.5600000001741
412.395725,1,0,0,0,1523.69662,-527.6700000001711
412.595723,1,0,0,0,1523.69643,-527.8600000001461
412.795721,1,0,0,0,1523.69662,-527.6700000001711
412.995719,1,0,0,0,1523.69832,-525.970000000143
413.195717,1,0,0,0,1523.69851,-525.780000000168
413.395715,1,0,0,0,1523.69454,-529.7500000001492
413.595713,1,0,0,0,1523.69454,-529.7500000001492
413.795711,1,0,0,0,1523.69662,-527.6700000001711
413.995709,1,0,0,0,1523.69284,-531.4500000001772
414.195707,1,0,0,0,1523.69473,-529.5600000001741
414.395705,1,0,0,0,1523.69492,-529.3700000001991
414.595702,1,0,0,0,1523.69492,-529.3700000001991
414.7957,1,0,0,0,1523.69643,-527.8600000001461
414.995698,1,0,0,0,1523.69662,-527.6700000001711
415.195696,1,0,0,0,1523.69473,-529.5600000001741
415.395694,1,0,0,0,1523.69813,-526.1600000001181
415.595692,1,0,0,0,1523.69473,-529.5600000001741
415.79569,1,0,0,0,1523.69644,-527.8500000001713
415.995688,1,0,0,0,1523.69663,-527.6600000001963
416.195686,1,0,0,0,1523.69474,-529.5500000001994
416.395684,1,0,0,0,1523.69663,-527.6600000001963
416.595682,1,0,0,0,1523.69833,-525.9600000001683
416.79568,1,0,0,0,1523.69285,-531.4400000002024
416.995677,1,0,0,0,1523.69493,-529.359999999997
417.195675,1,0,0,0,1523.69455,-529.7400000001744
417.395674,1,0,0,0,1523.69285,-531.4400000002024
417.595671,1,0,0,0,1523.69455,-529.7400000001744
417.795669,1,0,0,0,1523.69304,-531.25
417.995667,1,0,0,0,1523.69474,-529.5500000001994
418.195665,1,0,0,0,1523.69455,-529.7400000001744
418.395663,1,0,0,0,1523.69455,-529.7400000001744
418.595661,1,0,0,0,1523.69473,-529.5600000001741
418.795659,1,0,0,0,1523.69643,-527.8600000001461
418.995657,1,0,0,0,1523.69436,-529.9300000001494
419.195655,1,0,0,0,1523.69473,-529.5600000001741
419.395653,1,0,0,0,1523.69643,-527.8600000001461
419.59565,1,0,0,0,1523.69285,-531.4400000002024
419.795649,1,0,0,0,1523.69643,-527.8600000001461
419.995647,1,0,0,0,1523.69455,-529.7400000001744
420.195645,1,0,0,0,1523.69663,-527.6600000001963
420.395642,1,0,0,0,1523.69663,-527.6600000001963
420.59564,1,0,0,0,1523.69493,-529.359999999997
420.795638,1,0,0,0,1523.69285,-531.4400000002024
420.995636,1,0,0,0,1523.69662,-527.6700000001711
421.195634,1,0,0,0,1523.69473,-529.5600000001741
421.395632,1,0,0,0,1523.69473,-529.5600000001741
421.59563,1,0,0,0,1523.69643,-527.8600000001461
421.795628,1,0,0,0,1523.69813,-526.1600000001181
421.995626,1,0,0,0,1523.69473,-529.5600000001741
422.195624,1,0,0,0,1523.69493,-529.359999999997
422.395622,1,0,0,0,1523.69662,-527.6700000001711
422.595619,1,0,0,0,1523.69643,-527.8600000001461
422.795617,1,0,0,0,1523.69473,-529.5600000001741
422.995615,1,0,0,0,1523.69813,-526.1600000001181
423.195613,1,0,0,0,1523.69663,-527.6600000001963
423.395611,1,0,0,0,1523.69644,-527.8500000001713
423.595609,1,0,0,0,1523.69814,-526.1500000001433
423.795607,1,0,0,0,1523.69493,-529.359999999997
423.995605,1,0,0,0,1523.69474,-529.5500000001994
424.195603,1,0,0,0,1523.69644,-527.8500000001713
424.395601,1,0,0,0,1523.69832,-525.970000000143
424.595599,1,0,0,0,1523.69474,-529.5500000001994
424.795597,1,0,0,0,1523.69493,-529.359999999997
424.995595,1,0,0,0,1523.70002,-524.270000000115
425.195593,1,0,0,0,1523.69663,-527.6600000001963
425.395591,1,0,0,0,1523.69644,-527.8500000001713
425.595588,1,0,0,0,1523.69832,-525.970000000143
425.795586,1,0,0,0,1523.69493,-529.359999999997
425.995584,1,0,0,0,1523.69662,-527.6700000001711
426.195582,1,0,0,0,1523.69662,-527.6700000001711
426.39558,1,0,0,0,1523.69643,-527.8600000001461
426.595578,1,0,0,0,1523.69662,-527.6700000001711
426.795576,1,0,0,0,1523.69662,-527.6700000001711
426.995574,1,0,0,0,1523.69832,-525.970000000143
427.195572,1,0,0,0,1523.69662,-527.6700000001711
427.39557,1,0,0,0,1523.69833,-525.9600000001683
427.595568,1,0,0,0,1523.69663,-527.6600000001963
427.795566,1,0,0,0,1523.69663,-527.6600000001963
427.995564,1,0,0,0,1523.69663,-527.6600000001963
428.195561,1,0,0,0,1523.69814,-526.1500000001433
428.395559,1,0,0,0,1523.69474,-529.5500000001994
428.595557,1,0,0,0,1523.69833,-525.9600000001683
428.795555,1,0,0,0,1523.69663,-527.6600000001963
428.995553,1,0,0,0,1523.69834,-525.9500000001935
429.195551,1,0,0,0,1523.69815,-526.1400000001686
429.395549,1,0,0,0,1523.69834,-525.9500000001935
429.595547,1,0,0,0,1523.69664,-527.6500000002216
429.795545,1,0,0,0,1523.70004,-524.2500000001655
429.995543,1,0,0,0,1523.69815,-526.1400000001686
430.195541,1,0,0,0,1523.69853,-525.7600000002185
430.395539,1,0,0,0,1523.70023,-524.0600000001905
430.595537,1,0,0,0,1523.69834,-525.9500000001935
430.795535,1,0,0,0,1523.69664,-527.6500000002216
430.995533,1,0,0,0,1523.69815,-526.1400000001686
431.19553,1,0,0,0,1523.70004,-524.2500000001655
431.395528,1,0,0,0,1523.69834,-525.9500000001935
431.595526,1,0,0,0,1523.70022,-524.0700000001652
431.795524,1,0,0,0,1523.70004,-524.2500000001655
431.995522,1,0,0,0,1523.70022,-524.0700000001652
432.19552,1,0,0,0,1523.69834,-525.9500000001935
432.395518,1,0,0,0,1523.69664,-527.6500000002216
432.595516,1,0,0,0,1523.70022,-524.0700000001652
432.795514,1,0,0,0,1523.70192,-522.3700000001372
432.995512,1,0,0,0,1523.69834,-525.9500000001935
433.19551,1,0,0,0,1523.69834,-525.9500000001935
433.395508,1,0,0,0,1523.69834,-525.9500000001935
433.595505,1,0,0,0,1523.69664,-527.6500000002216
433.795503,1,0,0,0,1523.69663,-527.6600000001963
433.995502,1,0,0,0,1523.69833,-525.9600000001683
434.195499,1,0,0,0,1523.69475,-529.5399999999972
434.395497,1,0,0,0,1523.69644,-527.8500000001713
434.595495,1,0,0,0,1523.69663,-527.6600000001963
434.795493,1,0,0,0,1523.69663,-527.6600000001963
434.995491,1,0,0,0,1523.69663,-527.6600000001963
435.195489,1,0,0,0,1523.69644,-527.8500000001713
435.395487,1,0,0,0,1523.69664,-527.6500000002216
435.595485,1,0,0,0,1523.69853,-525.7600000002185
435.795483,1,0,0,0,1523.69815,-526.1400000001686
435.995481,1,0,0,0,1523.69664,-527.6500000002216
436.195479,1,0,0,0,1523.69871,-525.5800000002182
436.395477,1,0,0,0,1523.69664,-527.6500000002216
436.595474,1,0,0,0,1523.69853,-525.7600000002185
436.795472,1,0,0,0,1523.69815,-526.1400000001686
436.99547,1,0,0,0,1523.69645,-527.8400000001966
437.195468,1,0,0,0,1523.70004,-524.2500000001655
437.395466,1,0,0,0,1523.69664,-527.6500000002216
437.595464,1,0,0,0,1523.69834,-525.9500000001935
437.795462,1,0,0,0,1523.69834,-525.9500000001935
437.99546,1,0,0,0,1523.69815,-526.1400000001686
438.195458,1,0,0,0,1523.69815,-526.1400000001686
438.395456,1,0,0,0,1523.69815,-526.1400000001686
438.595454,1,0,0,0,1523.69645,-527.8400000001966
438.795452,1,0,0,0,1523.69664,-527.6500000002216
438.99545,1,0,0,0,1523.70004,-524.2500000001655
439.195447,1,0,0,0,1523.69815,-526.1400000001686
439.395446,1,0,0,0,1523.69834,-525.9500000001935
439.595443,1,0,0,0,1523.69834,-525.9500000001935
439.795441,1,0,0,0,1523.70023,-524.0600000001905
439.995439,1,0,0,0,1523.69664,-527.6500000002216
440.195437,1,0,0,0,1523.70004,-524.2500000001655
440.395435,1,0,0,0,1523.69834,-525.9500000001935
440.595433,1,0,0,0,1523.70004,-524.2500000001655
440.795431,1,0,0,0,1523.70212,-522.1700000001874
440.995429,1,0,0,0,1523.69665,-527.6400000000194
441.195427,1,0,0,0,1523.69816,-526.1300000001938
441.395425,1,0,0,0,1523.70023,-524.0600000001905
441.595423,1,0,0,0,1523.69816,-526.1300000001938
441.795421,1,0,0,0,1523.69853,-525.7600000002185
441.995419,1,0,0,0,1523.69853,-525.7600000002185
442.195416,1,0,0,0,1523.69664,-527.6500000002216
442.395415,1,0,0,0,1523.69645,-527.8400000001966
442.595412,1,0,0,0,1523.70023,-524.0600000001905
442.79541,1,0,0,0,1523.69834,-525.9500000001935
442.995408,1,0,0,0,1523.69834,-525.9500000001935
443.195406,1,0,0,0,1523.69985,-524.4400000001406
443.395404,1,0,0,0,1523.70004,-524.2500000001655
443.595402,1,0,0,0,1523.70004,-524.2500000001655
443.7954,1,0,0,0,1523.70193,-522.3600000001625
443.995398,1,0,0,0,1523.69664,-527.6500000002216
444.195396,1,0,0,0,1523.70023,-524.0600000001905
444.395394,1,0,0,0,1523.70023,-524.0600000001905
444.595392,1,0,0,0,1523.70192,-522.3700000001372
444.795389,1,0,0,0,1523.70023,-524.0600000001905
444.995387,1,0,0,0,1523.70023,-524.0600000001905
445.195385,1,0,0,0,1523.70023,-524.0600000001905
445.395383,1,0,0,0,1523.70023,-524.0600000001905
445.595381,1,0,0,0,1523.70004,-524.2500000001655
445.795379,1,0,0,0,1523.70211,-522.1800000001622
445.995377,1,0,0,0,1523.70004,-524.2500000001655
446.195375,1,0,0,0,1523.70174,-522.5500000001375
446.395373,1,0,0,0,1523.70023,-524.0600000001905
446.595371,1,0,0,0,1523.70023,-524.0600000001905
446.795369,1,0,0,0,1523.69816,-526.1300000001938
446.995367,1,0,0,0,1523.69816,-526.1300000001938
447.195364,1,0,0,0,1523.70023,-524.0600000001905
447.395363,1,0,0,0,1523.70023,-524.0600000001905
447.595361,1,0,0,0,1523.69872,-525.5700000000161
447.795358,1,0,0,0,1523.70004,-524.2500000001655
447.995356,1,0,0,0,1523.70193,-522.3600000001625
448.195354,1,0,0,0,1523.70004,-524.2500000001655
448.395352,1,0,0,0,1523.70193,-522.3600000001625
448.59535,1,0,0,0,1523.70212,-522.1700000001874
448.795348,1,0,0,0,1523.70212,-522.1700000001874
448.995346,1,0,0,0,1523.70023,-524.0600000001905
449.195344,1,0,0,0,1523.70023,-524.0600000001905
449.395342,1,0,0,0,1523.70005,-524.2400000001908
449.59534,1,0,0,0,1523.69835,-525.9400000002188
449.795338,1,0,0,0,1523.70005,-524.2400000001908
449.995336,1,0,0,0,1523.69835,-525.9400000002188
450.195333,1,0,0,0,1523.70004,-524.2500000001655
450.395331,1,0,0,0,1523.69834,-525.9500000001935
450.595329,1,0,0,0,1523.69815,-526.1400000001686
450.795327,1,0,0,0,1523.69645,-527.8400000001966
450.995325,1,0,0,0,1523.69664,-527.6500000002216
451.195323,1,0,0,0,1523.69664,-527.6500000002216
451.395321,1,0,0,0,1523.69834,-525.9500000001935
451.595319,1,0,0,0,1523.69815,-526.1400000001686
451.795317,1,0,0,0,1523.69853,-525.7600000002185
451.995315,1,0,0,0,1523.70004,-524.2500000001655
452.195313,1,0,0,0,1523.69664,-527.6500000002216
452.395311,1,0,0,0,1523.69834,-525.9500000001935
452.595309,1,0,0,0,1523.69664,-527.6500000002216
452.795306,1,0,0,0,1523.69664,-527.6500000002216
452.995305,1,0,0,0,1523.70004,-524.2500000001655
453.195302,1,0,0,0,1523.70004,-524.2500000001655
453.3953,1,0,0,0,1523.70023,-524.0600000001905
453.595298,1,0,0,0,1523.70192,-522.3700000001372
453.795296,1,0,0,0,1523.70004,-524.2500000001655
453.995294,1,0,0,0,1523.70041,-523.8800000001902
454.195292,1,0,0,0,1523.69853,-525.7600000002185
454.39529,1,0,0,0,1523.69834,-525.9500000001935
454.595288,1,0,0,0,1523.70004,-524.2500000001655
454.795286,1,0,0,0,1523.70004,-524.2500000001655
454.995284,1,0,0,0,1523.70004,-524.2500000001655
455.195282,1,0,0,0,1523.70211,-522.1800000001622
455.39528,1,0,0,0,1523.69815,-526.1400000001686
455.595278,1,0,0,0,1523.69815,-526.1400000001686
455.795275,1,0,0,0,1523.69834,-525.9500000001935
455.995273,1,0,0,0,1523.69834,-525.9500000001935
456.195271,1,0,0,0,1523.69834,-525.9500000001935
456.395269,1,0,0,0,1523.70003,-524.2600000001403
456.595267,1,0,0,0,1523.69852,-525.7700000001932
456.795265,1,0,0,0,1523.69815,-526.1400000001686
456.995263,1,0,0,0,1523.69663,-527.6600000001963
457.195261,1,0,0,0,1523.70022,-524.0700000001652
457.395259,1,0,0,0,1523.70192,-522.3700000001372
457.595257,1,0,0,0,1523.70022,-524.0700000001652
457.795255,1,0,0,0,1523.70192,-522.3700000001372
457.995253,1,0,0,0,1523.70004,-524.2500000001655
458.195251,1,0,0,0,1523.69834,-525.9500000001935
458.395249,1,0,0,0,1523.69834,-525.9500000001935
458.595247,1,0,0,0,1523.70022,-524.0700000001652
458.795244,1,0,0,0,1523.70004,-524.2500000001655
458.995242,1,0,0,0,1523.70004,-524.2500000001655
459.19524,1,0,0,0,1523.70192,-522.3700000001372
459.395238,1,0,0,0,1523.70041,-523.8800000001902
459.595236,1,0,0,0,1523.70211,-522.1800000001622
459.795234,1,0,0,0,1523.70022,-524.0700000001652
459.995232,1,0,0,0,1523.70003,-524.2600000001403
460.19523,1,0,0,0,1523.69815,-526.1400000001686
460.395228,1,0,0,0,1523.69852,-525.7700000001932
460.595226,1,0,0,0,1523.70022,-524.0700000001652
460.795224,1,0,0,0,1523.70192,-522.3700000001372
460.995222,1,0,0,0,1523.70003,-524.2600000001403
461.19522,1,0,0,0,1523.70003,-524.2600000001403
461.395218,1,0,0,0,1523.70192,-522.3700000001372
461.595216,1,0,0,0,1523.70022,-524.0700000001652
461.795213,1,0,0,0,1523.70003,-524.2600000001403
461.995211,1,0,0,0,1523.70022,-524.0700000001652
462.195209,1,0,0,0,1523.70003,-524.2600000001403
462.395207,1,0,0,0,1523.70022,-524.0700000001652
462.595205,1,0,0,0,1523.70211,-522.1800000001622
462.795203,1,0,0,0,1523.70003,-524.2600000001403
462.995201,1,0,0,0,1523.69852,-525.7700000001932
463.195199,1,0,0,0,1523.69852,-525.7700000001932
463.395197,1,0,0,0,1523.70173,-522.5600000001123
463.595195,1,0,0,0,1523.70041,-523.8800000001902
463.795192,1,0,0,0,1523.70192,-522.3700000001372
463.995191,1,0,0,0,1523.70211,-522.1800000001622
464.195189,1,0,0,0,1523.70211,-522.1800000001622
464.395186,1,0,0,0,1523.69833,-525.9600000001683
464.595184,1,0,0,0,1523.70362,-520.6700000001092
464.795182,1,0,0,0,1523.70022,-524.0700000001652
464.99518,1,0,0,0,1523.70192,-522.3700000001372
465.195178,1,0,0,0,1523.70211,-522.1800000001622
465.395176,1,0,0,0,1523.70192,-522.3700000001372
465.595174,1,0,0,0,1523.70022,-524.0700000001652
465.795172,1,0,0,0,1523.70003,-524.2600000001403
465.99517,1,0,0,0,1523.70022,-524.0700000001652
466.195168,1,0,0,0,1523.69833,-525.9600000001683
466.395166,1,0,0,0,1523.69663,-527.6600000001963
466.595164,1,0,0,0,1523.70192,-522.3700000001372
466.795162,1,0,0,0,1523.69852,-525.7700000001932
466.995159,1,0,0,0,1523.69852,-525.7700000001932
467.195158,1,0,0,0,1523.70041,-523.8800000001902
467.395155,1,0,0,0,1523.69833,-525.9600000001683
467.595153,1,0,0,0,1523.69833,-525.9600000001683
467.795151,1,0,0,0,1523.69814,-526.1500000001433
467.995149,1,0,0,0,1523.69644,-527.8500000001713
468.195147,1,0,0,0,1523.70041,-523.8800000001902
468.395145,1,0,0,0,1523.70003,-524.2600000001403
468.595143,1,0,0,0,1523.70022,-524.0700000001652
468.795141,1,0,0,0,1523.70041,-523.8800000001902
468.995139,1,0,0,0,1523.70041,-523.8800000001902
469.195137,1,0,0,0,1523.69852,-525.7700000001932
469.395134,1,0,0,0,1523.69814,-526.1500000001433
469.595133,1,0,0,0,1523.70041,-523.8800000001902
469.79513,1,0,0,0,1523.69833,-525.9600000001683
469.995128,1,0,0,0,1523.70003,-524.2600000001403
470.195126,1,0,0,0,1523.69814,-526.1500000001433
470.395124,1,0,0,0,1523.69833,-525.9600000001683
470.595122,1,0,0,0,1523.70022,-524.0700000001652
470.79512,1,0,0,0,1523.69833,-525.9600000001683
470.995118,1,0,0,0,1523.70021,-524.08000000014
471.195116,1,0,0,0,1523.69814,-526.1500000001433
471.395114,1,0,0,0,1523.7021,-522.1900000001369
471.595112,1,0,0,0,1523.7021,-522.1900000001369
471.79511,1,0,0,0,1523.70021,-524.08000000014
471.995108,1,0,0,0,1523.69984,-524.4500000001153
472.195106,1,0,0,0,1523.70191,-522.380000000112
472.395103,1,0,0,0,1523.70021,-524.08000000014
472.595102,1,0,0,0,1523.70191,-522.380000000112
472.795099,1,0,0,0,1523.70021,-524.08000000014
472.995097,1,0,0,0,1523.70021,-524.08000000014
473.195095,1,0,0,0,1523.70002,-524.270000000115
473.395093,1,0,0,0,1523.70021,-524.08000000014
473.595091,1,0,0,0,1523.70021,-524.08000000014
473.795089,1,0,0,0,1523.70021,-524.08000000014
473.995087,1,0,0,0,1523.7004,-523.890000000165
474.195085,1,0,0,0,1523.70191,-522.380000000112
474.395083,1,0,0,0,1523.7004,-523.890000000165
474.595081,1,0,0,0,1523.7021,-522.1900000001369
474.795079,1,0,0,0,1523.70021,-524.08000000014
474.995077,1,0,0,0,1523.70191,-522.380000000112
475.195075,1,0,0,0,1523.70021,-524.08000000014
475.395072,1,0,0,0,1523.70021,-524.08000000014
475.59507,1,0,0,0,1523.7004,-523.890000000165
475.795068,1,0,0,0,1523.70361,-520.680000000084
475.995066,1,0,0,0,1523.69832,-525.970000000143
476.195064,1,0,0,0,1523.7004,-523.890000000165
476.395062,1,0,0,0,1523.69851,-525.780000000168
476.59506,1,0,0,0,1523.70171,-522.5800000000618
476.795058,1,0,0,0,1523.70209,-522.2000000001117
476.995056,1,0,0,0,1523.7002,-524.0900000001147
477.195054,1,0,0,0,1523.7019,-522.3900000000867
477.395052,1,0,0,0,1523.70209,-522.2000000001117
477.59505,1,0,0,0,1523.7019,-522.3900000000867
477.795048,1,0,0,0,1523.7002,-524.0900000001147
477.995045,1,0,0,0,1523.70021,-524.08000000014
478.195044,1,0,0,0,1523.7019,-522.3900000000867
478.395041,1,0,0,0,1523.70002,-524.270000000115
478.595039,1,0,0,0,1523.70021,-524.08000000014
478.795037,1,0,0,0,1523.70172,-522.570000000087
478.995035,1,0,0,0,1523.70021,-524.08000000014
479.195033,1,0,0,0,1523.70002,-524.270000000115
479.395031,1,0,0,0,1523.70209,-522.2000000001117
479.595029,1,0,0,0,1523.70021,-524.08000000014
479.795027,1,0,0,0,1523.70171,-522.5800000000618
479.995025,1,0,0,0,1523.70171,-522.5800000000618
480.195023,1,0,0,0,1523.7002,-524.0900000001147
480.395021,1,0,0,0,1523.70171,-522.5800000000618
480.595019,1,0,0,0,1523.70209,-522.2000000001117
480.795017,1,0,0,0,1523.7019,-522.3900000000867
480.995015,1,0,0,0,1523.7019,-522.3900000000867
481.195012,1,0,0,0,1523.70002,-524.270000000115
481.39501,1,0,0,0,1523.70002,-524.270000000115
481.595008,1,0,0,0,1523.70191,-522.380000000112
481.795007,1,0,0,0,1523.70021,-524.08000000014
481.995004,1,0,0,0,1523.7021,-522.1900000001369
482.195002,1,0,0,0,1523.70191,-522.380000000112
482.395,1,0,0,0,1523.7021,-522.1900000001369
482.594998,1,0,0,0,1523.7021,-522.1900000001369
482.794996,1,0,0,0,1523.70021,-524.08000000014
482.994994,1,0,0,0,1523.70191,-522.380000000112
483.194992,1,0,0,0,1523.70021,-524.08000000014
483.39499,1,0,0,0,1523.69832,-525.970000000143
483.594988,1,0,0,0,1523.70191,-522.380000000112
483.794985,1,0,0,0,1523.69813,-526.1600000001181
483.994984,1,0,0,0,1523.69832,-525.970000000143
484.194981,1,0,0,0,1523.69813,-526.1600000001181
484.394979,1,0,0,0,1523.69851,-525.780000000168
484.594977,1,0,0,0,1523.69662,-527.6700000001711
484.794975,1,0,0,0,1523.69832,-525.970000000143
484.994973,1,0,0,0,1523.69832,-525.970000000143
485.194971,1,0,0,0,1523.69832,-525.970000000143
485.394969,1,0,0,0,1523.7002,-524.0900000001147
485.594967,1,0,0,0,1523.7002,-524.0900000001147
485.794965,1,0,0,0,1523.69832,-525.970000000143
485.994963,1,0,0,0,1523.70002,-524.270000000115
486.194961,1,0,0,0,1523.7002,-524.0900000001147
486.394958,1,0,0,0,1523.7002,-524.0900000001147
486.594956,1,0,0,0,1523.6985,-525.7900000001428
486.794954,1,0,0,0,1523.70209,-522.2000000001117
486.994952,1,0,0,0,1523.70001,-524.2800000000898
487.19495,1,0,0,0,1523.7019,-522.3900000000867
487.394948,1,0,0,0,1523.70001,-524.2800000000898
487.594946,1,0,0,0,1523.69831,-525.9800000001178
487.794944,1,0,0,0,1523.7002,-524.0900000001147
487.994942,1,0,0,0,1523.70209,-522.2000000001117
488.19494,1,0,0,0,1523.70001,-524.2800000000898
488.394938,1,0,0,0,1523.7002,-524.0900000001147
488.594936,1,0,0,0,1523.7019,-522.3900000000867
488.794934,1,0,0,0,1523.69831,-525.9800000001178
488.994932,1,0,0,0,1523.7002,-524.0900000001147
489.194929,1,0,0,0,1523.6985,-525.7900000001428
489.394928,1,0,0,0,1523.70001,-524.2800000000898
489.594925,1,0,0,0,1523.7002,-524.0900000001147
489.794923,1,0,0,0,1523.7019,-522.3900000000867
489.994921,1,0,0,0,1523.7002,-524.0900000001147
490.194919,1,0,0,0,1523.69812,-526.1700000000928
490.394917,1,0,0,0,1523.7002,-524.0900000001147
490.594915,1,0,0,0,1523.7002,-524.0900000001147
490.794913,1,0,0,0,1523.70039,-523.9000000001397
490.994911,1,0,0,0,1523.7002,-524.0900000001147
491.194909,1,0,0,0,1523.70209,-522.2000000001117
491.394907,1,0,0,0,1523.69831,-525.9800000001178
491.594905,1,0,0,0,1523.70039,-523.9000000001397
491.794903,1,0,0,0,1523.7002,-524.0900000001147
491.9949,1,0,0,0,1523.69851,-525.780000000168
492.194899,1,0,0,0,1523.70209,-522.2000000001117
492.394896,1,0,0,0,1523.7002,-524.0900000001147
492.594894,1,0,0,0,1523.70171,-522.5800000000618
492.794892,1,0,0,0,1523.70191,-522.380000000112
492.99489,1,0,0,0,1523.69813,-526.1600000001181
493.194888,1,0,0,0,1523.70361,-520.680000000084
493.394886,1,0,0,0,1523.70021,-524.08000000014
493.594884,1,0,0,0,1523.70172,-522.570000000087
493.794882,1,0,0,0,1523.69832,-525.970000000143
493.99488,1,0,0,0,1523.70549,-518.8000000000557
494.194878,1,0,0,0,1523.7038,-520.4900000001089
494.394876,1,0,0,0,1523.7019,-522.3900000000867
494.594873,1,0,0,0,1523.70379,-520.5000000000837
494.794872,1,0,0,0,1523.7019,-522.3900000000867
494.994869,1,0,0,0,1523.70021,-524.08000000014
495.194867,1,0,0,0,1523.70021,-524.08000000014
495.394865,1,0,0,0,1523.70191,-522.380000000112
495.594863,1,0,0,0,1523.70021,-524.08000000014
495.794861,1,0,0,0,1523.7004,-523.890000000165
495.994859,1,0,0,0,1523.70021,-524.08000000014
496.194857,1,0,0,0,1523.70022,-524.0700000001652
496.394855,1,0,0,0,1523.70022,-524.0700000001652
496.594853,1,0,0,0,1523.70022,-524.0700000001652
496.794851,1,0,0,0,1523.70192,-522.3700000001372
496.994849,1,0,0,0,1523.70381,-520.4800000001342
497.194847,1,0,0,0,1523.70041,-523.8800000001902
497.394845,1,0,0,0,1523.70211,-522.1800000001622
497.594842,1,0,0,0,1523.70362,-520.6700000001092
497.79484,1,0,0,0,1523.70022,-524.0700000001652
497.994838,1,0,0,0,1523.70022,-524.0700000001652
498.194836,1,0,0,0,1523.70022,-524.0700000001652
498.394834,1,0,0,0,1523.70211,-522.1800000001622
498.594832,1,0,0,0,1523.70192,-522.3700000001372
498.79483,1,0,0,0,1523.7055,-518.7900000000809
498.994828,1,0,0,0,1523.70362,-520.6700000001092
499.194826,1,0,0,0,1523.70192,-522.3700000001372
499.394824,1,0,0,0,1523.70041,-523.8800000001902
499.594822,1,0,0,0,1523.70211,-522.1800000001622
499.79482,1,0,0,0,1523.70003,-524.2600000001403
499.994817,1,0,0,0,1523.70211,-522.1800000001622
500.194816,1,0,0,0,1523.69833,-525.9600000001683
500.394814,1,0,0,0,1523.69833,-525.9600000001683
500.594812,1,0,0,0,1523.70041,-523.8800000001902
500.794809,1,0,0,0,1523.70022,-524.0700000001652
500.994807,1,0,0,0,1523.70022,-524.0700000001652
501.194805,1,0,0,0,1523.70192,-522.3700000001372
501.394803,1,0,0,0,1523.70041,-523.8800000001902
501.594801,1,0,0,0,1523.69852,-525.7700000001932
501.794799,1,0,0,0,1523.70003,-524.2600000001403
501.994797,1,0,0,0,1523.70021,-524.08000000014
502.194795,1,0,0,0,1523.69852,-525.7700000001932
502.394793,1,0,0,0,1523.69833,-525.9600000001683
502.594791,1,0,0,0,1523.70002,-524.270000000115
502.794789,1,0,0,0,1523.69851,-525.780000000168
502.994787,1,0,0,0,1523.70021,-524.08000000014
503.194784,1,0,0,0,1523.70002,-524.270000000115
503.394783,1,0,0,0,1523.69851,-525.780000000168
503.59478,1,0,0,0,1523.70021,-524.08000000014
503.794778,1,0,0,0,1523.70191,-522.380000000112
503.994776,1,0,0,0,1523.7021,-522.1900000001369
504.194774,1,0,0,0,1523.69851,-525.780000000168
504.394772,1,0,0,0,1523.7021,-522.1900000001369
504.59477,1,0,0,0,1523.7021,-522.1900000001369
504.794768,1,0,0,0,1523.70021,-524.08000000014
504.994766,1,0,0,0,1523.70021,-524.08000000014
505.194764,1,0,0,0,1523.69984,-524.4500000001153
505.394762,1,0,0,0,1523.70191,-522.380000000112
505.59476,1,0,0,0,1523.69852,-525.7700000001932
505.794757,1,0,0,0,1523.70003,-524.2600000001403
505.994756,1,0,0,0,1523.70021,-524.08000000014
506.194753,1,0,0,0,1523.70003,-524.2600000001403
506.394751,1,0,0,0,1523.70191,-522.380000000112
506.594749,1,0,0,0,1523.69833,-525.9600000001683
506.794747,1,0,0,0,1523.7004,-523.890000000165
506.994745,1,0,0,0,1523.70021,-524.08000000014
507.194743,1,0,0,0,1523.70021,-524.08000000014
507.394741,1,0,0,0,1523.69983,-524.4600000000901
507.594739,1,0,0,0,1523.69814,-526.1500000001433
507.794737,1,0,0,0,1523.70002,-524.270000000115
507.994735,1,0,0,0,1523.70021,-524.08000000014
508.194733,1,0,0,0,1523.70002,-524.270000000115
508.394731,1,0,0,0,1523.7004,-523.890000000165
508.594729,1,0,0,0,1523.69852,-525.7700000001932
508.794726,1,0,0,0,1523.70003,-524.2600000001403
508.994724,1,0,0,0,1523.70003,-524.2600000001403
509.194722,1,0,0,0,1523.70021,-524.08000000014
509.39472,1,0,0,0,1523.70003,-524.2600000001403
509.594718,1,0,0,0,1523.69663,-527.6600000001963
509.794716,1,0,0,0,1523.70021,-524.08000000014
509.994714,1,0,0,0,1523.69833,-525.9600000001683
510.194712,1,0,0,0,1523.70003,-524.2600000001403
510.39471,1,0,0,0,1523.70173,-522.5600000001123
510.594708,1,0,0,0,1523.6819,-542.3900000000685
510.794706,1,0,0,0,1523.70758,-516.7100000001028
510.994704,1,0,0,0,1523.73136,-492.9300000001149
511.194702,1,0,0,0,1523.73684,-487.45000000008076
511.394699,1,0,0,0,1523.77346,-450.83000000022366
511.594697,1,0,0,0,1523.77535,-448.9400000002206
511.794695,1,0,0,0,1523.74382,-480.4700000001958
511.994694,1,0,0,0,1523.75911,-465.1800000001458
512.194691,1,0,0,0,1523.77724,-447.05000000021755
512.394689,1,0,0,0,1523.77894,-445.35000000018954
512.594687,1,0,0,0,1523.87182,-352.47000000003936
512.794685,1,0,0,0,1523.87975,-344.5400000000518
512.994683,1,0,0,0,1523.87012,-354.1700000000674
513.194681,1,0,0,0,1523.81159,-412.7000000000862
513.394679,1,0,0,0,1523.88901,-335.28000000001157
513.594677,1,0,0,0,1523.8554,-368.89000000019223
513.794675,1,0,0,0,1523.78233,-441.96000000010827
513.994673,1,0,0,0,1523.85049,-373.80000000007385
514.19467,1,0,0,0,1523.86087,-363.42000000013286
514.394668,1,0,0,0,1523.7644,-459.89000000008673
514.594666,1,0,0,0,1523.76987,-454.42000000002736
514.794664,1,0,0,0,1523.78271,-441.5800000001582
514.994662,1,0,0,0,1523.88353,-340.7600000000457
515.19466,1,0,0,0,1523.88712,-337.1700000000146
515.394658,1,0,0,0,1523.98267,-241.62000000001171
515.594656,1,0,0,0,1523.97322,-251.070000000027
515.794654,1,0,0,0,1523.84539,-378.9000000001579
515.994652,1,0,0,0,1523.73834,-485.95000000000255
516.19465,1,0,0,0,1523.77723,-447.0600000001923
516.394648,1,0,0,0,1523.66906,-555.2300000001651
516.594646,1,0,0,0,1523.52939,-694.9000000001888
516.794644,1,0,0,0,1523.5241,-700.1900000000205
516.994642,1,0,0,0,1523.52165,-702.6400000002013
517.194639,1,0,0,0,1523.51844,-705.8500000000549
517.394637,1,0,0,0,1523.52334,-700.9500000001481
517.594635,1,0,0,0,1523.52165,-702.6400000002013
517.794633,1,0,0,0,1523.52202,-702.2699999999986
517.994631,1,0,0,0,1523.52202,-702.2699999999986
518.194629,1,0,0,0,1523.51995,-704.340000000002
518.394627,1,0,0,0,1523.52014,-704.1500000000269
518.594625,1,0,0,0,1523.52165,-702.6400000002013
518.794623,1,0,0,0,1523.52052,-703.7700000000768
518.994621,1,0,0,0,1523.51844,-705.8500000000549
519.194619,1,0,0,0,1523.52014,-704.1500000000269
519.394617,1,0,0,0,1523.52335,-700.9400000001733
519.594615,1,0,0,0,1523.52165,-702.6400000002013
519.794612,1,0,0,0,1523.52166,-702.6299999999992
519.99461,1,0,0,0,1523.52015,-704.1400000000522
520.194608,1,0,0,0,1523.52166,-702.6299999999992
520.394607,1,0,0,0,1523.52015,-704.1400000000522
520.594604,1,0,0,0,1523.51997,-704.3200000000525
520.794602,1,0,0,0,1523.52374,-700.5500000000211
520.9946,1,0,0,0,1523.52148,-702.8099999999995
521.194598,1,0,0,0,1523.52167,-702.6200000000244
521.394596,1,0,0,0,1523.52167,-702.6200000000244
521.594594,1,0,0,0,1523.52224,-702.0500000000993
521.794592,1,0,0,0,1523.52167,-702.6200000000244
521.99459,1,0,0,0,1523.52016,-704.1300000000774
522.194587,1,0,0,0,1523.5196,-704.6900000000278
522.394586,1,0,0,0,1523.52205,-702.2400000000744
522.594584,1,0,0,0,1523.52148,-702.8099999999995
522.794581,1,0,0,0,1523.51997,-704.3200000000525
522.994579,1,0,0,0,1523.51865,-705.6400000001304
523.194577,1,0,0,0,1523.52016,-704.1300000000774
523.394575,1,0,0,0,1523.51808,-706.2100000000555
523.594573,1,0,0,0,1523.52016,-704.1300000000774
523.794571,1,0,0,0,1523.51808,-706.2100000000555
523.994569,1,0,0,0,1523.52204,-702.2500000000491
524.194567,1,0,0,0,1523.52053,-703.7600000001021
524.394565,1,0,0,0,1523.51997,-704.3200000000525
524.594563,1,0,0,0,1523.51997,-704.3200000000525
524.794561,1,0,0,0,1523.52015,-704.1400000000522
524.994559,1,0,0,0,1523.51864,-705.6500000001051
525.194556,1,0,0,0,1523.52166,-702.6299999999992
525.394554,1,0,0,0,1523.52204,-702.2500000000491
525.594552,1,0,0,0,1523.51997,-704.3200000000525
525.79455,1,0,0,0,1523.51997,-704.3200000000525
525.994548,1,0,0,0,1523.52015,-704.1400000000522
526.194547,1,0,0,0,1523.52166,-702.6299999999992
526.394544,1,0,0,0,1523.52015,-704.1400000000522
526.594542,1,0,0,0,1523.52166,-702.6299999999992
526.79454,1,0,0,0,1523.52015,-704.1400000000522
526.994538,1,0,0,0,1523.52015,-704.1400000000522
527.194536,1,0,0,0,1523.51996,-704.3300000000272
527.394534,1,0,0,0,1523.52053,-703.7600000001021
527.594532,1,0,0,0,1523.51996,-704.3300000000272
527.79453,1,0,0,0,1523.52053,-703.7600000001021
527.994528,1,0,0,0,1523.51959,-704.7000000000025
528.194525,1,0,0,0,1523.52166,-702.6299999999992
528.394523,1,0,0,0,1523.52015,-704.1400000000522
528.594521,1,0,0,0,1523.52166,-702.6299999999992
528.794519,1,0,0,0,1523.51997,-704.3200000000525
528.994517,1,0,0,0,1523.51846,-705.8300000001054
529.194515,1,0,0,0,1523.51997,-704.3200000000525
529.394513,1,0,0,0,1523.52148,-702.8099999999995
529.594511,1,0,0,0,1523.51997,-704.3200000000525
529.794509,1,0,0,0,1523.52204,-702.2500000000491
529.994507,1,0,0,0,1523.52204,-702.2500000000491
530.194505,1,0,0,0,1523.51846,-705.8300000001054
530.394503,1,0,0,0,1523.52166,-702.6299999999992
530.594501,1,0,0,0,1523.52015,-704.1400000000522
530.794498,1,0,0,0,1523.52015,-704.1400000000522
530.994496,1,0,0,0,1523.51996,-704.3300000000272
531.194494,1,0,0,0,1523.51996,-704.3300000000272
531.394492,1,0,0,0,1523.52015,-704.1400000000522
531.59449,1,0,0,0,1523.52223,-702.0600000000741
531.794488,1,0,0,0,1523.51807,-706.2200000000303
531.994486,1,0,0,0,1523.52147,-702.8200000002016
532.194484,1,0,0,0,1523.51996,-704.3300000000272
532.394482,1,0,0,0,1523.51996,-704.3300000000272
532.59448,1,0,0,0,1523.51638,-707.9100000000835
532.794478,1,0,0,0,1523.51845,-705.8400000000802
532.994476,1,0,0,0,1523.51846,-705.8300000001054
533.194474,1,0,0,0,1523.51865,-705.6400000001304
533.394472,1,0,0,0,1523.51638,-707.9100000000835
533.59447,1,0,0,0,1523.51808,-706.2100000000555
533.794467,1,0,0,0,1523.51808,-706.2100000000555
533.994466,1,0,0,0,1523.51657,-707.7200000001085
534.194463,1,0,0,0,1523.51468,-709.6100000001115
534.394462,1,0,0,0,1523.51657,-707.7200000001085
534.594459,1,0,0,0,1523.51845,-705.8400000000802
534.794457,1,0,0,0,1523.51845,-705.8400000000802
534.994455,1,0,0,0,1523.51808,-706.2100000000555
535.194453,1,0,0,0,1523.51808,-706.2100000000555
535.394451,1,0,0,0,1523.51657,-707.7200000001085
535.594449,1,0,0,0,1523.51657,-707.7200000001085
535.794447,1,0,0,0,1523.51959,-704.7000000000025
535.994445,1,0,0,0,1523.51845,-705.8400000000802
536.194443,1,0,0,0,1523.51675,-707.5400000001082
536.39444,1,0,0,0,1523.51468,-709.6100000001115
536.594439,1,0,0,0,1523.51657,-707.7200000001085
536.794436,1,0,0,0,1523.51845,-705.8400000000802
536.994434,1,0,0,0,1523.51657,-707.7200000001085
537.194432,1,0,0,0,1523.51657,-707.7200000001085
537.39443,1,0,0,0,1523.51657,-707.7200000001085
537.594428,1,0,0,0,1523.51808,-706.2100000000555
537.794426,1,0,0,0,1523.51657,-707.7200000001085
537.994424,1,0,0,0,1523.51657,-707.7200000001085
538.194422,1,0,0,0,1523.51638,-707.9100000000835
538.39442,1,0,0,0,1523.51657,-707.7200000001085
538.594418,1,0,0,0,1523.51845,-705.8400000000802
538.794416,1,0,0,0,1523.51638,-707.9100000000835
538.994414,1,0,0,0,1523.51864,-705.6500000001051
539.194412,1,0,0,0,1523.51807,-706.2200000000303
539.394409,1,0,0,0,1523.51638,-707.9100000000835
539.594407,1,0,0,0,1523.51807,-706.2200000000303
539.794405,1,0,0,0,1523.51807,-706.2200000000303
539.994403,1,0,0,0,1523.51807,-706.2200000000303
540.194401,1,0,0,0,1523.51807,-706.2200000000303
540.394399,1,0,0,0,1523.51845,-705.8400000000802
540.594397,1,0,0,0,1523.52147,-702.8200000002016
540.794395,1,0,0,0,1523.51845,-705.8400000000802
540.994393,1,0,0,0,1523.51845,-705.8400000000802
541.194391,1,0,0,0,1523.51656,-707.7300000000832
541.394389,1,0,0,0,1523.51845,-705.8400000000802
541.594387,1,0,0,0,1523.51845,-705.8400000000802
541.794384,1,0,0,0,1523.51807,-706.2200000000303
541.994382,1,0,0,0,1523.51996,-704.3300000000272
542.194381,1,0,0,0,1523.51807,-706.2200000000303
542.394378,1,0,0,0,1523.51958,-704.7100000002047
542.594376,1,0,0,0,1523.51864,-705.6500000001051
542.794374,1,0,0,0,1523.51675,-707.5400000001082
542.994372,1,0,0,0,1523.51845,-705.8400000000802
543.19437,1,0,0,0,1523.51807,-706.2200000000303
543.394368,1,0,0,0,1523.51996,-704.3300000000272
543.594366,1,0,0,0,1523.51995,-704.340000000002
543.794364,1,0,0,0,1523.51844,-705.8500000000549
543.994362,1,0,0,0,1523.52014,-704.1500000000269
544.19436,1,0,0,0,1523.51995,-704.340000000002
544.394358,1,0,0,0,1523.52052,-703.7700000000768
544.594356,1,0,0,0,1523.52052,-703.7700000000768
544.794353,1,0,0,0,1523.51995,-704.340000000002
544.994351,1,0,0,0,1523.51599,-708.3000000000084
545.194349,1,0,0,0,1523.51807,-706.2200000000303
545.394347,1,0,0,0,1523.51939,-704.9000000001797
545.594345,1,0,0,0,1523.51845,-705.8400000000802
545.794343,1,0,0,0,1523.51996,-704.3300000000272
545.994341,1,0,0,0,1523.51845,-705.8400000000802
546.194339,1,0,0,0,1523.51638,-707.9100000000835
546.394337,1,0,0,0,1523.51808,-706.2100000000555
546.594335,1,0,0,0,1523.51996,-704.3300000000272
546.794333,1,0,0,0,1523.51845,-705.8400000000802
546.994331,1,0,0,0,1523.51996,-704.3300000000272
547.194329,1,0,0,0,1523.51996,-704.3300000000272
547.394326,1,0,0,0,1523.51808,-706.2100000000555
547.594324,1,0,0,0,1523.51657,-707.7200000001085
547.794322,1,0,0,0,1523.51846,-705.8300000001054
547.99432,1,0,0,0,1523.51808,-706.2100000000555
548.194318,1,0,0,0,1523.51808,-706.2100000000555
548.394316,1,0,0,0,1523.51959,-704.7000000000025
548.594314,1,0,0,0,1523.51809,-706.2000000000808
548.794312,1,0,0,0,1523.51809,-706.2000000000808
548.99431,1,0,0,0,1523.52016,-704.1300000000774
549.194308,1,0,0,0,1523.51997,-704.3200000000525
549.394306,1,0,0,0,1523.51658,-707.7100000001337
549.594304,1,0,0,0,1523.51846,-705.8300000001054
549.794302,1,0,0,0,1523.51639,-707.9000000001088
549.9943,1,0,0,0,1523.51639,-707.9000000001088
550.194298,1,0,0,0,1523.5179,-706.3900000000558
550.394295,1,0,0,0,1523.51639,-707.9000000001088
550.594293,1,0,0,0,1523.5179,-706.3900000000558
550.794291,1,0,0,0,1523.51847,-705.8200000001307
550.994289,1,0,0,0,1523.51469,-709.6000000001368
551.194287,1,0,0,0,1523.51658,-707.7100000001337
551.394285,1,0,0,0,1523.51526,-709.0300000002117
551.594283,1,0,0,0,1523.51639,-707.9000000001088
551.794281,1,0,0,0,1523.51809,-706.2000000000808
551.994279,1,0,0,0,1523.51846,-705.8300000001054
552.194277,1,0,0,0,1523.51846,-705.8300000001054
552.394275,1,0,0,0,1523.51846,-705.8300000001054
552.594273,1,0,0,0,1523.51658,-707.7100000001337
552.794271,1,0,0,0,1523.51809,-706.2000000000808
552.994268,1,0,0,0,1523.51809,-706.2000000000808
553.194267,1,0,0,0,1523.51658,-707.7100000001337
553.394264,1,0,0,0,1523.51998,-704.3100000000777
553.594262,1,0,0,0,1523.51677,-707.5200000001587
553.79426,1,0,0,0,1523.51847,-705.8200000001307
553.994258,1,0,0,0,1523.51658,-707.7100000001337
554.194256,1,0,0,0,1523.52017,-704.1200000001027
554.394254,1,0,0,0,1523.51847,-705.8200000001307
554.594252,1,0,0,0,1523.51809,-706.2000000000808
554.79425,1,0,0,0,1523.51847,-705.8200000001307
554.994248,1,0,0,0,1523.51809,-706.2000000000808
555.194246,1,0,0,0,1523.51961,-704.680000000053
555.394244,1,0,0,0,1523.51998,-704.3100000000777
555.594242,1,0,0,0,1523.51847,-705.8200000001307
555.79424,1,0,0,0,1523.51998,-704.3100000000777
555.994237,1,0,0,0,1523.51848,-705.8100000001559
556.194235,1,0,0,0,1523.5181,-706.190000000106
556.394233,1,0,0,0,1523.51848,-705.8100000001559
556.594231,1,0,0,0,1523.51848,-705.8100000001559
556.794229,1,0,0,0,1523.51867,-705.6200000001809
556.994227,1,0,0,0,1523.51791,-706.380000000081
557.194225,1,0,0,0,1523.51999,-704.300000000103
557.394223,1,0,0,0,1523.52018,-704.1100000001279
557.594221,1,0,0,0,1523.5181,-706.190000000106
557.794219,1,0,0,0,1523.51999,-704.300000000103
557.994217,1,0,0,0,1523.52206,-702.2300000000996
558.194215,1,0,0,0,1523.51848,-705.8100000001559
558.394213,1,0,0,0,1523.5181,-706.190000000106
558.594211,1,0,0,0,1523.51659,-707.700000000159
558.794209,1,0,0,0,1523.51847,-705.8200000001307
558.994206,1,0,0,0,1523.52055,-703.7400000001526
559.194204,1,0,0,0,1523.52206,-702.2300000000996
559.394202,1,0,0,0,1523.51847,-705.8200000001307
559.5942,1,0,0,0,1523.52168,-702.6100000000497
559.794198,1,0,0,0,1523.51998,-704.3100000000777
559.994196,1,0,0,0,1523.51961,-704.680000000053
560.194194,1,0,0,0,1523.52017,-704.1200000001027
560.394192,1,0,0,0,1523.52168,-702.6100000000497
560.59419,1,0,0,0,1523.51998,-704.3100000000777
560.794188,1,0,0,0,1523.5181,-706.190000000106
560.994186,1,0,0,0,1523.52055,-703.7400000001526
561.194184,1,0,0,0,1523.52206,-702.2300000000996
561.394181,1,0,0,0,1523.5181,-706.190000000106
561.594179,1,0,0,0,1523.51961,-704.680000000053
561.794178,1,0,0,0,1523.52018,-704.1100000001279
561.994175,1,0,0,0,1523.51999,-704.300000000103
562.194173,1,0,0,0,1523.52206,-702.2300000000996
562.394171,1,0,0,0,1523.5181,-706.190000000106
562.594169,1,0,0,0,1523.5181,-706.190000000106
562.794167,1,0,0,0,1523.52056,-703.7300000001778
562.994165,1,0,0,0,1523.51848,-705.8100000001559
563.194163,1,0,0,0,1523.51999,-704.300000000103
563.394161,1,0,0,0,1523.52017,-704.1200000001027
563.594159,1,0,0,0,1523.52168,-702.6100000000497
563.794157,1,0,0,0,1523.51961,-704.680000000053
563.994154,1,0,0,0,1523.51961,-704.680000000053
564.194153,1,0,0,0,1523.52017,-704.1200000001027
564.39415,1,0,0,0,1523.52168,-702.6100000000497
564.594148,1,0,0,0,1523.51847,-705.8200000001307
564.794146,1,0,0,0,1523.51998,-704.3100000000777
564.994144,1,0,0,0,1523.51809,-706.2000000000808
565.194142,1,0,0,0,1523.51809,-706.2000000000808
565.39414,1,0,0,0,1523.51885,-705.4400000001806
565.594138,1,0,0,0,1523.51998,-704.3100000000777
565.794136,1,0,0,0,1523.51847,-705.8200000001307
565.994134,1,0,0,0,1523.51847,-705.8200000001307
566.194132,1,0,0,0,1523.5147,-709.590000000162
566.39413,1,0,0,0,1523.51809,-706.2000000000808
566.594128,1,0,0,0,1523.5196,-704.6900000000278
566.794126,1,0,0,0,1523.51658,-707.7100000001337
566.994123,1,0,0,0,1523.51998,-704.3100000000777
567.194121,1,0,0,0,1523.51639,-707.9000000001088
567.39412,1,0,0,0,1523.51469,-709.6000000001368
567.594117,1,0,0,0,1523.51601,-708.2800000000589
567.794115,1,0,0,0,1523.51998,-704.3100000000777
567.994113,1,0,0,0,1523.51639,-707.9000000001088
568.194111,1,0,0,0,1523.51809,-706.2000000000808
568.394109,1,0,0,0,1523.51658,-707.7100000001337
568.594107,1,0,0,0,1523.51998,-704.3100000000777
568.794105,1,0,0,0,1523.51809,-706.2000000000808
568.994103,1,0,0,0,1523.51639,-707.9000000001088
569.194101,1,0,0,0,1523.51809,-706.2000000000808
569.394099,1,0,0,0,1523.51658,-707.7100000001337
569.594097,1,0,0,0,1523.51639,-707.9000000001088
569.794095,1,0,0,0,1523.51809,-706.2000000000808
569.994092,1,0,0,0,1523.51847,-705.8200000001307
570.19409,1,0,0,0,1523.51847,-705.8200000001307
570.394088,1,0,0,0,1523.51941,-704.8800000000028
570.594086,1,0,0,0,1523.52017,-704.1200000001027
570.794084,1,0,0,0,1523.51998,-704.3100000000777
570.994082,1,0,0,0,1523.51847,-705.8200000001307
571.19408,1,0,0,0,1523.52017,-704.1200000001027
571.394078,1,0,0,0,1523.51847,-705.8200000001307
571.594076,1,0,0,0,1523.51866,-705.6300000001556
571.794074,1,0,0,0,1523.51658,-707.7100000001337
571.994072,1,0,0,0,1523.5164,-707.890000000134
572.19407,1,0,0,0,1523.5196,-704.6900000000278
572.394068,1,0,0,0,1523.51809,-706.2000000000808
572.594065,1,0,0,0,1523.51847,-705.8200000001307
572.794064,1,0,0,0,1523.51658,-707.7100000001337
572.994061,1,0,0,0,1523.51658,-707.7100000001337
573.194059,1,0,0,0,1523.51677,-707.5200000001587
573.394057,1,0,0,0,1523.51809,-706.2000000000808
573.594055,1,0,0,0,1523.51998,-704.3100000000777
573.794053,1,0,0,0,1523.51658,-707.7100000001337
573.994051,1,0,0,0,1523.51997,-704.3200000000525
574.194049,1,0,0,0,1523.52167,-702.6200000000244
574.394047,1,0,0,0,1523.51846,-705.8300000001054
574.594045,1,0,0,0,1523.51846,-705.8300000001054
574.794043,1,0,0,0,1523.52016,-704.1300000000774
574.994041,1,0,0,0,1523.51998,-704.3100000000777
575.194039,1,0,0,0,1523.51847,-705.8200000001307
575.394037,1,0,0,0,1523.51809,-706.2000000000808
575.594035,1,0,0,0,1523.51847,-705.8200000001307
575.794032,1,0,0,0,1523.51998,-704.3100000000777
575.99403,1,0,0,0,1523.52017,-704.1200000001027
576.194028,1,0,0,0,1523.51847,-705.8200000001307
576.394026,1,0,0,0,1523.51998,-704.3100000000777
576.594024,1,0,0,0,1523.51998,-704.3100000000777
576.794022,1,0,0,0,1523.51941,-704.8800000000028
576.99402,1,0,0,0,1523.51998,-704.3100000000777
577.194018,1,0,0,0,1523.51847,-705.8200000001307
577.394016,1,0,0,0,1523.51998,-704.3100000000777
577.594014,1,0,0,0,1523.5196,-704.6900000000278
577.794012,1,0,0,0,1523.51998,-704.3100000000777
577.994009,1,0,0,0,1523.51997,-704.3200000000525
578.194007,1,0,0,0,1523.51658,-707.7100000001337
578.394005,1,0,0,0,1523.51846,-705.8300000001054
578.594003,1,0,0,0,1523.51997,-704.3200000000525
578.794001,1,0,0,0,1523.51808,-706.2100000000555
578.993999,1,0,0,0,1523.51997,-704.3200000000525
579.193997,1,0,0,0,1523.52167,-702.6200000000244
579.393995,1,0,0,0,1523.52016,-704.1300000000774
579.593993,1,0,0,0,1523.52148,-702.8099999999995
579.793991,1,0,0,0,1523.51997,-704.3200000000525
579.993989,1,0,0,0,1523.52016,-704.1300000000774
580.193987,1,0,0,0,1523.51959,-704.7000000000025
580.393985,1,0,0,0,1523.51997,-704.3200000000525
580.593983,1,0,0,0,1523.51846,-705.8300000001054
580.793981,1,0,0,0,1523.52016,-704.1300000000774
580.993979,1,0,0,0,1523.51846,-705.8300000001054
581.193976,1,0,0,0,1523.51959,-704.7000000000025
581.393975,1,0,0,0,1523.5179,-706.3900000000558
581.593972,1,0,0,0,1523.52167,-702.6200000000244
581.79397,1,0,0,0,1523.51809,-706.2000000000808
581.993968,1,0,0,0,1523.52054,-703.7500000001273
582.193966,1,0,0,0,1523.51997,-704.3200000000525
582.393964,1,0,0,0,1523.52016,-704.1300000000774
582.593962,1,0,0,0,1523.52016,-704.1300000000774
582.79396,1,0,0,0,1523.52016,-704.1300000000774
582.993958,1,0,0,0,1523.51847,-705.8200000001307
583.193956,1,0,0,0,1523.51658,-707.7100000001337
583.393954,1,0,0,0,1523.5179,-706.3900000000558
583.593951,1,0,0,0,1523.51809,-706.2000000000808
583.793949,1,0,0,0,1523.51847,-705.8200000001307
583.993947,1,0,0,0,1523.51809,-706.2000000000808
584.193945,1,0,0,0,1523.51658,-707.7100000001337
584.393943,1,0,0,0,1523.5179,-706.3900000000558
584.593941,1,0,0,0,1523.51847,-705.8200000001307
584.793939,1,0,0,0,1523.51998,-704.3100000000777
584.993937,1,0,0,0,1523.51847,-705.8200000001307
585.193935,1,0,0,0,1523.5181,-706.190000000106
585.393933,1,0,0,0,1523.51679,-707.5000000002092
585.593931,1,0,0,0,1523.51811,-706.1800000001313
585.793929,1,0,0,0,1523.51962,-704.6700000000783
585.993927,1,0,0,0,1523.51811,-706.1800000001313
586.193925,1,0,0,0,1523.51811,-706.1800000001313
586.393923,1,0,0,0,1523.52019,-704.1000000001532
586.59392,1,0,0,0,1523.5166,-707.6900000001842
586.793918,1,0,0,0,1523.5217,-702.5900000001002
586.993916,1,0,0,0,1523.51849,-705.8000000001812
587.193914,1,0,0,0,1523.51868,-705.6100000002061
587.393912,1,0,0,0,1523.51868,-705.6100000002061
587.59391,1,0,0,0,1523.51849,-705.8000000001812
587.793908,1,0,0,0,1523.5166,-707.6900000001842
587.993906,1,0,0,0,1523.51848,-705.8100000001559
588.193904,1,0,0,0,1523.51811,-706.1800000001313
588.393902,1,0,0,0,1523.52018,-704.1100000001279
588.5939,1,0,0,0,1523.51811,-706.1800000001313
588.793898,1,0,0,0,1523.52018,-704.1100000001279
588.993896,1,0,0,0,1523.51999,-704.300000000103
589.193894,1,0,0,0,1523.51678,-707.5100000001839
589.393891,1,0,0,0,1523.51999,-704.300000000103
589.593889,1,0,0,0,1523.51848,-705.8100000001559
589.793887,1,0,0,0,1523.51811,-706.1800000001313
589.993885,1,0,0,0,1523.52018,-704.1100000001279
590.193883,1,0,0,0,1523.51962,-704.6700000000783
590.393881,1,0,0,0,1523.51962,-704.6700000000783
590.593879,1,0,0,0,1523.51849,-705.8000000001812
590.793877,1,0,0,0,1523.52018,-704.1100000001279
590.993875,1,0,0,0,1523.51849,-705.8000000001812
591.193873,1,0,0,0,1523.51811,-706.1800000001313
591.393871,1,0,0,0,1523.51848,-705.8100000001559
591.593869,1,0,0,0,1523.51999,-704.300000000103
591.793867,1,0,0,0,1523.52056,-703.7300000001778
591.993865,1,0,0,0,1523.51679,-707.5000000002092
592.193862,1,0,0,0,1523.52207,-702.2200000001249
592.39386,1,0,0,0,1523.51962,-704.6700000000783
592.593858,1,0,0,0,1523.51999,-704.300000000103
592.793856,1,0,0,0,1523.52018,-704.1100000001279
592.993854,1,0,0,0,1523.52207,-702.2200000001249
593.193852,1,0,0,0,1523.51999,-704.300000000103
593.393851,1,0,0,0,1523.51999,-704.300000000103
593.593848,1,0,0,0,1523.51848,-705.8100000001559
593.793846,1,0,0,0,1523.51999,-704.300000000103
593.993844,1,0,0,0,1523.52018,-704.1100000001279
594.193842,1,0,0,0,1523.52018,-704.1100000001279
594.39384,1,0,0,0,1523.51999,-704.300000000103
594.593837,1,0,0,0,1523.52018,-704.1100000001279
594.793836,1,0,0,0,1523.52207,-702.2200000001249
594.993834,1,0,0,0,1523.52018,-704.1100000001279
595.193831,1,0,0,0,1523.52169,-702.6000000000749
595.393829,1,0,0,0,1523.52018,-704.1100000001279
595.593827,1,0,0,0,1523.52358,-700.7100000000719
595.793825,1,0,0,0,1523.52169,-702.6000000000749
595.993823,1,0,0,0,1523.52207,-702.2200000001249
596.193821,1,0,0,0,1523.5215,-702.79000000005
596.393819,1,0,0,0,1523.51999,-704.300000000103
596.593817,1,0,0,0,1523.52018,-704.1100000001279
596.793815,1,0,0,0,1523.51999,-704.300000000103
596.993813,1,0,0,0,1523.52169,-702.6000000000749
597.193811,1,0,0,0,1523.52018,-704.1100000001279
597.393809,1,0,0,0,1523.51962,-704.6700000000783
597.593807,1,0,0,0,1523.51848,-705.8100000001559
597.793804,1,0,0,0,1523.52376,-700.5300000000716
597.993802,1,0,0,0,1523.51999,-704.300000000103
598.1938,1,0,0,0,1523.52169,-702.6000000000749
598.393798,1,0,0,0,1523.51999,-704.300000000103
598.593796,1,0,0,0,1523.52206,-702.2300000000996
598.793794,1,0,0,0,1523.51999,-704.300000000103
598.993792,1,0,0,0,1523.52206,-702.2300000000996
599.19379,1,0,0,0,1523.51999,-704.300000000103
599.393788,1,0,0,0,1523.52207,-702.2200000001249
599.593786,1,0,0,0,1523.52169,-702.6000000000749
599.793784,1,0,0,0,1523.52207,-702.2200000001249
599.993782,1,0,0,0,1523.51811,-706.1800000001313
600.193779,1,0,0,0,1523.5166,-707.6900000001842
600.393778,1,0,0,0,1523.51849,-705.8000000001812
600.593775,1,0,0,0,1523.51868,-705.6100000002061
600.793773,1,0,0,0,1523.52,-704.2900000001282
600.993771,1,0,0,0,1523.51849,-705.8000000001812
601.193769,1,0,0,0,1523.52359,-700.7000000000971
601.393767,1,0,0,0,1523.52019,-704.1000000001532
601.593765,1,0,0,0,1523.52019,-704.1000000001532
601.793763,1,0,0,0,1523.51868,-705.6100000002061
601.993761,1,0,0,0,1523.52,-704.2900000001282
602.193759,1,0,0,0,1523.52208,-702.2100000001501
602.393757,1,0,0,0,1523.52019,-704.1000000001532
602.593755,1,0,0,0,1523.51868,-705.6100000002061
602.793753,1,0,0,0,1523.5217,-702.5900000001002
602.993751,1,0,0,0,1523.52151,-702.7800000000752
603.193748,1,0,0,0,1523.52208,-702.2100000001501
603.393746,1,0,0,0,1523.51679,-707.5000000002092
603.593744,1,0,0,0,1523.5217,-702.5900000001002
603.793743,1,0,0,0,1523.52,-704.2900000001282
603.99374,1,0,0,0,1523.52057,-703.7200000002031
604.193738,1,0,0,0,1523.52,-704.2900000001282
604.393736,1,0,0,0,1523.5217,-702.5900000001002
604.593734,1,0,0,0,1523.52208,-702.2100000001501
604.793732,1,0,0,0,1523.51812,-706.1700000001565
604.99373,1,0,0,0,1523.52,-704.2900000001282
605.193728,1,0,0,0,1523.52019,-704.1000000001532
605.393726,1,0,0,0,1523.52,-704.2900000001282
605.593724,1,0,0,0,1523.52208,-702.2100000001501
605.793721,1,0,0,0,1523.52019,-704.1000000001532
605.99372,1,0,0,0,1523.5217,-702.5900000001002
606.193718,1,0,0,0,1523.52019,-704.1000000001532
606.393715,1,0,0,0,1523.52208,-702.2100000001501
606.593713,1,0,0,0,1523.52,-704.2900000001282
606.793711,1,0,0,0,1523.51812,-706.1700000001565
606.993709,1,0,0,0,1523.52208,-702.2100000001501
607.193707,1,0,0,0,1523.52019,-704.1000000001532
607.393705,1,0,0,0,1523.5217,-702.5900000001002
607.593703,1,0,0,0,1523.52057,-703.7200000002031
607.793701,1,0,0,0,1523.52019,-704.1000000001532
607.993699,1,0,0,0,1523.5217,-702.5900000001002
608.193697,1,0,0,0,1523.52378,-700.5100000001221
608.393695,1,0,0,0,1523.52,-704.2900000001282
608.593693,1,0,0,0,1523.52359,-700.7000000000971
608.793691,1,0,0,0,1523.52019,-704.1000000001532
608.993688,1,0,0,0,1523.52057,-703.7200000002031
609.193686,1,0,0,0,1523.52208,-702.2100000001501
609.393684,1,0,0,0,1523.5217,-702.5900000001002
609.593682,1,0,0,0,1523.52001,-704.2800000001534
609.79368,1,0,0,0,1523.52152,-702.7700000001005
609.993678,1,0,0,0,1523.52208,-702.2100000001501
610.193676,1,0,0,0,1523.52019,-704.1000000001532
610.393674,1,0,0,0,1523.52019,-704.1000000001532
610.593672,1,0,0,0,1523.52057,-703.7200000002031
610.79367,1,0,0,0,1523.51849,-705.8000000001812
610.993668,1,0,0,0,1523.52,-704.2900000001282
611.193666,1,0,0,0,1523.52151,-702.7800000000752
611.393664,1,0,0,0,1523.52057,-703.7200000002031
611.593662,1,0,0,0,1523.52378,-700.5100000001221
611.793659,1,0,0,0,1523.52057,-703.7200000002031
611.993658,1,0,0,0,1523.5217,-702.5900000001002
612.193655,1,0,0,0,1523.52057,-703.7200000002031
612.393653,1,0,0,0,1523.52209,-702.2000000001754
612.593651,1,0,0,0,1523.52378,-700.5100000001221
612.793649,1,0,0,0,1523.52171,-702.5800000001254
612.993647,1,0,0,0,1523.52209,-702.2000000001754
613.193645,1,0,0,0,1523.5217,-702.5900000001002
613.393643,1,0,0,0,1523.52019,-704.1000000001532
613.593641,1,0,0,0,1523.52057,-703.7200000002031
613.793639,1,0,0,0,1523.52359,-700.7000000000971
613.993637,1,0,0,0,1523.5217,-702.5900000001002
614.193635,1,0,0,0,1523.52208,-702.2100000001501
614.393632,1,0,0,0,1523.52359,-700.7000000000971
614.593631,1,0,0,0,1523.52378,-700.5100000001221
614.793628,1,0,0,0,1523.5217,-702.5900000001002
614.993626,1,0,0,0,1523.5234,-700.8900000000722
615.193624,1,0,0,0,1523.52019,-704.1000000001532
615.393622,1,0,0,0,1523.52019,-704.1000000001532
615.59362,1,0,0,0,1523.52227,-702.0200000001751
615.793618,1,0,0,0,1523.52208,-702.2100000001501
615.993616,1,0,0,0,1523.52227,-702.0200000001751
616.193614,1,0,0,0,1523.52019,-704.1000000001532
616.393612,1,0,0,0,1523.52208,-702.2100000001501
616.59361,1,0,0,0,1523.5217,-702.5900000001002
616.793607,1,0,0,0,1523.51962,-704.6700000000783
616.993605,1,0,0,0,1523.51849,-705.8000000001812
617.193604,1,0,0,0,1523.52151,-702.7800000000752
617.393601,1,0,0,0,1523.52208,-702.2100000001501
617.593599,1,0,0,0,1523.51962,-704.6700000000783
617.793597,1,0,0,0,1523.52,-704.2900000001282
617.993595,1,0,0,0,1523.52,-704.2900000001282
618.193594,1,0,0,0,1523.52,-704.2900000001282
618.393591,1,0,0,0,1523.52,-704.2900000001282
618.593589,1,0,0,0,1523.5217,-702.5900000001002
618.793587,1,0,0,0,1523.51812,-706.1700000001565
618.993585,1,0,0,0,1523.52019,-704.1000000001532
619.193583,1,0,0,0,1523.5217,-702.5900000001002
619.393581,1,0,0,0,1523.52,-704.2900000001282
619.593579,1,0,0,0,1523.52019,-704.1000000001532
619.793576,1,0,0,0,1523.52208,-702.2100000001501
619.993574,1,0,0,0,1523.52019,-704.1000000001532
620.193572,1,0,0,0,1523.52151,-702.7800000000752
620.39357,1,0,0,0,1523.52019,-704.1000000001532
620.593568,1,0,0,0,1523.52171,-702.5800000001254
620.793566,1,0,0,0,1523.52058,-703.710000000001
620.993564,1,0,0,0,1523.52171,-702.5800000001254
621.193562,1,0,0,0,1523.5202,-704.0900000001784
621.39356,1,0,0,0,1523.52341,-700.8800000000974
621.593558,1,0,0,0,1523.52171,-702.5800000001254
621.793556,1,0,0,0,1523.52001,-704.2800000001534
621.993554,1,0,0,0,1523.52171,-702.5800000001254
622.193552,1,0,0,0,1523.52002,-704.2700000001787
622.39355,1,0,0,0,1523.52153,-702.7600000001257
622.593548,1,0,0,0,1523.52172,-702.5700000001507
622.793545,1,0,0,0,1523.52153,-702.7600000001257
622.993543,1,0,0,0,1523.52153,-702.7600000001257
623.193541,1,0,0,0,1523.52172,-702.5700000001507
623.393539,1,0,0,0,1523.52361,-700.6800000001476
623.593537,1,0,0,0,1523.52021,-704.0800000002037
623.793535,1,0,0,0,1523.52002,-704.2700000001787
623.993533,1,0,0,0,1523.52173,-702.5600000001759
624.193531,1,0,0,0,1523.51814,-706.150000000207
624.393529,1,0,0,0,1523.52003,-704.260000000204
624.593527,1,0,0,0,1523.52229,-701.9999999999982
624.793525,1,0,0,0,1523.52211,-702.1799999999985
624.993523,1,0,0,0,1523.52173,-702.5600000001759
625.193521,1,0,0,0,1523.52173,-702.5600000001759
625.393518,1,0,0,0,1523.52362,-700.6700000001729
625.593516,1,0,0,0,1523.52211,-702.1799999999985
625.793514,1,0,0,0,1523.5206,-703.6900000000514
625.993512,1,0,0,0,1523.52173,-702.5600000001759
626.19351,1,0,0,0,1523.52173,-702.5600000001759
626.393508,1,0,0,0,1523.5223,-701.9900000000234
626.593506,1,0,0,0,1523.52173,-702.5600000001759
626.793504,1,0,0,0,1523.52173,-702.5600000001759
626.993502,1,0,0,0,1523.52173,-702.5600000001759
627.1935,1,0,0,0,1523.52022,-704.0700000000015
627.393498,1,0,0,0,1523.52211,-702.1799999999985
627.593496,1,0,0,0,1523.52022,-704.0700000000015
627.793494,1,0,0,0,1523.52173,-702.5600000001759
627.993492,1,0,0,0,1523.52211,-702.1799999999985
628.19349,1,0,0,0,1523.52154,-702.750000000151
628.393487,1,0,0,0,1523.52173,-702.5600000001759
628.593486,1,0,0,0,1523.52362,-700.6700000001729
628.793483,1,0,0,0,1523.52173,-702.5600000001759
628.993481,1,0,0,0,1523.52173,-702.5600000001759
629.193479,1,0,0,0,1523.52343,-700.8600000001479
629.393477,1,0,0,0,1523.52211,-702.1799999999985
629.593475,1,0,0,0,1523.52154,-702.750000000151
629.793473,1,0,0,0,1523.52211,-702.1799999999985
629.993471,1,0,0,0,1523.52022,-704.0700000000015
630.193469,1,0,0,0,1523.52381,-700.4800000001978
630.393467,1,0,0,0,1523.52211,-702.1799999999985
630.593465,1,0,0,0,1523.52381,-700.4800000001978
630.793463,1,0,0,0,1523.52362,-700.6700000001729
630.99346,1,0,0,0,1523.52362,-700.6700000001729
631.193459,1,0,0,0,1523.52212,-702.1700000000237
631.393456,1,0,0,0,1523.52174,-702.5500000002012
631.593454,1,0,0,0,1523.52363,-700.6600000001981
631.793452,1,0,0,0,1523.52174,-702.5500000002012
631.99345,1,0,0,0,1523.52212,-702.1700000000237
632.193448,1,0,0,0,1523.52212,-702.1700000000237
632.393446,1,0,0,0,1523.52174,-702.5500000002012
632.593444,1,0,0,0,1523.52382,-700.4700000002231
632.793442,1,0,0,0,1523.52155,-702.7400000001762
632.99344,1,0,0,0,1523.52212,-702.1700000000237
633.193438,1,0,0,0,1523.52363,-700.6600000001981
633.393436,1,0,0,0,1523.52023,-704.0600000000268
633.593434,1,0,0,0,1523.52212,-702.1700000000237
633.793432,1,0,0,0,1523.51966,-704.6300000001793
633.993429,1,0,0,0,1523.52173,-702.5600000001759
634.193427,1,0,0,0,1523.52173,-702.5600000001759
634.393425,1,0,0,0,1523.51871,-705.5800000000545
634.593423,1,0,0,0,1523.51853,-705.7600000000548
634.793421,1,0,0,0,1523.52004,-704.2500000000018
634.993419,1,0,0,0,1523.51966,-704.6300000001793
635.193417,1,0,0,0,1523.52212,-702.1700000000237
635.393415,1,0,0,0,1523.52005,-704.2400000000271
635.593413,1,0,0,0,1523.52156,-702.7300000002015
635.793411,1,0,0,0,1523.52023,-704.0600000000268
635.993409,1,0,0,0,1523.52231,-701.9800000000487
636.193407,1,0,0,0,1523.52005,-704.2400000000271
636.393405,1,0,0,0,1523.52175,-702.539999999999
636.593403,1,0,0,0,1523.52005,-704.2400000000271
636.793401,1,0,0,0,1523.52024,-704.050000000052
636.993398,1,0,0,0,1523.52213,-702.160000000049
637.193396,1,0,0,0,1523.52156,-702.7300000002015
637.393394,1,0,0,0,1523.51854,-705.75000000008
637.593392,1,0,0,0,1523.52156,-702.7300000002015
637.79339,1,0,0,0,1523.52213,-702.160000000049
637.993388,1,0,0,0,1523.52912,-695.1700000001892
638.193386,1,0,0,0,1523.45514,-769.1500000000815
638.393384,1,0,0,0,1523.44249,-781.800000000203
638.593382,1,0,0,0,1523.51666,-707.6300000001083
638.79338,1,0,0,0,1523.48231,-741.9800000000123
638.993378,1,0,0,0,1523.38399,-840.3000000000702
639.193375,1,0,0,0,1523.39305,-831.2400000002071
639.393373,1,0,0,0,1523.40569,-818.6000000000604
639.593371,1,0,0,0,1523.40796,-816.3300000001072
639.793369,1,0,0,0,1523.41116,-813.130000000001
639.993367,1,0,0,0,1523.43834,-785.9500000001844
640.193365,1,0,0,0,1523.4674,-756.8900000001122
640.393363,1,0,0,0,1523.36456,-859.7300000001269
640.593361,1,0,0,0,1523.30041,-923.8800000000538
640.793359,1,0,0,0,1523.32701,-897.2800000001371
640.993357,1,0,0,0,1523.34871,-875.5800000001273
641.193355,1,0,0,0,1523.34758,-876.7100000000028
641.393353,1,0,0,0,1523.33569,-888.5999999999967
641.593351,1,0,0,0,1523.324,-900.2900000000409
641.793349,1,0,0,0,1523.31645,-907.8400000000784
641.993346,1,0,0,0,1523.324,-900.2900000000409
642.193345,1,0,0,0,1523.33381,-890.480000000025
642.393342,1,0,0,0,1523.33456,-889.7300000000996
642.59334,1,0,0,0,1523.33267,-891.6200000001027
642.793338,1,0,0,0,1523.32664,-897.6500000001124
642.993336,1,0,0,0,1523.32664,-897.6500000001124
643.193334,1,0,0,0,1523.32833,-895.9600000000592
643.393332,1,0,0,0,1523.32701,-897.2800000001371
643.59333,1,0,0,0,1523.33022,-894.0700000000561
643.793328,1,0,0,0,1523.33022,-894.0700000000561
643.993326,1,0,0,0,1523.32871,-895.5800000001091
644.193324,1,0,0,0,1523.32871,-895.5800000001091
644.393322,1,0,0,0,1523.32947,-894.8200000002089
644.59332,1,0,0,0,1523.32777,-896.5200000000095
644.793318,1,0,0,0,1523.33211,-892.180000000053
644.993316,1,0,0,0,1523.33135,-892.9400000001806
645.193313,1,0,0,0,1523.3306,-893.690000000106
645.393311,1,0,0,0,1523.3338,-890.4899999999998
645.593309,1,0,0,0,1523.33135,-892.9400000001806
645.793307,1,0,0,0,1523.32871,-895.5800000001091
645.993305,1,0,0,0,1523.32946,-894.8300000001836
646.193303,1,0,0,0,1523.3321,-892.1900000000278
646.393301,1,0,0,0,1523.32946,-894.8300000001836
646.593299,1,0,0,0,1523.33135,-892.9400000001806
646.793297,1,0,0,0,1523.3321,-892.1900000000278
646.993295,1,0,0,0,1523.33021,-894.0800000000309
647.193293,1,0,0,0,1523.32946,-894.8300000001836
647.393291,1,0,0,0,1523.33059,-893.7000000000808
647.593288,1,0,0,0,1523.32946,-894.8300000001836
647.793286,1,0,0,0,1523.33021,-894.0800000000309
647.993284,1,0,0,0,1523.3321,-892.1900000000278
648.193282,1,0,0,0,1523.33021,-894.0800000000309
648.39328,1,0,0,0,1523.32946,-894.8300000001836
648.593278,1,0,0,0,1523.33135,-892.9400000001806
648.793276,1,0,0,0,1523.33267,-891.6200000001027
648.993274,1,0,0,0,1523.33135,-892.9400000001806
649.193272,1,0,0,0,1523.33021,-894.0800000000309
649.39327,1,0,0,0,1523.33135,-892.9400000001806
649.593268,1,0,0,0,1523.33059,-893.7000000000808
649.793266,1,0,0,0,1523.33097,-893.3200000001307
649.993263,1,0,0,0,1523.33022,-894.0700000000561
650.193261,1,0,0,0,1523.32776,-896.5300000002117
650.39326,1,0,0,0,1523.33134,-892.9500000001553
650.593257,1,0,0,0,1523.3321,-892.1900000000278
650.793255,1,0,0,0,1523.33021,-894.0800000000309
650.993253,1,0,0,0,1523.33021,-894.0800000000309
651.193251,1,0,0,0,1523.32946,-894.8300000001836
651.393249,1,0,0,0,1523.32776,-896.5300000002117
651.593247,1,0,0,0,1523.33134,-892.9500000001553
651.793245,1,0,0,0,1523.33135,-892.9400000001806
651.993243,1,0,0,0,1523.33304,-891.2500000001273
652.193241,1,0,0,0,1523.3321,-892.1900000000278
652.393239,1,0,0,0,1523.32701,-897.2800000001371
652.593237,1,0,0,0,1523.32946,-894.8300000001836
652.793235,1,0,0,0,1523.33135,-892.9400000001806
652.993232,1,0,0,0,1523.32946,-894.8300000001836
653.193231,1,0,0,0,1523.33022,-894.0700000000561
653.393228,1,0,0,0,1523.33211,-892.180000000053
653.593226,1,0,0,0,1523.33211,-892.180000000053
653.793224,1,0,0,0,1523.33305,-891.2400000001526
653.993222,1,0,0,0,1523.33211,-892.180000000053
654.19322,1,0,0,0,1523.33135,-892.9400000001806
654.393218,1,0,0,0,1523.33135,-892.9400000001806
654.593216,1,0,0,0,1523.33249,-891.800000000103
654.793214,1,0,0,0,1523.33305,-891.2400000001526
654.993212,1,0,0,0,1523.33211,-892.180000000053
655.19321,1,0,0,0,1523.33022,-894.0700000000561
655.393208,1,0,0,0,1523.33418,-890.1100000000497
655.593206,1,0,0,0,1523.32947,-894.8200000002089
655.793204,1,0,0,0,1523.33305,-891.2400000001526
655.993201,1,0,0,0,1523.33136,-892.9300000002058
656.1932,1,0,0,0,1523.33022,-894.0700000000561
656.393197,1,0,0,0,1523.33098,-893.3100000001559
656.593195,1,0,0,0,1523.33211,-892.180000000053
656.793193,1,0,0,0,1523.33211,-892.180000000053
656.993191,1,0,0,0,1523.33268,-891.6100000001279
657.193189,1,0,0,0,1523.33305,-891.2400000001526
657.393187,1,0,0,0,1523.33249,-891.800000000103
657.593185,1,0,0,0,1523.33136,-892.9300000002058
657.793183,1,0,0,0,1523.33249,-891.800000000103
657.993181,1,0,0,0,1523.33305,-891.2400000001526
658.193179,1,0,0,0,1523.33022,-894.0700000000561
658.393177,1,0,0,0,1523.33023,-894.0600000000813
658.593174,1,0,0,0,1523.33211,-892.180000000053
658.793172,1,0,0,0,1523.33306,-891.2300000001778
658.99317,1,0,0,0,1523.33136,-892.9300000002058
659.193168,1,0,0,0,1523.3325,-891.7900000001282
659.393166,1,0,0,0,1523.33061,-893.6800000001313
659.593164,1,0,0,0,1523.3325,-891.7900000001282
659.793162,1,0,0,0,1523.33306,-891.2300000001778
659.99316,1,0,0,0,1523.33212,-892.1700000000783
660.193158,1,0,0,0,1523.33137,-892.9200000000037
660.393156,1,0,0,0,1523.33137,-892.9200000000037
660.593154,1,0,0,0,1523.33024,-894.0500000001066
660.793152,1,0,0,0,1523.32835,-895.9400000001096
660.99315,1,0,0,0,1523.33137,-892.9200000000037
661.193148,1,0,0,0,1523.33137,-892.9200000000037
661.393146,1,0,0,0,1523.33137,-892.9200000000037
661.593143,1,0,0,0,1523.33306,-891.2300000001778
661.793141,1,0,0,0,1523.33495,-889.3400000001748
661.993139,1,0,0,0,1523.33136,-892.9300000002058
662.193137,1,0,0,0,1523.33212,-892.1700000000783
662.393135,1,0,0,0,1523.33382,-890.4700000000503
662.593133,1,0,0,0,1523.33212,-892.1700000000783
662.793131,1,0,0,0,1523.33212,-892.1700000000783
662.993129,1,0,0,0,1523.33137,-892.9200000000037
663.193127,1,0,0,0,1523.3342,-890.0900000001002
663.393125,1,0,0,0,1523.33307,-891.2200000002031
663.593123,1,0,0,0,1523.33061,-893.6800000001313
663.793121,1,0,0,0,1523.33307,-891.2200000002031
663.993119,1,0,0,0,1523.3342,-890.0900000001002
664.193116,1,0,0,0,1523.33382,-890.4700000000503
664.393115,1,0,0,0,1523.33382,-890.4700000000503
664.593112,1,0,0,0,1523.33382,-890.4700000000503
664.79311,1,0,0,0,1523.33571,-888.5800000000472
664.993108,1,0,0,0,1523.33571,-888.5800000000472
665.193106,1,0,0,0,1523.3342,-890.0900000001002
665.393104,1,0,0,0,1523.33306,-891.2300000001778
665.593102,1,0,0,0,1523.33307,-891.2200000002031
665.7931,1,0,0,0,1523.33307,-891.2200000002031
665.993098,1,0,0,0,1523.33307,-891.2200000002031
666.193096,1,0,0,0,1523.33307,-891.2200000002031
666.393094,1,0,0,0,1523.33571,-888.5800000000472
666.593092,1,0,0,0,1523.33571,-888.5800000000472
666.79309,1,0,0,0,1523.33382,-890.4700000000503
666.993088,1,0,0,0,1523.33212,-892.1700000000783
667.193085,1,0,0,0,1523.33382,-890.4700000000503
667.393083,1,0,0,0,1523.33307,-891.2200000002031
667.593081,1,0,0,0,1523.33213,-892.1600000001035
667.793079,1,0,0,0,1523.33137,-892.9200000000037
667.993077,1,0,0,0,1523.33251,-891.7800000001534
668.193075,1,0,0,0,1523.33025,-894.0400000001318
668.393073,1,0,0,0,1523.33308,-891.210000000001
668.593071,1,0,0,0,1523.33251,-891.7800000001534
668.793069,1,0,0,0,1523.33138,-892.910000000029
668.993067,1,0,0,0,1523.33384,-890.4500000001008
669.193065,1,0,0,0,1523.33138,-892.910000000029
669.393063,1,0,0,0,1523.33214,-892.1500000001288
669.593061,1,0,0,0,1523.33214,-892.1500000001288
669.793058,1,0,0,0,1523.33138,-892.910000000029
669.993057,1,0,0,0,1523.33214,-892.1500000001288
670.193054,1,0,0,0,1523.33384,-890.4500000001008
670.393052,1,0,0,0,1523.33252,-891.7700000001787
670.59305,1,0,0,0,1523.33251,-891.7800000001534
670.793048,1,0,0,0,1523.33214,-892.1500000001288
670.993046,1,0,0,0,1523.33214,-892.1500000001288
671.193044,1,0,0,0,1523.33383,-890.4600000000755
671.393042,1,0,0,0,1523.33384,-890.4500000001008
671.59304,1,0,0,0,1523.33308,-891.210000000001
671.793038,1,0,0,0,1523.33497,-889.3199999999979
671.993036,1,0,0,0,1523.33497,-889.3199999999979
672.193034,1,0,0,0,1523.33215,-892.140000000154
672.393031,1,0,0,0,1523.33384,-890.4500000001008
672.593029,1,0,0,0,1523.33309,-891.2000000000262
672.793027,1,0,0,0,1523.33384,-890.4500000001008
672.993025,1,0,0,0,1523.33385,-890.440000000126
673.193023,1,0,0,0,1523.33309,-891.2000000000262
673.393021,1,0,0,0,1523.33215,-892.140000000154
673.593019,1,0,0,0,1523.33309,-891.2000000000262
673.793017,1,0,0,0,1523.33253,-891.760000000204
673.993015,1,0,0,0,1523.33385,-890.440000000126
674.193013,1,0,0,0,1523.33536,-888.930000000073
674.393011,1,0,0,0,1523.33385,-890.440000000126
674.593009,1,0,0,0,1523.33139,-892.9000000000542
674.793007,1,0,0,0,1523.33423,-890.0600000001759
674.993005,1,0,0,0,1523.33498,-889.3100000000231
675.193002,1,0,0,0,1523.33498,-889.3100000000231
675.393001,1,0,0,0,1523.33498,-889.3100000000231
675.592999,1,0,0,0,1523.33498,-889.3100000000231
675.792996,1,0,0,0,1523.33309,-891.2000000000262
675.992994,1,0,0,0,1523.33423,-890.0600000001759
676.192992,1,0,0,0,1523.33309,-891.2000000000262
676.39299,1,0,0,0,1523.33498,-889.3100000000231
676.592988,1,0,0,0,1523.33423,-890.0600000001759
676.792986,1,0,0,0,1523.33574,-888.550000000123
676.992984,1,0,0,0,1523.33385,-890.440000000126
677.192982,1,0,0,0,1523.33498,-889.3100000000231
677.39298,1,0,0,0,1523.33574,-888.550000000123
677.592978,1,0,0,0,1523.33253,-891.760000000204
677.792976,1,0,0,0,1523.33385,-890.440000000126
677.992974,1,0,0,0,1523.33573,-888.5600000000977
678.192971,1,0,0,0,1523.33309,-891.2000000000262
678.392969,1,0,0,0,1523.33573,-888.5600000000977
678.592967,1,0,0,0,1523.33309,-891.2000000000262
678.792965,1,0,0,0,1523.3331,-891.1900000000514
678.992963,1,0,0,0,1523.33687,-887.4200000000201
679.192961,1,0,0,0,1523.33498,-889.3100000000231
679.392959,1,0,0,0,1523.3363,-887.9900000001726
679.592957,1,0,0,0,1523.33386,-890.4300000001513
679.792956,1,0,0,0,1523.33499,-889.3000000000484
679.992953,1,0,0,0,1523.33386,-890.4300000001513
680.192951,1,0,0,0,1523.33386,-890.4300000001513
680.392949,1,0,0,0,1523.33386,-890.4300000001513
680.592947,1,0,0,0,1523.3331,-891.1900000000514
680.792944,1,0,0,0,1523.33688,-887.4100000000453
680.992943,1,0,0,0,1523.33575,-888.5400000001482
681.19294,1,0,0,0,1523.33744,-886.850000000095
681.392938,1,0,0,0,1523.33612,-888.1700000001729
681.592936,1,0,0,0,1523.33744,-886.850000000095
681.792934,1,0,0,0,1523.33499,-889.3000000000484
681.992932,1,0,0,0,1523.3331,-891.1900000000514
682.19293,1,0,0,0,1523.33744,-886.850000000095
682.392928,1,0,0,0,1523.33386,-890.4300000001513
682.592926,1,0,0,0,1523.33574,-888.550000000123
682.792924,1,0,0,0,1523.33216,-892.1300000001793
682.992922,1,0,0,0,1523.33612,-888.1700000001729
683.19292,1,0,0,0,1523.33612,-888.1700000001729
683.392918,1,0,0,0,1523.33612,-888.1700000001729
683.592916,1,0,0,0,1523.33385,-890.440000000126
683.792913,1,0,0,0,1523.3331,-891.1900000000514
683.992912,1,0,0,0,1523.33141,-892.8800000001047
684.192909,1,0,0,0,1523.33141,-892.8800000001047
684.392907,1,0,0,0,1523.33386,-890.4300000001513
684.592905,1,0,0,0,1523.33217,-892.1200000002045
684.792903,1,0,0,0,1523.33254,-891.7500000000018
684.992901,1,0,0,0,1523.33217,-892.1200000002045
685.192899,1,0,0,0,1523.33217,-892.1200000002045
685.392897,1,0,0,0,1523.33066,-893.6300000000301
685.592895,1,0,0,0,1523.33274,-891.550000000052
685.792893,1,0,0,0,1523.33311,-891.1800000000767
685.992891,1,0,0,0,1523.33576,-888.5300000001735
686.192888,1,0,0,0,1523.335,-889.2900000000736
686.392886,1,0,0,0,1523.33311,-891.1800000000767
686.592884,1,0,0,0,1523.33217,-892.1200000002045
686.792882,1,0,0,0,1523.33311,-891.1800000000767
686.99288,1,0,0,0,1523.33273,-891.5600000000268
687.192878,1,0,0,0,1523.33631,-887.9800000001978
687.392876,1,0,0,0,1523.3331,-891.1900000000514
687.592874,1,0,0,0,1523.33386,-890.4300000001513
687.792872,1,0,0,0,1523.33386,-890.4300000001513
687.99287,1,0,0,0,1523.33423,-890.0600000001759
688.192868,1,0,0,0,1523.33386,-890.4300000001513
688.392866,1,0,0,0,1523.33574,-888.550000000123
688.592864,1,0,0,0,1523.33499,-889.3000000000484
688.792862,1,0,0,0,1523.3331,-891.1900000000514
688.992859,1,0,0,0,1523.33575,-888.5400000001482
689.192858,1,0,0,0,1523.33424,-890.0500000002012
689.392855,1,0,0,0,1523.33386,-890.4300000001513
689.592853,1,0,0,0,1523.33499,-889.3000000000484
689.792851,1,0,0,0,1523.33575,-888.5400000001482
689.992849,1,0,0,0,1523.33688,-887.4100000000453
690.192847,1,0,0,0,1523.33386,-890.4300000001513
690.392845,1,0,0,0,1523.33386,-890.4300000001513
690.592843,1,0,0,0,1523.33386,-890.4300000001513
690.792841,1,0,0,0,1523.33499,-889.3000000000484
690.992839,1,0,0,0,1523.33386,-890.4300000001513
691.192837,1,0,0,0,1523.33499,-889.3000000000484
691.392835,1,0,0,0,1523.33499,-889.3000000000484
691.592833,1,0,0,0,1523.33311,-891.1800000000767
691.79283,1,0,0,0,1523.33575,-888.5400000001482
691.992829,1,0,0,0,1523.33387,-890.4200000001765
692.192826,1,0,0,0,1523.33576,-888.5300000001735
692.392824,1,0,0,0,1523.33217,-892.1200000002045
692.592822,1,0,0,0,1523.33689,-887.4000000000706
692.79282,1,0,0,0,1523.33576,-888.5300000001735
692.992818,1,0,0,0,1523.33425,-890.039999999999
693.192816,1,0,0,0,1523.33388,-890.4100000002018
693.392814,1,0,0,0,1523.33463,-889.660000000049
693.592812,1,0,0,0,1523.33426,-890.0300000000243
693.79281,1,0,0,0,1523.3369,-887.3900000000958
693.992808,1,0,0,0,1523.33426,-890.0300000000243
694.192806,1,0,0,0,1523.33388,-890.4100000002018
694.392804,1,0,0,0,1523.33313,-891.1600000001272
694.592802,1,0,0,0,1523.33502,-889.2700000001241
694.792799,1,0,0,0,1523.33388,-890.4100000002018
694.992797,1,0,0,0,1523.33615,-888.1400000000212
695.192795,1,0,0,0,1523.33747,-886.8200000001707
695.392793,1,0,0,0,1523.33577,-888.5200000001987
695.592791,1,0,0,0,1523.33389,-890.3999999999996
695.792789,1,0,0,0,1523.3369,-887.3900000000958
695.992787,1,0,0,0,1523.33313,-891.1600000001272
696.192785,1,0,0,0,1523.3337,-890.590000000202
696.392783,1,0,0,0,1523.33351,-890.7800000001771
696.592781,1,0,0,0,1523.33502,-889.2700000001241
696.792779,1,0,0,0,1523.33747,-886.8200000001707
696.992777,1,0,0,0,1523.33502,-889.2700000001241
697.192775,1,0,0,0,1523.33502,-889.2700000001241
697.392772,1,0,0,0,1523.33747,-886.8200000001707
697.592771,1,0,0,0,1523.33577,-888.5200000001987
697.792768,1,0,0,0,1523.3386,-885.6900000000678
697.992766,1,0,0,0,1523.33256,-891.7300000000523
698.192764,1,0,0,0,1523.33502,-889.2700000001241
698.392762,1,0,0,0,1523.33577,-888.5200000001987
698.59276,1,0,0,0,1523.33577,-888.5200000001987
698.792758,1,0,0,0,1523.33501,-889.2800000000989
698.992756,1,0,0,0,1523.33501,-889.2800000000989
699.192754,1,0,0,0,1523.33614,-888.1500000002234
699.392752,1,0,0,0,1523.33576,-888.5300000001735
699.59275,1,0,0,0,1523.33388,-890.4100000002018
699.792748,1,0,0,0,1523.33501,-889.2800000000989
699.992746,1,0,0,0,1523.33501,-889.2800000000989
700.192744,1,0,0,0,1523.33501,-889.2800000000989
700.392741,1,0,0,0,1523.33614,-888.1500000002234
700.59274,1,0,0,0,1523.33312,-891.1700000001019
700.792737,1,0,0,0,1523.33425,-890.039999999999
700.992735,1,0,0,0,1523.33387,-890.4200000001765
701.192733,1,0,0,0,1523.33387,-890.4200000001765
701.392731,1,0,0,0,1523.33255,-891.7400000000271
701.592729,1,0,0,0,1523.33312,-891.1700000001019
701.792727,1,0,0,0,1523.33463,-889.660000000049
701.992725,1,0,0,0,1523.33501,-889.2800000000989
702.192723,1,0,0,0,1523.33388,-890.4100000002018
702.392721,1,0,0,0,1523.33312,-891.1700000001019
702.592719,1,0,0,0,1523.33388,-890.4100000002018
702.792717,1,0,0,0,1523.33143,-892.8600000001552
702.992715,1,0,0,0,1523.33312,-891.1700000001019
703.192712,1,0,0,0,1523.33143,-892.8600000001552
703.39271,1,0,0,0,1523.33388,-890.4100000002018
703.592708,1,0,0,0,1523.33312,-891.1700000001019
703.792706,1,0,0,0,1523.33388,-890.4100000002018
703.992704,1,0,0,0,1523.33633,-887.960000000021
704.192702,1,0,0,0,1523.33388,-890.4100000002018
704.3927,1,0,0,0,1523.33312,-891.1700000001019
704.592698,1,0,0,0,1523.33312,-891.1700000001019
704.792696,1,0,0,0,1523.33218,-892.1100000000024
704.992694,1,0,0,0,1523.33388,-890.4100000002018
705.192692,1,0,0,0,1523.33426,-890.0300000000243
705.392689,1,0,0,0,1523.33218,-892.1100000000024
705.592687,1,0,0,0,1523.33388,-890.4100000002018
705.792686,1,0,0,0,1523.33313,-891.1600000001272
705.992683,1,0,0,0,1523.33256,-891.7300000000523
706.192681,1,0,0,0,1523.33502,-889.2700000001241
706.392679,1,0,0,0,1523.33388,-890.4100000002018
706.592677,1,0,0,0,1523.33388,-890.4100000002018
706.792675,1,0,0,0,1523.33426,-890.0300000000243
706.992673,1,0,0,0,1523.33312,-891.1700000001019
707.192671,1,0,0,0,1523.33501,-889.2800000000989
707.392669,1,0,0,0,1523.33312,-891.1700000001019
707.592667,1,0,0,0,1523.33275,-891.5400000000773
707.792665,1,0,0,0,1523.33501,-889.2800000000989
707.992663,1,0,0,0,1523.33312,-891.1700000001019
708.192661,1,0,0,0,1523.33219,-892.1000000000276
708.392659,1,0,0,0,1523.33313,-891.1600000001272
708.592656,1,0,0,0,1523.33502,-889.2700000001241
708.792655,1,0,0,0,1523.33577,-888.5200000001987
708.992652,1,0,0,0,1523.33502,-889.2700000001241
709.19265,1,0,0,0,1523.33502,-889.2700000001241
709.392648,1,0,0,0,1523.33143,-892.8600000001552
709.592646,1,0,0,0,1523.33313,-891.1600000001272
709.792644,1,0,0,0,1523.33389,-890.3999999999996
709.992642,1,0,0,0,1523.33502,-889.2700000001241
710.19264,1,0,0,0,1523.33464,-889.6500000000742
710.392638,1,0,0,0,1523.33313,-891.1600000001272
710.592636,1,0,0,0,1523.33502,-889.2700000001241
710.792634,1,0,0,0,1523.33313,-891.1600000001272
710.992632,1,0,0,0,1523.33313,-891.1600000001272
711.19263,1,0,0,0,1523.33351,-890.7800000001771
711.392627,1,0,0,0,1523.33389,-890.3999999999996
711.592625,1,0,0,0,1523.33578,-888.5099999999966
711.792623,1,0,0,0,1523.33276,-891.5300000001025
711.992621,1,0,0,0,1523.33389,-890.3999999999996
712.192619,1,0,0,0,1523.33219,-892.1000000000276
712.392617,1,0,0,0,1523.33577,-888.5200000001987
712.592615,1,0,0,0,1523.33313,-891.1600000001272
712.792613,1,0,0,0,1523.33389,-890.3999999999996
712.992611,1,0,0,0,1523.33313,-891.1600000001272
713.192609,1,0,0,0,1523.33502,-889.2700000001241
713.392607,1,0,0,0,1523.33143,-892.8600000001552
713.592605,1,0,0,0,1523.33313,-891.1600000001272
713.792603,1,0,0,0,1523.33313,-891.1600000001272
713.9926,1,0,0,0,1523.33577,-888.5200000001987
714.192598,1,0,0,0,1523.33501,-889.2800000000989
714.392596,1,0,0,0,1523.33218,-892.1100000000024
714.592594,1,0,0,0,1523.33501,-889.2800000000989
714.792592,1,0,0,0,1523.33388,-890.4100000002018
714.99259,1,0,0,0,1523.33502,-889.2700000001241
715.192588,1,0,0,0,1523.33388,-890.4100000002018
715.392586,1,0,0,0,1523.33313,-891.1600000001272
715.592584,1,0,0,0,1523.33219,-892.1000000000276
715.792582,1,0,0,0,1523.33313,-891.1600000001272
715.99258,1,0,0,0,1523.33313,-891.1600000001272
716.192578,1,0,0,0,1523.33219,-892.1000000000276
716.392576,1,0,0,0,1523.33389,-890.3999999999996
716.592574,1,0,0,0,1523.33276,-891.5300000001025
716.792571,1,0,0,0,1523.33389,-890.3999999999996
716.992569,1,0,0,0,1523.33144,-892.8500000001804
717.192567,1,0,0,0,1523.3322,-892.0900000000529
717.392565,1,0,0,0,1523.3322,-892.0900000000529
717.592563,1,0,0,0,1523.3322,-892.0900000000529
717.792561,1,0,0,0,1523.33276,-891.5300000001025
717.992559,1,0,0,0,1523.3322,-892.0900000000529
718.192557,1,0,0,0,1523.33144,-892.8500000001804
718.392555,1,0,0,0,1523.33389,-890.3999999999996
718.592553,1,0,0,0,1523.33144,-892.8500000001804
718.792551,1,0,0,0,1523.32956,-894.7300000002087
718.992549,1,0,0,0,1523.33314,-891.1500000001524
719.192547,1,0,0,0,1523.33144,-892.8500000001804
719.392545,1,0,0,0,1523.3322,-892.0900000000529
719.592543,1,0,0,0,1523.3322,-892.0900000000529
719.79254,1,0,0,0,1523.33069,-893.6000000001059
719.992538,1,0,0,0,1523.33144,-892.8500000001804
720.192536,1,0,0,0,1523.33069,-893.6000000001059
720.392534,1,0,0,0,1523.3322,-892.0900000000529
720.592532,1,0,0,0,1523.3322,-892.0900000000529
720.79253,1,0,0,0,1523.33032,-893.9700000000812
720.992528,1,0,0,0,1523.3322,-892.0900000000529
721.192526,1,0,0,0,1523.3339,-890.3900000000249
721.392524,1,0,0,0,1523.33145,-892.8400000002057
721.592522,1,0,0,0,1523.33069,-893.6000000001059
721.79252,1,0,0,0,1523.33258,-891.7100000001028
721.992518,1,0,0,0,1523.3322,-892.0900000000529
722.192516,1,0,0,0,1523.3322,-892.0900000000529
722.392514,1,0,0,0,1523.33314,-891.1500000001524
722.592511,1,0,0,0,1523.33144,-892.8500000001804
722.792509,1,0,0,0,1523.33031,-893.980000000056
722.992507,1,0,0,0,1523.33427,-890.0200000000495
723.192505,1,0,0,0,1523.3322,-892.0900000000529
723.392503,1,0,0,0,1523.33031,-893.980000000056
723.592501,1,0,0,0,1523.32956,-894.7300000002087
723.792499,1,0,0,0,1523.3322,-892.0900000000529
723.992497,1,0,0,0,1523.33314,-891.1500000001524
724.192495,1,0,0,0,1523.33314,-891.1500000001524
724.392493,1,0,0,0,1523.33258,-891.7100000001028
724.592491,1,0,0,0,1523.33145,-892.8400000002057
724.792489,1,0,0,0,1523.33145,-892.8400000002057
724.992486,1,0,0,0,1523.3322,-892.0900000000529
725.192484,1,0,0,0,1523.33145,-892.8400000002057
725.392483,1,0,0,0,1523.33145,-892.8400000002057
725.59248,1,0,0,0,1523.33315,-891.1400000001777
725.792478,1,0,0,0,1523.33032,-893.9700000000812
725.992476,1,0,0,0,1523.33145,-892.8400000002057
726.192474,1,0,0,0,1523.33221,-892.0800000000781
726.392472,1,0,0,0,1523.33315,-891.1400000001777
726.59247,1,0,0,0,1523.3322,-892.0900000000529
726.792468,1,0,0,0,1523.3322,-892.0900000000529
726.992466,1,0,0,0,1523.32956,-894.7300000002087
727.192464,1,0,0,0,1523.33428,-890.0100000000748
727.392462,1,0,0,0,1523.33031,-893.980000000056
727.592459,1,0,0,0,1523.33069,-893.6000000001059
727.792458,1,0,0,0,1523.33145,-892.8400000002057
727.992455,1,0,0,0,1523.33145,-892.8400000002057
728.192453,1,0,0,0,1523.33315,-891.1400000001777
728.392451,1,0,0,0,1523.33315,-891.1400000001777
728.592449,1,0,0,0,1523.3322,-892.0900000000529
728.792447,1,0,0,0,1523.33315,-891.1400000001777
728.992445,1,0,0,0,1523.33258,-891.7100000001028
729.192443,1,0,0,0,1523.33315,-891.1400000001777
729.392441,1,0,0,0,1523.33221,-892.0800000000781
729.592439,1,0,0,0,1523.33221,-892.0800000000781
729.792437,1,0,0,0,1523.32957,-894.7200000000066
729.992435,1,0,0,0,1523.33221,-892.0800000000781
730.192434,1,0,0,0,1523.33221,-892.0800000000781
730.392431,1,0,0,0,1523.33391,-890.3800000000501
730.592428,1,0,0,0,1523.33259,-891.7000000001281
730.792426,1,0,0,0,1523.33221,-892.0800000000781
730.992424,1,0,0,0,1523.33391,-890.3800000000501
731.192422,1,0,0,0,1523.33316,-891.1300000002029
731.39242,1,0,0,0,1523.3358,-888.4900000000471
731.592418,1,0,0,0,1523.33033,-893.9600000001064
731.792416,1,0,0,0,1523.33316,-891.1300000002029
731.992414,1,0,0,0,1523.33222,-892.0700000001034
732.192412,1,0,0,0,1523.3326,-891.6900000001533
732.39241,1,0,0,0,1523.33317,-891.1200000000008
732.592408,1,0,0,0,1523.32958,-894.7100000000319
732.792406,1,0,0,0,1523.33222,-892.0700000001034
732.992404,1,0,0,0,1523.33317,-891.1200000000008
733.192402,1,0,0,0,1523.33317,-891.1200000000008
733.3924,1,0,0,0,1523.33222,-892.0700000001034
733.592397,1,0,0,0,1523.33222,-892.0700000001034
733.792395,1,0,0,0,1523.33147,-892.8200000000288
733.992393,1,0,0,0,1523.32958,-894.7100000000319
734.192391,1,0,0,0,1523.33147,-892.8200000000288
734.392389,1,0,0,0,1523.33034,-893.9500000001317
734.592387,1,0,0,0,1523.33034,-893.9500000001317
734.792385,1,0,0,0,1523.33147,-892.8200000000288
734.992383,1,0,0,0,1523.33034,-893.9500000001317
735.192381,1,0,0,0,1523.33147,-892.8200000000288
735.392379,1,0,0,0,1523.33071,-893.5800000001564
735.592377,1,0,0,0,1523.32713,-897.1600000002127
735.792375,1,0,0,0,1523.33109,-893.2000000002063
735.992373,1,0,0,0,1523.33147,-892.8200000000288
736.192371,1,0,0,0,1523.33033,-893.9600000001064
736.392369,1,0,0,0,1523.32958,-894.7100000000319
736.592366,1,0,0,0,1523.32788,-896.4100000000599
736.792364,1,0,0,0,1523.33146,-892.8300000000036
736.992362,1,0,0,0,1523.33222,-892.0700000001034
737.19236,1,0,0,0,1523.33033,-893.9600000001064
737.392358,1,0,0,0,1523.33316,-891.1300000002029
737.592356,1,0,0,0,1523.33033,-893.9600000001064
737.792354,1,0,0,0,1523.33222,-892.0700000001034
737.992352,1,0,0,0,1523.33222,-892.0700000001034
738.19235,1,0,0,0,1523.33147,-892.8200000000288
738.392348,1,0,0,0,1523.33147,-892.8200000000288
738.592346,1,0,0,0,1523.33146,-892.8300000000036
738.792344,1,0,0,0,1523.33033,-893.9600000001064
738.992342,1,0,0,0,1523.32958,-894.7100000000319
739.192339,1,0,0,0,1523.33109,-893.2000000002063
739.392337,1,0,0,0,1523.33146,-892.8300000000036
739.592335,1,0,0,0,1523.33033,-893.9600000001064
739.792333,1,0,0,0,1523.32844,-895.8500000001095
739.992331,1,0,0,0,1523.33146,-892.8300000000036
740.192329,1,0,0,0,1523.33033,-893.9600000001064
740.392327,1,0,0,0,1523.32788,-896.4100000000599
740.592325,1,0,0,0,1523.33222,-892.0700000001034
740.792323,1,0,0,0,1523.32958,-894.7100000000319
740.992321,1,0,0,0,1523.32958,-894.7100000000319
741.192319,1,0,0,0,1523.33033,-893.9600000001064
741.392317,1,0,0,0,1523.33278,-891.510000000153
741.592315,1,0,0,0,1523.32882,-895.4700000001594
741.792312,1,0,0,0,1523.32957,-894.7200000000066
741.99231,1,0,0,0,1523.32919,-895.1000000001841
742.192308,1,0,0,0,1523.32957,-894.7200000000066
742.392306,1,0,0,0,1523.32957,-894.7200000000066
742.592304,1,0,0,0,1523.33184,-892.4500000000535
742.792302,1,0,0,0,1523.33146,-892.8300000000036
742.9923,1,0,0,0,1523.33316,-891.1300000002029
743.192298,1,0,0,0,1523.33033,-893.9600000001064
743.392296,1,0,0,0,1523.33033,-893.9600000001064
743.592294,1,0,0,0,1523.33259,-891.7000000001281
743.792292,1,0,0,0,1523.33071,-893.5800000001564
743.99229,1,0,0,0,1523.33259,-891.7000000001281
744.192287,1,0,0,0,1523.33316,-891.1300000002029
744.392286,1,0,0,0,1523.33221,-892.0800000000781
744.592283,1,0,0,0,1523.33146,-892.8300000000036
744.792281,1,0,0,0,1523.33108,-893.210000000181
744.992279,1,0,0,0,1523.32957,-894.7200000000066
745.192277,1,0,0,0,1523.33146,-892.8300000000036
745.392275,1,0,0,0,1523.33146,-892.8300000000036
745.592273,1,0,0,0,1523.33221,-892.0800000000781
745.792271,1,0,0,0,1523.33146,-892.8300000000036
745.992269,1,0,0,0,1523.33391,-890.3800000000501
746.192267,1,0,0,0,1523.33315,-891.1400000001777
746.392265,1,0,0,0,1523.33391,-890.3800000000501
746.592263,1,0,0,0,1523.33032,-893.9700000000812
746.792261,1,0,0,0,1523.33221,-892.0800000000781
746.992259,1,0,0,0,1523.33259,-891.7000000001281
747.192256,1,0,0,0,1523.33033,-893.9600000001064
747.392254,1,0,0,0,1523.33391,-890.3800000000501
747.592252,1,0,0,0,1523.33146,-892.8300000000036
747.79225,1,0,0,0,1523.33391,-890.3800000000501
747.992248,1,0,0,0,1523.33278,-891.510000000153
748.192246,1,0,0,0,1523.33391,-890.3800000000501
748.392244,1,0,0,0,1523.33221,-892.0800000000781
748.592242,1,0,0,0,1523.33033,-893.9600000001064
748.79224,1,0,0,0,1523.33504,-889.2500000001746
748.992238,1,0,0,0,1523.33316,-891.1300000002029
749.192236,1,0,0,0,1523.33221,-892.0800000000781
749.392234,1,0,0,0,1523.33221,-892.0800000000781
749.592232,1,0,0,0,1523.33316,-891.1300000002029
749.79223,1,0,0,0,1523.33259,-891.7000000001281
749.992228,1,0,0,0,1523.33316,-891.1300000002029
750.192225,1,0,0,0,1523.33392,-890.3700000000754
750.392223,1,0,0,0,1523.33316,-891.1300000002029
750.592221,1,0,0,0,1523.33109,-893.2000000002063
750.792219,1,0,0,0,1523.33222,-892.0700000001034
750.992217,1,0,0,0,1523.33222,-892.0700000001034
751.192215,1,0,0,0,1523.33071,-893.5800000001564
751.392213,1,0,0,0,1523.33317,-891.1200000000008
751.592211,1,0,0,0,1523.33222,-892.0700000001034
751.792209,1,0,0,0,1523.33034,-893.9500000001317
751.992207,1,0,0,0,1523.32845,-895.8400000001348
752.192205,1,0,0,0,1523.33147,-892.8200000000288
752.392203,1,0,0,0,1523.32958,-894.7100000000319
752.592201,1,0,0,0,1523.32845,-895.8400000001348
752.792199,1,0,0,0,1523.33033,-893.9600000001064
752.992196,1,0,0,0,1523.33147,-892.8200000000288
753.192194,1,0,0,0,1523.32713,-897.1600000002127
753.392192,1,0,0,0,1523.33146,-892.8300000000036
753.59219,1,0,0,0,1523.33146,-892.8300000000036
753.792188,1,0,0,0,1523.32958,-894.7100000000319
753.992186,1,0,0,0,1523.33316,-891.1300000002029
754.192184,1,0,0,0,1523.33222,-892.0700000001034
754.392182,1,0,0,0,1523.33033,-893.9600000001064
754.59218,1,0,0,0,1523.32844,-895.8500000001095
754.792178,1,0,0,0,1523.32958,-894.7100000000319
754.992176,1,0,0,0,1523.33071,-893.5800000001564
755.192173,1,0,0,0,1523.33146,-892.8300000000036
755.392172,1,0,0,0,1523.33222,-892.0700000001034
755.59217,1,0,0,0,1523.3292,-895.0900000002093
755.792167,1,0,0,0,1523.33317,-891.1200000000008
755.992166,1,0,0,0,1523.33034,-893.9500000001317
756.192163,1,0,0,0,1523.33222,-892.0700000001034
756.392161,1,0,0,0,1523.33222,-892.0700000001034
756.592159,1,0,0,0,1523.33034,-893.9500000001317
756.792157,1,0,0,0,1523.33392,-890.3700000000754
756.992155,1,0,0,0,1523.3326,-891.6900000001533
757.192153,1,0,0,0,1523.33317,-891.1200000000008
757.392151,1,0,0,0,1523.33222,-892.0700000001034
757.592149,1,0,0,0,1523.33147,-892.8200000000288
757.792147,1,0,0,0,1523.33317,-891.1200000000008
757.992145,1,0,0,0,1523.32958,-894.7100000000319
758.192142,1,0,0,0,1523.33581,-888.4800000000723
758.39214,1,0,0,0,1523.33147,-892.8200000000288
758.592139,1,0,0,0,1523.33034,-893.9500000001317
758.792136,1,0,0,0,1523.33392,-890.3700000000754
758.992134,1,0,0,0,1523.33071,-893.5800000001564
759.192132,1,0,0,0,1523.33316,-891.1300000002029
759.39213,1,0,0,0,1523.33146,-892.8300000000036
759.592128,1,0,0,0,1523.33071,-893.5800000001564
759.792126,1,0,0,0,1523.3343,-889.9900000001253
759.992124,1,0,0,0,1523.33259,-891.7000000001281
760.192122,1,0,0,0,1523.33391,-890.3800000000501
760.39212,1,0,0,0,1523.33391,-890.3800000000501
760.592118,1,0,0,0,1523.33259,-891.7000000001281
760.792116,1,0,0,0,1523.33222,-892.0700000001034
760.992114,1,0,0,0,1523.33316,-891.1300000002029
761.192111,1,0,0,0,1523.33033,-893.9600000001064
761.392109,1,0,0,0,1523.33392,-890.3700000000754
761.592107,1,0,0,0,1523.33316,-891.1300000002029
761.792105,1,0,0,0,1523.33147,-892.8200000000288
761.992103,1,0,0,0,1523.33222,-892.0700000001034
762.192101,1,0,0,0,1523.33279,-891.5000000001783
762.392099,1,0,0,0,1523.33222,-892.0700000001034
762.592097,1,0,0,0,1523.33033,-893.9600000001064
762.792095,1,0,0,0,1523.33222,-892.0700000001034
762.992093,1,0,0,0,1523.33222,-892.0700000001034
763.192091,1,0,0,0,1523.33392,-890.3700000000754
763.392089,1,0,0,0,1523.33505,-889.2400000001999
763.592087,1,0,0,0,1523.33222,-892.0700000001034
763.792084,1,0,0,0,1523.33222,-892.0700000001034
763.992083,1,0,0,0,1523.33392,-890.3700000000754
764.19208,1,0,0,0,1523.33317,-891.1200000000008
764.392078,1,0,0,0,1523.33279,-891.5000000001783
764.592076,1,0,0,0,1523.33392,-890.3700000000754
764.792074,1,0,0,0,1523.33317,-891.1200000000008
764.992072,1,0,0,0,1523.33393,-890.3600000001006
765.19207,1,0,0,0,1523.33317,-891.1200000000008
765.392068,1,0,0,0,1523.33619,-888.1000000001222
765.592066,1,0,0,0,1523.33506,-889.2299999999977
765.792064,1,0,0,0,1523.33582,-888.4700000000976
765.992062,1,0,0,0,1523.33318,-891.110000000026
766.19206,1,0,0,0,1523.33393,-890.3600000001006
766.392058,1,0,0,0,1523.33507,-889.220000000023
766.592056,1,0,0,0,1523.33582,-888.4700000000976
766.792054,1,0,0,0,1523.33393,-890.3600000001006
766.992052,1,0,0,0,1523.33695,-887.3400000002221
767.192049,1,0,0,0,1523.33261,-891.6800000001786
767.392047,1,0,0,0,1523.3311,-893.1900000000041
767.592045,1,0,0,0,1523.33318,-891.110000000026
767.792043,1,0,0,0,1523.33223,-892.0600000001286
767.992041,1,0,0,0,1523.32959,-894.7000000000571
768.192039,1,0,0,0,1523.33582,-888.4700000000976
768.392037,1,0,0,0,1523.3328,-891.4900000002035
768.592035,1,0,0,0,1523.33148,-892.8100000000541
768.792033,1,0,0,0,1523.33223,-892.0600000001286
768.992031,1,0,0,0,1523.33317,-891.1200000000008
769.192029,1,0,0,0,1523.33392,-890.3700000000754
769.392026,1,0,0,0,1523.33506,-889.2299999999977
769.592025,1,0,0,0,1523.33392,-890.3700000000754
769.792022,1,0,0,0,1523.32959,-894.7000000000571
769.99202,1,0,0,0,1523.33072,-893.5700000001816
770.192018,1,0,0,0,1523.3328,-891.4900000002035
770.392016,1,0,0,0,1523.33506,-889.2299999999977
770.592014,1,0,0,0,1523.33224,-892.0500000001539
770.792012,1,0,0,0,1523.33394,-890.3500000001259
770.99201,1,0,0,0,1523.33394,-890.3500000001259
771.192008,1,0,0,0,1523.33224,-892.0500000001539
771.392006,1,0,0,0,1523.33394,-890.3500000001259
771.592004,1,0,0,0,1523.33319,-891.1000000000513
771.792002,1,0,0,0,1523.33319,-891.1000000000513
771.992,1,0,0,0,1523.33224,-892.0500000001539
772.191998,1,0,0,0,1523.33149,-892.8000000000793
772.391996,1,0,0,0,1523.33432,-889.9700000001758
772.591993,1,0,0,0,1523.33281,-891.4800000000014
772.791991,1,0,0,0,1523.33394,-890.3500000001259
772.991989,1,0,0,0,1523.33281,-891.4800000000014
773.191987,1,0,0,0,1523.33319,-891.1000000000513
773.391985,1,0,0,0,1523.33508,-889.2100000000482
773.591983,1,0,0,0,1523.33319,-891.1000000000513
773.791981,1,0,0,0,1523.33583,-888.4600000001228
773.991979,1,0,0,0,1523.33149,-892.8000000000793
774.191977,1,0,0,0,1523.33319,-891.1000000000513
774.391975,1,0,0,0,1523.33225,-892.0400000001791
774.591973,1,0,0,0,1523.33319,-891.1000000000513
774.791971,1,0,0,0,1523.3315,-892.7900000001046
774.991968,1,0,0,0,1523.33395,-890.3400000001511
775.191967,1,0,0,0,1523.33395,-890.3400000001511
775.391964,1,0,0,0,1523.33395,-890.3400000001511
775.591962,1,0,0,0,1523.33225,-892.0400000001791
775.79196,1,0,0,0,1523.33263,-891.6600000000017
775.991958,1,0,0,0,1523.33508,-889.2100000000482
776.191956,1,0,0,0,1523.33319,-891.1000000000513
776.391954,1,0,0,0,1523.33508,-889.2100000000482
776.591952,1,0,0,0,1523.33508,-889.2100000000482
776.79195,1,0,0,0,1523.33433,-889.960000000201
776.991948,1,0,0,0,1523.33225,-892.0400000001791
777.191946,1,0,0,0,1523.33508,-889.2100000000482
777.391944,1,0,0,0,1523.33508,-889.2100000000482
777.591942,1,0,0,0,1523.33282,-891.4700000000266
777.791939,1,0,0,0,1523.33508,-889.2100000000482
777.991937,1,0,0,0,1523.33395,-890.3400000001511
778.191936,1,0,0,0,1523.33508,-889.2100000000482
778.391933,1,0,0,0,1523.33319,-891.1000000000513
778.591931,1,0,0,0,1523.33395,-890.3400000001511
778.791929,1,0,0,0,1523.33394,-890.3500000001259
778.991927,1,0,0,0,1523.33394,-890.3500000001259
779.191925,1,0,0,0,1523.33394,-890.3500000001259
779.391923,1,0,0,0,1523.33753,-886.7600000000948
779.591921,1,0,0,0,1523.33394,-890.3500000001259
779.791919,1,0,0,0,1523.33507,-889.220000000023
779.991917,1,0,0,0,1523.33319,-891.1000000000513
780.191915,1,0,0,0,1523.33621,-888.0800000001727
780.391912,1,0,0,0,1523.33508,-889.2100000000482
780.591911,1,0,0,0,1523.33583,-888.4600000001228
780.791908,1,0,0,0,1523.33319,-891.1000000000513
780.991906,1,0,0,0,1523.33621,-888.0800000001727
781.191904,1,0,0,0,1523.33621,-888.0800000001727
781.391902,1,0,0,0,1523.33583,-888.4600000001228
781.5919,1,0,0,0,1523.33696,-887.3300000000199
781.791898,1,0,0,0,1523.33583,-888.4600000001228
781.991896,1,0,0,0,1523.33753,-886.7600000000948
782.191894,1,0,0,0,1523.33696,-887.3300000000199
782.391892,1,0,0,0,1523.33639,-887.9000000001724
782.59189,1,0,0,0,1523.33583,-888.4600000001228
782.791888,1,0,0,0,1523.3362,-888.0900000001475
782.991886,1,0,0,0,1523.33507,-889.220000000023
783.191884,1,0,0,0,1523.33583,-888.4600000001228
783.391881,1,0,0,0,1523.33752,-886.7700000000696
783.59188,1,0,0,0,1523.33432,-889.9700000001758
783.791878,1,0,0,0,1523.33583,-888.4600000001228
783.991875,1,0,0,0,1523.33753,-886.7600000000948
784.191873,1,0,0,0,1523.33621,-888.0800000001727
784.391871,1,0,0,0,1523.33508,-889.2100000000482
784.591869,1,0,0,0,1523.33584,-888.4500000001481
784.791867,1,0,0,0,1523.33508,-889.2100000000482
784.991865,1,0,0,0,1523.33508,-889.2100000000482
785.191863,1,0,0,0,1523.33395,-890.3400000001511
785.391861,1,0,0,0,1523.33508,-889.2100000000482
785.591859,1,0,0,0,1523.33319,-891.1000000000513
785.791857,1,0,0,0,1523.33395,-890.3400000001511
785.991855,1,0,0,0,1523.33225,-892.0400000001791
786.191853,1,0,0,0,1523.33319,-891.1000000000513
786.39185,1,0,0,0,1523.33395,-890.3400000001511
786.591848,1,0,0,0,1523.33508,-889.2100000000482
786.791847,1,0,0,0,1523.33395,-890.3400000001511
786.991844,1,0,0,0,1523.33282,-891.4700000000266
787.191842,1,0,0,0,1523.33319,-891.1000000000513
787.39184,1,0,0,0,1523.33697,-887.3200000000452
787.591838,1,0,0,0,1523.33508,-889.2100000000482
787.791836,1,0,0,0,1523.33508,-889.2100000000482
787.991834,1,0,0,0,1523.33583,-888.4600000001228
788.191832,1,0,0,0,1523.33394,-890.3500000001259
788.39183,1,0,0,0,1523.33508,-889.2100000000482
788.591828,1,0,0,0,1523.33583,-888.4600000001228
788.791826,1,0,0,0,1523.33394,-890.3500000001259
788.991823,1,0,0,0,1523.33432,-889.9700000001758
789.191821,1,0,0,0,1523.33583,-888.4600000001228
789.391819,1,0,0,0,1523.33697,-887.3200000000452
789.591817,1,0,0,0,1523.33584,-888.4500000001481
789.791816,1,0,0,0,1523.33508,-889.2100000000482
789.991813,1,0,0,0,1523.33584,-888.4500000001481
790.191811,1,0,0,0,1523.33696,-887.3300000000199
790.391809,1,0,0,0,1523.33583,-888.4600000001228
790.591807,1,0,0,0,1523.33583,-888.4600000001228
790.791805,1,0,0,0,1523.33394,-890.3500000001259
790.991803,1,0,0,0,1523.33508,-889.2100000000482
791.191801,1,0,0,0,1523.33508,-889.2100000000482
791.391799,1,0,0,0,1523.33621,-888.0800000001727
791.591797,1,0,0,0,1523.33697,-887.3200000000452
791.791795,1,0,0,0,1523.33509,-889.2000000000735
791.991792,1,0,0,0,1523.33697,-887.3200000000452
792.191791,1,0,0,0,1523.33697,-887.3200000000452
792.391788,1,0,0,0,1523.33509,-889.2000000000735
792.591786,1,0,0,0,1523.33641,-887.8800000002229
792.791784,1,0,0,0,1523.33755,-886.7400000001453
792.991782,1,0,0,0,1523.33698,-887.3100000000704
793.19178,1,0,0,0,1523.33509,-889.2000000000735
793.391778,1,0,0,0,1523.33698,-887.3100000000704
793.591776,1,0,0,0,1523.33755,-886.7400000001453
793.791774,1,0,0,0,1523.3351,-889.1900000000987
793.991772,1,0,0,0,1523.33585,-888.4400000001733
794.19177,1,0,0,0,1523.33698,-887.3100000000704
794.391768,1,0,0,0,1523.33755,-886.7400000001453
794.591766,1,0,0,0,1523.3351,-889.1900000000987
794.791764,1,0,0,0,1523.33547,-888.8200000001234
794.991761,1,0,0,0,1523.33755,-886.7400000001453
795.191759,1,0,0,0,1523.33755,-886.7400000001453
795.391757,1,0,0,0,1523.33642,-887.8700000000208
795.591755,1,0,0,0,1523.33698,-887.3100000000704
795.791753,1,0,0,0,1523.33585,-888.4400000001733
795.991751,1,0,0,0,1523.33585,-888.4400000001733
796.191749,1,0,0,0,1523.33755,-886.7400000001453
796.391747,1,0,0,0,1523.3351,-889.1900000000987
796.591745,1,0,0,0,1523.3351,-889.1900000000987
796.791743,1,0,0,0,1523.33623,-888.0600000002232
796.991741,1,0,0,0,1523.33698,-887.3100000000704
797.191739,1,0,0,0,1523.33623,-888.0600000002232
797.391737,1,0,0,0,1523.33641,-887.8800000002229
797.591734,1,0,0,0,1523.33509,-889.2000000000735
797.791732,1,0,0,0,1523.33509,-889.2000000000735
797.99173,1,0,0,0,1523.33434,-889.9499999999989
798.191728,1,0,0,0,1523.33622,-888.070000000198
798.391726,1,0,0,0,1523.33509,-889.2000000000735
798.591724,1,0,0,0,1523.33697,-887.3200000000452
798.791722,1,0,0,0,1523.33509,-889.2000000000735
798.99172,1,0,0,0,1523.33697,-887.3200000000452
799.191718,1,0,0,0,1523.33584,-888.4500000001481
799.391716,1,0,0,0,1523.33584,-888.4500000001481
799.591714,1,0,0,0,1523.33584,-888.4500000001481
799.791712,1,0,0,0,1523.33867,-885.6200000000172
799.99171,1,0,0,0,1523.33585,-888.4400000001733
800.191708,1,0,0,0,1523.33981,-884.4800000001669
800.391706,1,0,0,0,1523.33585,-888.4400000001733
800.591704,1,0,0,0,1523.33754,-886.75000000012
800.791701,1,0,0,0,1523.33697,-887.3200000000452
800.991699,1,0,0,0,1523.33697,-887.3200000000452
801.191697,1,0,0,0,1523.33754,-886.75000000012
801.391695,1,0,0,0,1523.33697,-887.3200000000452
801.591693,1,0,0,0,1523.33622,-888.070000000198
801.791691,1,0,0,0,1523.3332,-891.0900000000765
801.991689,1,0,0,0,1523.33434,-889.9499999999989
802.191687,1,0,0,0,1523.33585,-888.4400000001733
802.391685,1,0,0,0,1523.33509,-889.2000000000735
802.591683,1,0,0,0,1523.33396,-890.3300000001764
802.791681,1,0,0,0,1523.33321,-891.0800000001018
802.991678,1,0,0,0,1523.33509,-889.2000000000735
803.191676,1,0,0,0,1523.33509,-889.2000000000735
803.391675,1,0,0,0,1523.33699,-887.3000000000957
803.591672,1,0,0,0,1523.33585,-888.4400000001733
803.79167,1,0,0,0,1523.3351,-889.1900000000987
803.991668,1,0,0,0,1523.3351,-889.1900000000987
804.191666,1,0,0,0,1523.33152,-892.770000000155
804.391664,1,0,0,0,1523.3351,-889.1900000000987
804.591662,1,0,0,0,1523.33699,-887.3000000000957
804.79166,1,0,0,0,1523.33397,-890.3200000002016
804.991658,1,0,0,0,1523.3351,-889.1900000000987
805.191656,1,0,0,0,1523.3351,-889.1900000000987
805.391654,1,0,0,0,1523.33397,-890.3200000002016
805.591652,1,0,0,0,1523.33435,-889.9400000000242
805.791649,1,0,0,0,1523.33642,-887.8700000000208
805.991647,1,0,0,0,1523.3351,-889.1900000000987
806.191645,1,0,0,0,1523.33434,-889.9499999999989
806.391643,1,0,0,0,1523.33698,-887.3100000000704
806.591641,1,0,0,0,1523.33509,-889.2000000000735
806.791639,1,0,0,0,1523.33509,-889.2000000000735
806.991637,1,0,0,0,1523.33509,-889.2000000000735
807.191635,1,0,0,0,1523.33509,-889.2000000000735
807.391633,1,0,0,0,1523.33509,-889.2000000000735
807.591631,1,0,0,0,1523.33509,-889.2000000000735
807.791629,1,0,0,0,1523.33396,-890.3300000001764
807.991627,1,0,0,0,1523.33585,-888.4400000001733
808.191625,1,0,0,0,1523.33509,-889.2000000000735
808.391623,1,0,0,0,1523.33509,-889.2000000000735
808.59162,1,0,0,0,1523.33509,-889.2000000000735
808.791618,1,0,0,0,1523.33868,-885.6100000000424
808.991616,1,0,0,0,1523.33471,-889.5800000000236
809.191614,1,0,0,0,1523.33434,-889.9499999999989
809.391612,1,0,0,0,1523.33641,-887.8800000002229
809.59161,1,0,0,0,1523.33641,-887.8800000002229
809.791608,1,0,0,0,1523.33584,-888.4500000001481
809.991606,1,0,0,0,1523.33754,-886.75000000012
810.191604,1,0,0,0,1523.33867,-885.6200000000172
810.391602,1,0,0,0,1523.33584,-888.4500000001481
810.5916,1,0,0,0,1523.33622,-888.070000000198
810.791598,1,0,0,0,1523.33584,-888.4500000001481
810.991596,1,0,0,0,1523.3381,-886.1900000001697
811.191594,1,0,0,0,1523.33509,-889.2000000000735
811.391592,1,0,0,0,1523.33584,-888.4500000001481
811.591589,1,0,0,0,1523.33754,-886.75000000012
811.791587,1,0,0,0,1523.33697,-887.3200000000452
811.991585,1,0,0,0,1523.33867,-885.6200000000172
812.191583,1,0,0,0,1523.3332,-891.0900000000765
812.391581,1,0,0,0,1523.33622,-888.070000000198
812.591579,1,0,0,0,1523.33376,-890.5300000001262
812.791577,1,0,0,0,1523.3332,-891.0900000000765
812.991575,1,0,0,0,1523.33697,-887.3200000000452
813.191573,1,0,0,0,1523.33584,-888.4500000001481
813.391571,1,0,0,0,1523.33943,-884.860000000117
813.591569,1,0,0,0,1523.33754,-886.75000000012
813.791567,1,0,0,0,1523.33471,-889.5800000000236
813.991565,1,0,0,0,1523.33754,-886.75000000012
814.191562,1,0,0,0,1523.33585,-888.4400000001733
814.39156,1,0,0,0,1523.33867,-885.6200000000172
814.591558,1,0,0,0,1523.33754,-886.75000000012
814.791556,1,0,0,0,1523.33754,-886.75000000012
814.991554,1,0,0,0,1523.33396,-890.3300000001764
815.191552,1,0,0,0,1523.33754,-886.75000000012
815.39155,1,0,0,0,1523.33509,-889.2000000000735
815.591548,1,0,0,0,1523.33584,-888.4500000001481
815.791546,1,0,0,0,1523.33754,-886.75000000012
815.991544,1,0,0,0,1523.33754,-886.75000000012
816.191542,1,0,0,0,1523.33697,-887.3200000000452
816.39154,1,0,0,0,1523.33754,-886.75000000012
816.591538,1,0,0,0,1523.33697,-887.3200000000452
816.791535,1,0,0,0,1523.3364,-887.8900000001977
816.991534,1,0,0,0,1523.33697,-887.3200000000452
817.191531,1,0,0,0,1523.33754,-886.75000000012
817.391529,1,0,0,0,1523.33509,-889.2000000000735
817.591527,1,0,0,0,1523.33697,-887.3200000000452
817.791525,1,0,0,0,1523.33754,-886.75000000012
817.991523,1,0,0,0,1523.33622,-888.070000000198
818.191521,1,0,0,0,1523.33509,-889.2000000000735
818.391519,1,0,0,0,1523.33697,-887.3200000000452
818.591517,1,0,0,0,1523.33584,-888.4500000001481
818.791515,1,0,0,0,1523.33697,-887.3200000000452
818.991513,1,0,0,0,1523.33509,-889.2000000000735
819.191511,1,0,0,0,1523.33584,-888.4500000001481
819.391509,1,0,0,0,1523.33584,-888.4500000001481
819.591506,1,0,0,0,1523.33471,-889.5800000000236
819.791504,1,0,0,0,1523.33395,-890.3400000001511
819.991503,1,0,0,0,1523.33583,-888.4600000001228
820.1915,1,0,0,0,1523.33432,-889.9700000001758
820.391498,1,0,0,0,1523.33697,-887.3200000000452
820.591496,1,0,0,0,1523.33394,-890.3500000001259
820.791494,1,0,0,0,1523.33583,-888.4600000001228
820.991492,1,0,0,0,1523.33583,-888.4600000001228
821.19149,1,0,0,0,1523.33696,-887.3300000000199
821.391488,1,0,0,0,1523.33376,-890.5300000001262
821.591486,1,0,0,0,1523.33319,-891.1000000000513
821.791484,1,0,0,0,1523.33319,-891.1000000000513
821.991482,1,0,0,0,1523.33696,-887.3300000000199
822.19148,1,0,0,0,1523.33696,-887.3300000000199
822.391478,1,0,0,0,1523.33583,-888.4600000001228
822.591475,1,0,0,0,1523.33508,-889.2100000000482
822.791473,1,0,0,0,1523.33394,-890.3500000001259
822.991472,1,0,0,0,1523.33432,-889.9700000001758
823.191469,1,0,0,0,1523.33697,-887.3200000000452
823.391467,1,0,0,0,1523.33508,-889.2100000000482
823.591465,1,0,0,0,1523.33697,-887.3200000000452
823.791463,1,0,0,0,1523.33508,-889.2100000000482
823.991461,1,0,0,0,1523.33584,-888.4500000001481
824.191459,1,0,0,0,1523.33584,-888.4500000001481
824.391457,1,0,0,0,1523.33829,-886.0000000001946
824.591455,1,0,0,0,1523.3364,-887.8900000001977
824.791453,1,0,0,0,1523.33584,-888.4500000001481
824.991451,1,0,0,0,1523.33584,-888.4500000001481
825.191448,1,0,0,0,1523.33584,-888.4500000001481
825.391447,1,0,0,0,1523.33697,-887.3200000000452
825.591444,1,0,0,0,1523.33697,-887.3200000000452
825.791442,1,0,0,0,1523.33584,-888.4500000001481
825.99144,1,0,0,0,1523.33697,-887.3200000000452
826.191438,1,0,0,0,1523.33583,-888.4600000001228
826.391436,1,0,0,0,1523.33508,-889.2100000000482
826.591434,1,0,0,0,1523.33508,-889.2100000000482
826.791432,1,0,0,0,1523.3381,-886.1900000001697
826.99143,1,0,0,0,1523.33753,-886.7600000000948
827.191428,1,0,0,0,1523.33621,-888.0800000001727
827.391426,1,0,0,0,1523.33545,-888.8400000000729
827.591424,1,0,0,0,1523.33508,-889.2100000000482
827.791422,1,0,0,0,1523.33753,-886.7600000000948
827.99142,1,0,0,0,1523.33753,-886.7600000000948
828.191417,1,0,0,0,1523.3364,-887.8900000001977
828.391415,1,0,0,0,1523.33508,-889.2100000000482
828.591413,1,0,0,0,1523.33753,-886.7600000000948
828.791411,1,0,0,0,1523.33697,-887.3200000000452
828.991409,1,0,0,0,1523.33867,-885.6200000000172
829.191407,1,0,0,0,1523.3398,-884.4900000001417
829.391405,1,0,0,0,1523.33508,-889.2100000000482
829.591403,1,0,0,0,1523.33942,-884.8700000000917
829.791401,1,0,0,0,1523.3332,-891.0900000000765
829.991399,1,0,0,0,1523.33697,-887.3200000000452
830.191397,1,0,0,0,1523.3364,-887.8900000001977
830.391395,1,0,0,0,1523.33754,-886.75000000012
830.591393,1,0,0,0,1523.33697,-887.3200000000452
830.791391,1,0,0,0,1523.33697,-887.3200000000452
830.991389,1,0,0,0,1523.33942,-884.8700000000917
831.191386,1,0,0,0,1523.33867,-885.6200000000172
831.391384,1,0,0,0,1523.33621,-888.0800000001727
831.591382,1,0,0,0,1523.33753,-886.7600000000948
831.79138,1,0,0,0,1523.33508,-889.2100000000482
831.991378,1,0,0,0,1523.34056,-883.7300000000141
832.191376,1,0,0,0,1523.33867,-885.6200000000172
832.391374,1,0,0,0,1523.33584,-888.4500000001481
832.591372,1,0,0,0,1523.33867,-885.6200000000172
832.79137,1,0,0,0,1523.33585,-888.4400000001733
832.991368,1,0,0,0,1523.33698,-887.3100000000704
833.191366,1,0,0,0,1523.33868,-885.6100000000424
833.391364,1,0,0,0,1523.33943,-884.860000000117
833.591362,1,0,0,0,1523.33868,-885.6100000000424
833.791359,1,0,0,0,1523.33981,-884.4800000001669
833.991358,1,0,0,0,1523.33943,-884.860000000117
834.191355,1,0,0,0,1523.33698,-887.3100000000704
834.391353,1,0,0,0,1523.33755,-886.7400000001453
834.591351,1,0,0,0,1523.33698,-887.3100000000704
834.791349,1,0,0,0,1523.33755,-886.7400000001453
834.991347,1,0,0,0,1523.33396,-890.3300000001764
835.191345,1,0,0,0,1523.33755,-886.7400000001453
835.391343,1,0,0,0,1523.33755,-886.7400000001453
835.591341,1,0,0,0,1523.33434,-889.9499999999989
835.791339,1,0,0,0,1523.3351,-889.1900000000987
835.991337,1,0,0,0,1523.33396,-890.3300000001764
836.191335,1,0,0,0,1523.33585,-888.4400000001733
836.391333,1,0,0,0,1523.33585,-888.4400000001733
836.591331,1,0,0,0,1523.33585,-888.4400000001733
836.791328,1,0,0,0,1523.33811,-886.1800000001949
836.991326,1,0,0,0,1523.33642,-887.8700000000208
837.191324,1,0,0,0,1523.33698,-887.3100000000704
837.391322,1,0,0,0,1523.33321,-891.0800000001018
837.59132,1,0,0,0,1523.33396,-890.3300000001764
837.791318,1,0,0,0,1523.33585,-888.4400000001733
837.991316,1,0,0,0,1523.33755,-886.7400000001453
838.191314,1,0,0,0,1523.33585,-888.4400000001733
838.391312,1,0,0,0,1523.33396,-890.3300000001764
838.59131,1,0,0,0,1523.3351,-889.1900000000987
838.791308,1,0,0,0,1523.33698,-887.3100000000704
838.991306,1,0,0,0,1523.33642,-887.8700000000208
839.191303,1,0,0,0,1523.33698,-887.3100000000704
839.391302,1,0,0,0,1523.3351,-889.1900000000987
839.591299,1,0,0,0,1523.33585,-888.4400000001733
839.791297,1,0,0,0,1523.33642,-887.8700000000208
839.991295,1,0,0,0,1523.33585,-888.4400000001733
840.191293,1,0,0,0,1523.33509,-889.2000000000735
840.391291,1,0,0,0,1523.33755,-886.7400000001453
840.591289,1,0,0,0,1523.33434,-889.9499999999989
840.791287,1,0,0,0,1523.33623,-888.0600000002232
840.991285,1,0,0,0,1523.33585,-888.4400000001733
841.191283,1,0,0,0,1523.33755,-886.7400000001453
841.391281,1,0,0,0,1523.33585,-888.4400000001733
841.591279,1,0,0,0,1523.33698,-887.3100000000704
841.791277,1,0,0,0,1523.3351,-889.1900000000987
841.991275,1,0,0,0,1523.3351,-889.1900000000987
842.191272,1,0,0,0,1523.33586,-888.4300000001986
842.39127,1,0,0,0,1523.3351,-889.1900000000987
842.591268,1,0,0,0,1523.33397,-890.3200000002016
842.791266,1,0,0,0,1523.33586,-888.4300000001986
842.991264,1,0,0,0,1523.33511,-889.180000000124
843.191262,1,0,0,0,1523.33699,-887.3000000000957
843.39126,1,0,0,0,1523.33587,-888.4199999999964
843.591258,1,0,0,0,1523.33398,-890.3099999999995
843.791256,1,0,0,0,1523.33322,-891.070000000127
843.991254,1,0,0,0,1523.33756,-886.7300000001705
844.191252,1,0,0,0,1523.337,-887.2900000001209
844.39125,1,0,0,0,1523.33625,-888.0400000000463
844.591248,1,0,0,0,1523.337,-887.2900000001209
844.791245,1,0,0,0,1523.33511,-889.180000000124
844.991244,1,0,0,0,1523.33587,-888.4199999999964
845.191242,1,0,0,0,1523.337,-887.2900000001209
845.391239,1,0,0,0,1523.337,-887.2900000001209
845.591237,1,0,0,0,1523.33398,-890.3099999999995
845.791235,1,0,0,0,1523.33757,-886.7200000001958
845.991233,1,0,0,0,1523.33436,-889.9300000000494
846.191231,1,0,0,0,1523.33398,-890.3099999999995
846.391229,1,0,0,0,1523.33474,-889.5500000000993
846.591227,1,0,0,0,1523.33398,-890.3099999999995
846.791225,1,0,0,0,1523.33511,-889.180000000124
846.991223,1,0,0,0,1523.33587,-888.4199999999964
847.191221,1,0,0,0,1523.33587,-888.4199999999964
847.391219,1,0,0,0,1523.33643,-887.860000000046
847.591217,1,0,0,0,1523.33398,-890.3099999999995
847.791214,1,0,0,0,1523.33756,-886.7300000001705
847.991212,1,0,0,0,1523.337,-887.2900000001209
848.191211,1,0,0,0,1523.33398,-890.3099999999995
848.391208,1,0,0,0,1523.33699,-887.3000000000957
848.591206,1,0,0,0,1523.33586,-888.4300000001986
848.791204,1,0,0,0,1523.33699,-887.3000000000957
848.991202,1,0,0,0,1523.33869,-885.6000000000677
849.1912,1,0,0,0,1523.33699,-887.3000000000957
849.391198,1,0,0,0,1523.33586,-888.4300000001986
849.591196,1,0,0,0,1523.33699,-887.3000000000957
849.791195,1,0,0,0,1523.33624,-888.0500000000211
849.991192,1,0,0,0,1523.33586,-888.4300000001986
850.19119,1,0,0,0,1523.33586,-888.4300000001986
850.391188,1,0,0,0,1523.33699,-887.3000000000957
850.591186,1,0,0,0,1523.33624,-888.0500000000211
850.791183,1,0,0,0,1523.33756,-886.7300000001705
850.991181,1,0,0,0,1523.33586,-888.4300000001986
851.191179,1,0,0,0,1523.33435,-889.9400000000242
851.391177,1,0,0,0,1523.33586,-888.4300000001986
851.591175,1,0,0,0,1523.33435,-889.9400000000242
851.791173,1,0,0,0,1523.33227,-892.0200000000023
851.991171,1,0,0,0,1523.33623,-888.0600000002232
852.191169,1,0,0,0,1523.33076,-893.5300000000552
852.391167,1,0,0,0,1523.33397,-890.3200000002016
852.591165,1,0,0,0,1523.33265,-891.6400000000522
852.791163,1,0,0,0,1523.33227,-892.0200000000023
852.991161,1,0,0,0,1523.33473,-889.5600000000741
853.191159,1,0,0,0,1523.33586,-888.4300000001986
853.391156,1,0,0,0,1523.33397,-890.3200000002016
853.591154,1,0,0,0,1523.33511,-889.180000000124
853.791152,1,0,0,0,1523.33435,-889.9400000000242
853.99115,1,0,0,0,1523.33511,-889.180000000124
854.191148,1,0,0,0,1523.33398,-890.3099999999995
854.391146,1,0,0,0,1523.33322,-891.070000000127
854.591144,1,0,0,0,1523.33511,-889.180000000124
854.791142,1,0,0,0,1523.33756,-886.7300000001705
854.99114,1,0,0,0,1523.33511,-889.180000000124
855.191138,1,0,0,0,1523.33397,-890.3200000002016
855.391136,1,0,0,0,1523.33624,-888.0500000000211
855.591134,1,0,0,0,1523.33322,-891.070000000127
855.791132,1,0,0,0,1523.33321,-891.0800000001018
855.99113,1,0,0,0,1523.33227,-892.0200000000023
856.191128,1,0,0,0,1523.3351,-889.1900000000987
856.391126,1,0,0,0,1523.33321,-891.0800000001018
856.591123,1,0,0,0,1523.33227,-892.0200000000023
856.791121,1,0,0,0,1523.33397,-890.3200000002016
856.991119,1,0,0,0,1523.3351,-889.1900000000987
857.191117,1,0,0,0,1523.3351,-889.1900000000987
857.391115,1,0,0,0,1523.3351,-889.1900000000987
857.591113,1,0,0,0,1523.3351,-889.1900000000987
857.791111,1,0,0,0,1523.3351,-889.1900000000987
857.991109,1,0,0,0,1523.3351,-889.1900000000987
858.191107,1,0,0,0,1523.33321,-891.0800000001018
858.391105,1,0,0,0,1523.33396,-890.3300000001764
858.591103,1,0,0,0,1523.33227,-892.0200000000023
858.791101,1,0,0,0,1523.33265,-891.6400000000522
858.991098,1,0,0,0,1523.33397,-890.3200000002016
859.191096,1,0,0,0,1523.33397,-890.3200000002016
859.391095,1,0,0,0,1523.33397,-890.3200000002016
859.591092,1,0,0,0,1523.33585,-888.4400000001733
859.79109,1,0,0,0,1523.33435,-889.9400000000242
859.991088,1,0,0,0,1523.3351,-889.1900000000987
860.191086,1,0,0,0,1523.33321,-891.0800000001018
860.391084,1,0,0,0,1523.3351,-889.1900000000987
860.591082,1,0,0,0,1523.33585,-888.4400000001733
860.79108,1,0,0,0,1523.33396,-890.3300000001764
860.991078,1,0,0,0,1523.33547,-888.8200000001234
861.191076,1,0,0,0,1523.33321,-891.0800000001018
861.391074,1,0,0,0,1523.33434,-889.9499999999989
861.591071,1,0,0,0,1523.33321,-891.0800000001018
861.79107,1,0,0,0,1523.33321,-891.0800000001018
861.991067,1,0,0,0,1523.33321,-891.0800000001018
862.191065,1,0,0,0,1523.33585,-888.4400000001733
862.391063,1,0,0,0,1523.33321,-891.0800000001018
862.591061,1,0,0,0,1523.33227,-892.0200000000023
862.791059,1,0,0,0,1523.33227,-892.0200000000023
862.991057,1,0,0,0,1523.33396,-890.3300000001764
863.191055,1,0,0,0,1523.33396,-890.3300000001764
863.391053,1,0,0,0,1523.33472,-889.5700000000488
863.591051,1,0,0,0,1523.33227,-892.0200000000023
863.791049,1,0,0,0,1523.33396,-890.3300000001764
863.991047,1,0,0,0,1523.33434,-889.9499999999989
864.191045,1,0,0,0,1523.33585,-888.4400000001733
864.391042,1,0,0,0,1523.33283,-891.4600000000519
864.591041,1,0,0,0,1523.33283,-891.4600000000519
864.791039,1,0,0,0,1523.33396,-890.3300000001764
864.991036,1,0,0,0,1523.33472,-889.5700000000488
865.191034,1,0,0,0,1523.33585,-888.4400000001733
865.391032,1,0,0,0,1523.33321,-891.0800000001018
865.59103,1,0,0,0,1523.33623,-888.0600000002232
865.791028,1,0,0,0,1523.3351,-889.1900000000987
865.991026,1,0,0,0,1523.3351,-889.1900000000987
866.191024,1,0,0,0,1523.33642,-887.8700000000208
866.391022,1,0,0,0,1523.33322,-891.070000000127
866.59102,1,0,0,0,1523.33322,-891.070000000127
866.791018,1,0,0,0,1523.33397,-890.3200000002016
866.991016,1,0,0,0,1523.33322,-891.070000000127
867.191013,1,0,0,0,1523.33511,-889.180000000124
867.391011,1,0,0,0,1523.33397,-890.3200000002016
867.591011,1,0,0,0,1523.33284,-891.4500000000771
867.791008,1,0,0,0,1523.33435,-889.9400000000242
867.991005,1,0,0,0,1523.33435,-889.9400000000242
868.191003,1,0,0,0,1523.33152,-892.770000000155
868.391001,1,0,0,0,1523.33511,-889.180000000124
868.590999,1,0,0,0,1523.33227,-892.0200000000023
868.790997,1,0,0,0,1523.33039,-893.9000000000306
868.990995,1,0,0,0,1523.33077,-893.5200000000805
869.190993,1,0,0,0,1523.33115,-893.1400000001304
869.390991,1,0,0,0,1523.33152,-892.770000000155
869.590989,1,0,0,0,1523.33322,-891.070000000127
869.790987,1,0,0,0,1523.33153,-892.7600000001803
869.990984,1,0,0,0,1523.33322,-891.070000000127
870.190983,1,0,0,0,1523.3304,-893.8900000000558
870.39098,1,0,0,0,1523.3304,-893.8900000000558
870.590978,1,0,0,0,1523.32889,-895.4000000001088
870.790976,1,0,0,0,1523.33285,-891.4400000001024
870.990974,1,0,0,0,1523.33322,-891.070000000127
871.190972,1,0,0,0,1523.33153,-892.7600000001803
871.39097,1,0,0,0,1523.33228,-892.0100000000275
871.590968,1,0,0,0,1523.33039,-893.9000000000306
871.790966,1,0,0,0,1523.32964,-894.6500000001834
871.990964,1,0,0,0,1523.33153,-892.7600000001803
872.190962,1,0,0,0,1523.33228,-892.0100000000275
872.39096,1,0,0,0,1523.33265,-891.6400000000522
872.590958,1,0,0,0,1523.33077,-893.5200000000805
872.790956,1,0,0,0,1523.33322,-891.070000000127
872.990953,1,0,0,0,1523.33153,-892.7600000001803
873.190951,1,0,0,0,1523.33153,-892.7600000001803
873.390949,1,0,0,0,1523.33153,-892.7600000001803
873.590947,1,0,0,0,1523.33285,-891.4400000001024
873.790945,1,0,0,0,1523.33153,-892.7600000001803
873.990943,1,0,0,0,1523.33473,-889.5600000000741
874.190941,1,0,0,0,1523.33039,-893.9000000000306
874.390939,1,0,0,0,1523.33228,-892.0100000000275
874.590937,1,0,0,0,1523.33039,-893.9000000000306
874.790935,1,0,0,0,1523.33398,-890.3099999999995
874.990933,1,0,0,0,1523.33228,-892.0100000000275
875.190931,1,0,0,0,1523.33322,-891.070000000127
875.390929,1,0,0,0,1523.33153,-892.7600000001803
875.590927,1,0,0,0,1523.33153,-892.7600000001803
875.790925,1,0,0,0,1523.33039,-893.9000000000306
875.990922,1,0,0,0,1523.33153,-892.7600000001803
876.19092,1,0,0,0,1523.33322,-891.070000000127
876.390918,1,0,0,0,1523.33284,-891.4500000000771
876.590916,1,0,0,0,1523.33435,-889.9400000000242
876.790914,1,0,0,0,1523.33322,-891.070000000127
876.990912,1,0,0,0,1523.33322,-891.070000000127
877.19091,1,0,0,0,1523.33039,-893.9000000000306
877.390908,1,0,0,0,1523.33227,-892.0200000000023
877.590906,1,0,0,0,1523.32963,-894.6600000001581
877.790904,1,0,0,0,1523.33152,-892.770000000155
877.990902,1,0,0,0,1523.33284,-891.4500000000771
878.1909,1,0,0,0,1523.33152,-892.770000000155
878.390898,1,0,0,0,1523.33152,-892.770000000155
878.590896,1,0,0,0,1523.33265,-891.6400000000522
878.790893,1,0,0,0,1523.33152,-892.770000000155
878.990891,1,0,0,0,1523.33152,-892.770000000155
879.190889,1,0,0,0,1523.33228,-892.0100000000275
879.390887,1,0,0,0,1523.33228,-892.0100000000275
879.590885,1,0,0,0,1523.33228,-892.0100000000275
879.790883,1,0,0,0,1523.33511,-889.180000000124
879.990881,1,0,0,0,1523.33322,-891.070000000127
880.190879,1,0,0,0,1523.33115,-893.1400000001304
880.390877,1,0,0,0,1523.33397,-890.3200000002016
880.590875,1,0,0,0,1523.33265,-891.6400000000522
880.790873,1,0,0,0,1523.3351,-889.1900000000987
880.99087,1,0,0,0,1523.33152,-892.770000000155
881.190869,1,0,0,0,1523.33265,-891.6400000000522
881.390867,1,0,0,0,1523.33321,-891.0800000001018
881.590864,1,0,0,0,1523.33227,-892.0200000000023
881.790862,1,0,0,0,1523.33321,-891.0800000001018
881.99086,1,0,0,0,1523.33152,-892.770000000155
882.190858,1,0,0,0,1523.33322,-891.070000000127
882.390856,1,0,0,0,1523.33397,-890.3200000002016
882.590854,1,0,0,0,1523.33322,-891.070000000127
882.790852,1,0,0,0,1523.33397,-890.3200000002016
882.99085,1,0,0,0,1523.33322,-891.070000000127
883.190848,1,0,0,0,1523.33227,-892.0200000000023
883.390846,1,0,0,0,1523.33227,-892.0200000000023
883.590844,1,0,0,0,1523.33322,-891.070000000127
883.790842,1,0,0,0,1523.33473,-889.5600000000741
883.990839,1,0,0,0,1523.33152,-892.770000000155
884.190837,1,0,0,0,1523.33397,-890.3200000002016
884.390836,1,0,0,0,1523.33076,-893.5300000000552
884.590833,1,0,0,0,1523.33227,-892.0200000000023
884.790832,1,0,0,0,1523.33265,-891.6400000000522
884.990829,1,0,0,0,1523.33321,-891.0800000001018
885.190827,1,0,0,0,1523.33227,-892.0200000000023
885.390825,1,0,0,0,1523.33227,-892.0200000000023
885.590823,1,0,0,0,1523.33038,-893.9100000000053
885.790821,1,0,0,0,1523.33227,-892.0200000000023
885.990819,1,0,0,0,1523.33152,-892.770000000155
886.190817,1,0,0,0,1523.33038,-893.9100000000053
886.390815,1,0,0,0,1523.32888,-895.4100000000835
886.590813,1,0,0,0,1523.33152,-892.770000000155
886.790811,1,0,0,0,1523.33227,-892.0200000000023
886.990808,1,0,0,0,1523.33039,-893.9000000000306
887.190806,1,0,0,0,1523.33152,-892.770000000155
887.390804,1,0,0,0,1523.32963,-894.6600000001581
887.590802,1,0,0,0,1523.33228,-892.0100000000275
887.7908,1,0,0,0,1523.33039,-893.9000000000306
887.990798,1,0,0,0,1523.33039,-893.9000000000306
888.190796,1,0,0,0,1523.33152,-892.770000000155
888.390794,1,0,0,0,1523.33397,-890.3200000002016
888.590792,1,0,0,0,1523.33152,-892.770000000155
888.79079,1,0,0,0,1523.33228,-892.0100000000275
888.990788,1,0,0,0,1523.33322,-891.070000000127
889.190786,1,0,0,0,1523.33228,-892.0100000000275
889.390784,1,0,0,0,1523.33265,-891.6400000000522
889.590781,1,0,0,0,1523.33039,-893.9000000000306
889.79078,1,0,0,0,1523.33152,-892.770000000155
889.990777,1,0,0,0,1523.33114,-893.1500000001051
890.190775,1,0,0,0,1523.33039,-893.9000000000306
890.390773,1,0,0,0,1523.33322,-891.070000000127
890.590771,1,0,0,0,1523.33227,-892.0200000000023
890.790769,1,0,0,0,1523.33227,-892.0200000000023
890.990767,1,0,0,0,1523.33322,-891.070000000127
891.190765,1,0,0,0,1523.33115,-893.1400000001304
891.390763,1,0,0,0,1523.33153,-892.7600000001803
891.590761,1,0,0,0,1523.33153,-892.7600000001803
891.790759,1,0,0,0,1523.33228,-892.0100000000275
891.990757,1,0,0,0,1523.33322,-891.070000000127
892.190755,1,0,0,0,1523.32964,-894.6500000001834
892.390753,1,0,0,0,1523.33153,-892.7600000001803
892.59075,1,0,0,0,1523.33153,-892.7600000001803
892.790749,1,0,0,0,1523.33153,-892.7600000001803
892.990746,1,0,0,0,1523.33228,-892.0100000000275
893.190744,1,0,0,0,1523.33228,-892.0100000000275
893.390742,1,0,0,0,1523.33153,-892.7600000001803
893.59074,1,0,0,0,1523.33398,-890.3099999999995
893.790738,1,0,0,0,1523.33473,-889.5600000000741
893.990736,1,0,0,0,1523.33322,-891.070000000127
894.190734,1,0,0,0,1523.33397,-890.3200000002016
894.390732,1,0,0,0,1523.33115,-893.1400000001304
894.59073,1,0,0,0,1523.33228,-892.0100000000275
894.790728,1,0,0,0,1523.33322,-891.070000000127
894.990726,1,0,0,0,1523.33397,-890.3200000002016
895.190723,1,0,0,0,1523.33397,-890.3200000002016
895.390722,1,0,0,0,1523.33152,-892.770000000155
895.590719,1,0,0,0,1523.33039,-893.9000000000306
895.790717,1,0,0,0,1523.33322,-891.070000000127
895.990715,1,0,0,0,1523.32964,-894.6500000001834
896.190713,1,0,0,0,1523.33039,-893.9000000000306
896.390711,1,0,0,0,1523.33322,-891.070000000127
896.590709,1,0,0,0,1523.33322,-891.070000000127
896.790707,1,0,0,0,1523.33322,-891.070000000127
896.990705,1,0,0,0,1523.33153,-892.7600000001803
897.190703,1,0,0,0,1523.33473,-889.5600000000741
897.390701,1,0,0,0,1523.33228,-892.0100000000275
897.590699,1,0,0,0,1523.33153,-892.7600000001803
897.790697,1,0,0,0,1523.33398,-890.3099999999995
897.990695,1,0,0,0,1523.33322,-891.070000000127
898.190692,1,0,0,0,1523.33228,-892.0100000000275
898.390691,1,0,0,0,1523.33398,-890.3099999999995
898.590688,1,0,0,0,1523.33228,-892.0100000000275
898.790686,1,0,0,0,1523.33322,-891.070000000127
898.990684,1,0,0,0,1523.33039,-893.9000000000306
899.190682,1,0,0,0,1523.33227,-892.0200000000023
899.39068,1,0,0,0,1523.33322,-891.070000000127
899.590678,1,0,0,0,1523.33397,-890.3200000002016
899.790676,1,0,0,0,1523.33511,-889.180000000124
899.990674,1,0,0,0,1523.33038,-893.9100000000053
900.190672,1,0,0,0,1523.33435,-889.9400000000242
900.39067,1,0,0,0,1523.33321,-891.0800000001018
900.590667,1,0,0,0,1523.33076,-893.5300000000552
900.790666,1,0,0,0,1523.33321,-891.0800000001018
900.990664,1,0,0,0,1523.33321,-891.0800000001018
901.190661,1,0,0,0,1523.33226,-892.0300000002044
901.390659,1,0,0,0,1523.33226,-892.0300000002044
901.590657,1,0,0,0,1523.33151,-892.7800000001298
901.790655,1,0,0,0,1523.33226,-892.0300000002044
901.990653,1,0,0,0,1523.33038,-893.9100000000053
902.190651,1,0,0,0,1523.33151,-892.7800000001298
902.390649,1,0,0,0,1523.3315,-892.7900000001046
902.590647,1,0,0,0,1523.3315,-892.7900000001046
902.790645,1,0,0,0,1523.3332,-891.0900000000765
902.990643,1,0,0,0,1523.33037,-893.9200000002074
903.190641,1,0,0,0,1523.32887,-895.4200000000583
903.390639,1,0,0,0,1523.32849,-895.8000000000084
903.590636,1,0,0,0,1523.33226,-892.0300000002044
903.790635,1,0,0,0,1523.33038,-893.9100000000053
903.990633,1,0,0,0,1523.32963,-894.6600000001581
904.19063,1,0,0,0,1523.33151,-892.7800000001298
904.390628,1,0,0,0,1523.33038,-893.9100000000053
904.590626,1,0,0,0,1523.33151,-892.7800000001298
904.790624,1,0,0,0,1523.32849,-895.8000000000084
904.990622,1,0,0,0,1523.33152,-892.770000000155
905.19062,1,0,0,0,1523.33152,-892.770000000155
905.390618,1,0,0,0,1523.33038,-893.9100000000053
905.590616,1,0,0,0,1523.33038,-893.9100000000053
905.790614,1,0,0,0,1523.33152,-892.770000000155
905.990612,1,0,0,0,1523.32963,-894.6600000001581
906.19061,1,0,0,0,1523.33039,-893.9000000000306
906.390608,1,0,0,0,1523.32925,-895.0400000001082
906.590605,1,0,0,0,1523.32963,-894.6600000001581
906.790604,1,0,0,0,1523.33152,-892.770000000155
906.990601,1,0,0,0,1523.33227,-892.0200000000023
907.190599,1,0,0,0,1523.33152,-892.770000000155
907.390597,1,0,0,0,1523.33227,-892.0200000000023
907.590595,1,0,0,0,1523.33076,-893.5300000000552
907.790593,1,0,0,0,1523.33227,-892.0200000000023
907.990591,1,0,0,0,1523.33039,-893.9000000000306
908.190589,1,0,0,0,1523.32963,-894.6600000001581
908.390587,1,0,0,0,1523.33227,-892.0200000000023
908.590585,1,0,0,0,1523.32963,-894.6600000001581
908.790583,1,0,0,0,1523.33227,-892.0200000000023
908.990581,1,0,0,0,1523.33114,-893.1500000001051
909.190579,1,0,0,0,1523.32963,-894.6600000001581
909.390577,1,0,0,0,1523.32963,-894.6600000001581
909.590575,1,0,0,0,1523.33151,-892.7800000001298
909.790572,1,0,0,0,1523.33152,-892.770000000155
909.99057,1,0,0,0,1523.32963,-894.6600000001581
910.190568,1,0,0,0,1523.33152,-892.770000000155
910.390566,1,0,0,0,1523.33265,-891.6400000000522
910.590564,1,0,0,0,1523.33321,-891.0800000001018
910.790562,1,0,0,0,1523.33114,-893.1500000001051
910.99056,1,0,0,0,1523.32963,-894.6600000001581
911.190558,1,0,0,0,1523.33151,-892.7800000001298
911.390556,1,0,0,0,1523.33283,-891.4600000000519
911.590554,1,0,0,0,1523.33226,-892.0300000002044
911.790552,1,0,0,0,1523.33038,-893.9100000000053
911.99055,1,0,0,0,1523.33321,-891.0800000001018
912.190547,1,0,0,0,1523.33151,-892.7800000001298
912.390545,1,0,0,0,1523.33226,-892.0300000002044
912.590543,1,0,0,0,1523.3332,-891.0900000000765
912.790541,1,0,0,0,1523.32962,-894.6700000001329
912.990539,1,0,0,0,1523.32963,-894.6600000001581
913.190537,1,0,0,0,1523.33038,-893.9100000000053
913.390535,1,0,0,0,1523.33038,-893.9100000000053
913.590533,1,0,0,0,1523.32963,-894.6600000001581
913.790531,1,0,0,0,1523.33076,-893.5300000000552
913.990529,1,0,0,0,1523.33151,-892.7800000001298
914.190527,1,0,0,0,1523.33227,-892.0200000000023
914.390525,1,0,0,0,1523.33284,-891.4500000000771
914.590523,1,0,0,0,1523.33114,-893.1500000001051
914.79052,1,0,0,0,1523.33038,-893.9100000000053
914.990519,1,0,0,0,1523.32963,-894.6600000001581
915.190516,1,0,0,0,1523.32963,-894.6600000001581
915.390514,1,0,0,0,1523.33151,-892.7800000001298
915.590512,1,0,0,0,1523.32963,-894.6600000001581
915.79051,1,0,0,0,1523.33039,-893.9000000000306
915.990508,1,0,0,0,1523.33152,-892.770000000155
916.190506,1,0,0,0,1523.33039,-893.9000000000306
916.390504,1,0,0,0,1523.33152,-892.770000000155
916.590502,1,0,0,0,1523.33322,-891.070000000127
916.7905,1,0,0,0,1523.33076,-893.5300000000552
916.990498,1,0,0,0,1523.33322,-891.070000000127
917.190496,1,0,0,0,1523.32963,-894.6600000001581
917.390494,1,0,0,0,1523.33151,-892.7800000001298
917.590492,1,0,0,0,1523.32963,-894.6600000001581
917.79049,1,0,0,0,1523.33227,-892.0200000000023
917.990487,1,0,0,0,1523.33113,-893.1600000000799
918.190485,1,0,0,0,1523.33151,-892.7800000001298
918.390483,1,0,0,0,1523.33113,-893.1600000000799
918.590481,1,0,0,0,1523.33151,-892.7800000001298
918.790479,1,0,0,0,1523.33226,-892.0300000002044
918.990477,1,0,0,0,1523.32962,-894.6700000001329
919.190475,1,0,0,0,1523.33075,-893.54000000003
919.390473,1,0,0,0,1523.32962,-894.6700000001329
919.590471,1,0,0,0,1523.33037,-893.9200000002074
919.790469,1,0,0,0,1523.32849,-895.8000000000084
919.990467,1,0,0,0,1523.32792,-896.3700000001609
920.190465,1,0,0,0,1523.32566,-898.6300000001393
920.390463,1,0,0,0,1523.33037,-893.9200000002074
920.590461,1,0,0,0,1523.33075,-893.54000000003
920.790459,1,0,0,0,1523.33075,-893.54000000003
920.990456,1,0,0,0,1523.32962,-894.6700000001329
921.190454,1,0,0,0,1523.33226,-892.0300000002044
921.390452,1,0,0,0,1523.32716,-897.130000000061
921.59045,1,0,0,0,1523.33282,-891.4700000000266
921.790448,1,0,0,0,1523.32962,-894.6700000001329
921.990446,1,0,0,0,1523.33075,-893.54000000003
922.190444,1,0,0,0,1523.32961,-894.6800000001076
922.390442,1,0,0,0,1523.3315,-892.7900000001046
922.59044,1,0,0,0,1523.32961,-894.6800000001076
922.790438,1,0,0,0,1523.32848,-895.8100000002105
922.990436,1,0,0,0,1523.32848,-895.8100000002105
923.190434,1,0,0,0,1523.32962,-894.6700000001329
923.390432,1,0,0,0,1523.32962,-894.6700000001329
923.59043,1,0,0,0,1523.3315,-892.7900000001046
923.790427,1,0,0,0,1523.33226,-892.0300000002044
923.990425,1,0,0,0,1523.32962,-894.6700000001329
924.190423,1,0,0,0,1523.33151,-892.7800000001298
924.390421,1,0,0,0,1523.32962,-894.6700000001329
924.590419,1,0,0,0,1523.33227,-892.0200000000023
924.790417,1,0,0,0,1523.33151,-892.7800000001298
924.990415,1,0,0,0,1523.33038,-893.9100000000053
925.190413,1,0,0,0,1523.33227,-892.0200000000023
925.390411,1,0,0,0,1523.33227,-892.0200000000023
925.590409,1,0,0,0,1523.33038,-893.9100000000053
925.790407,1,0,0,0,1523.33151,-892.7800000001298
925.990405,1,0,0,0,1523.33038,-893.9100000000053
926.190403,1,0,0,0,1523.32963,-894.6600000001581
926.3904,1,0,0,0,1523.33038,-893.9100000000053
926.590399,1,0,0,0,1523.33038,-893.9100000000053
926.790396,1,0,0,0,1523.33038,-893.9100000000053
926.990394,1,0,0,0,1523.32887,-895.4200000000583
927.190392,1,0,0,0,1523.33227,-892.0200000000023
927.39039,1,0,0,0,1523.32963,-894.6600000001581
927.590388,1,0,0,0,1523.32887,-895.4200000000583
927.790386,1,0,0,0,1523.33151,-892.7800000001298
927.990384,1,0,0,0,1523.33038,-893.9100000000053
928.190382,1,0,0,0,1523.33226,-892.0300000002044
928.39038,1,0,0,0,1523.33038,-893.9100000000053
928.590378,1,0,0,0,1523.33151,-892.7800000001298
928.790376,1,0,0,0,1523.32679,-897.5000000000364
928.990374,1,0,0,0,1523.33075,-893.54000000003
929.190372,1,0,0,0,1523.33226,-892.0300000002044
929.390369,1,0,0,0,1523.32962,-894.6700000001329
929.590368,1,0,0,0,1523.33113,-893.1600000000799
929.790365,1,0,0,0,1523.32962,-894.6700000001329
929.990363,1,0,0,0,1523.32962,-894.6700000001329
930.190361,1,0,0,0,1523.33151,-892.7800000001298
930.390359,1,0,0,0,1523.32962,-894.6700000001329
930.590357,1,0,0,0,1523.33264,-891.6500000000269
930.790355,1,0,0,0,1523.32962,-894.6700000001329
930.990353,1,0,0,0,1523.33227,-892.0200000000023
931.190351,1,0,0,0,1523.32963,-894.6600000001581
931.390349,1,0,0,0,1523.33038,-893.9100000000053
931.590347,1,0,0,0,1523.33038,-893.9100000000053
931.790345,1,0,0,0,1523.32963,-894.6600000001581
931.990342,1,0,0,0,1523.33038,-893.9100000000053
932.190341,1,0,0,0,1523.33321,-891.0800000001018
932.390338,1,0,0,0,1523.33038,-893.9100000000053
932.590336,1,0,0,0,1523.33264,-891.6500000000269
932.790334,1,0,0,0,1523.32963,-894.6600000001581
932.990332,1,0,0,0,1523.32925,-895.0400000001082
933.19033,1,0,0,0,1523.33151,-892.7800000001298
933.390328,1,0,0,0,1523.33227,-892.0200000000023
933.590326,1,0,0,0,1523.32963,-894.6600000001581
933.790324,1,0,0,0,1523.33322,-891.070000000127
933.990322,1,0,0,0,1523.32963,-894.6600000001581
934.19032,1,0,0,0,1523.33152,-892.770000000155
934.390318,1,0,0,0,1523.33152,-892.770000000155
934.590316,1,0,0,0,1523.33228,-892.0100000000275
934.790313,1,0,0,0,1523.33228,-892.0100000000275
934.990312,1,0,0,0,1523.33039,-893.9000000000306
935.19031,1,0,0,0,1523.33228,-892.0100000000275
935.390307,1,0,0,0,1523.32888,-895.4100000000835
935.590305,1,0,0,0,1523.3285,-895.7900000000336
935.790303,1,0,0,0,1523.33115,-893.1400000001304
935.990301,1,0,0,0,1523.33039,-893.9000000000306
936.190299,1,0,0,0,1523.3268,-897.4900000000616
936.390297,1,0,0,0,1523.33039,-893.9000000000306
936.590295,1,0,0,0,1523.32794,-896.3500000002114
936.790293,1,0,0,0,1523.33227,-892.0200000000023
936.990291,1,0,0,0,1523.3285,-895.7900000000336
937.190289,1,0,0,0,1523.33038,-893.9100000000053
937.390287,1,0,0,0,1523.32925,-895.0400000001082
937.590285,1,0,0,0,1523.32963,-894.6600000001581
937.790282,1,0,0,0,1523.32963,-894.6600000001581
937.99028,1,0,0,0,1523.32755,-896.7400000001362
938.190278,1,0,0,0,1523.33038,-893.9100000000053
938.390276,1,0,0,0,1523.33151,-892.7800000001298
938.590274,1,0,0,0,1523.33038,-893.9100000000053
938.790272,1,0,0,0,1523.33151,-892.7800000001298
938.99027,1,0,0,0,1523.32793,-896.3600000001861
939.190268,1,0,0,0,1523.33038,-893.9100000000053
939.390266,1,0,0,0,1523.32888,-895.4100000000835
939.590264,1,0,0,0,1523.32963,-894.6600000001581
939.790262,1,0,0,0,1523.33039,-893.9000000000306
939.99026,1,0,0,0,1523.33114,-893.1500000001051
940.190258,1,0,0,0,1523.32963,-894.6600000001581
940.390255,1,0,0,0,1523.33039,-893.9000000000306
940.590254,1,0,0,0,1523.32888,-895.4100000000835
940.790251,1,0,0,0,1523.32963,-894.6600000001581
940.990249,1,0,0,0,1523.33039,-893.9000000000306
941.190247,1,0,0,0,1523.33322,-891.070000000127
941.390245,1,0,0,0,1523.33039,-893.9000000000306
941.590243,1,0,0,0,1523.33039,-893.9000000000306
941.790241,1,0,0,0,1523.33321,-891.0800000001018
941.990239,1,0,0,0,1523.33151,-892.7800000001298
942.190237,1,0,0,0,1523.33151,-892.7800000001298
942.390235,1,0,0,0,1523.32793,-896.3600000001861
942.590233,1,0,0,0,1523.33038,-893.9100000000053
942.790231,1,0,0,0,1523.33038,-893.9100000000053
942.990229,1,0,0,0,1523.33151,-892.7800000001298
943.190227,1,0,0,0,1523.33151,-892.7800000001298
943.390224,1,0,0,0,1523.33037,-893.9200000002074
943.590223,1,0,0,0,1523.33226,-892.0300000002044
943.79022,1,0,0,0,1523.3315,-892.7900000001046
943.990218,1,0,0,0,1523.33037,-893.9200000002074
944.190216,1,0,0,0,1523.32792,-896.3700000001609
944.390214,1,0,0,0,1523.32792,-896.3700000001609
944.590212,1,0,0,0,1523.32679,-897.5000000000364
944.79021,1,0,0,0,1523.33226,-892.0300000002044
944.990208,1,0,0,0,1523.32962,-894.6700000001329
945.190206,1,0,0,0,1523.32849,-895.8000000000084
945.390204,1,0,0,0,1523.32849,-895.8000000000084
945.590202,1,0,0,0,1523.32962,-894.6700000001329
945.7902,1,0,0,0,1523.32849,-895.8000000000084
945.990197,1,0,0,0,1523.32849,-895.8000000000084
946.190196,1,0,0,0,1523.32849,-895.8000000000084
946.390193,1,0,0,0,1523.33038,-893.9100000000053
946.590191,1,0,0,0,1523.33038,-893.9100000000053
946.790189,1,0,0,0,1523.32925,-895.0400000001082
946.990187,1,0,0,0,1523.3285,-895.7900000000336
947.190185,1,0,0,0,1523.33152,-892.770000000155
947.390183,1,0,0,0,1523.32925,-895.0400000001082
947.590181,1,0,0,0,1523.32963,-894.6600000001581
947.790179,1,0,0,0,1523.32925,-895.0400000001082
947.990177,1,0,0,0,1523.33076,-893.5300000000552
948.190175,1,0,0,0,1523.33038,-893.9100000000053
948.390173,1,0,0,0,1523.33038,-893.9100000000053
948.590171,1,0,0,0,1523.32887,-895.4200000000583
948.790169,1,0,0,0,1523.33038,-893.9100000000053
948.990167,1,0,0,0,1523.32962,-894.6700000001329
949.190165,1,0,0,0,1523.3315,-892.7900000001046
949.390162,1,0,0,0,1523.32962,-894.6700000001329
949.59016,1,0,0,0,1523.32886,-895.430000000033
949.790159,1,0,0,0,1523.3315,-892.7900000001046
949.990156,1,0,0,0,1523.3315,-892.7900000001046
950.190154,1,0,0,0,1523.33037,-893.9200000002074
950.390152,1,0,0,0,1523.33037,-893.9200000002074
950.59015,1,0,0,0,1523.32924,-895.050000000083
950.790148,1,0,0,0,1523.32849,-895.8000000000084
950.990146,1,0,0,0,1523.3315,-892.7900000001046
951.190144,1,0,0,0,1523.32962,-894.6700000001329
951.390142,1,0,0,0,1523.33113,-893.1600000000799
951.59014,1,0,0,0,1523.3315,-892.7900000001046
951.790138,1,0,0,0,1523.33075,-893.54000000003
951.990136,1,0,0,0,1523.32792,-896.3700000001609
952.190133,1,0,0,0,1523.32792,-896.3700000001609
952.390131,1,0,0,0,1523.32849,-895.8000000000084
952.590129,1,0,0,0,1523.32849,-895.8000000000084
952.790127,1,0,0,0,1523.3315,-892.7900000001046
952.990125,1,0,0,0,1523.32849,-895.8000000000084
953.190123,1,0,0,0,1523.32848,-895.8100000002105
953.390121,1,0,0,0,1523.32792,-896.3700000001609
953.590119,1,0,0,0,1523.32848,-895.8100000002105
953.790117,1,0,0,0,1523.32792,-896.3700000001609
953.990115,1,0,0,0,1523.32886,-895.430000000033
954.190113,1,0,0,0,1523.32848,-895.8100000002105
954.390111,1,0,0,0,1523.32962,-894.6700000001329
954.590108,1,0,0,0,1523.32848,-895.8100000002105
954.790107,1,0,0,0,1523.32848,-895.8100000002105
954.990104,1,0,0,0,1523.33037,-893.9200000002074
955.190102,1,0,0,0,1523.32754,-896.750000000111
955.3901,1,0,0,0,1523.32848,-895.8100000002105
955.590098,1,0,0,0,1523.32754,-896.750000000111
955.790096,1,0,0,0,1523.32962,-894.6700000001329
955.990094,1,0,0,0,1523.32678,-897.5100000000111
956.190092,1,0,0,0,1523.32848,-895.8100000002105
956.39009,1,0,0,0,1523.32792,-896.3700000001609
956.590088,1,0,0,0,1523.33037,-893.9200000002074
956.790086,1,0,0,0,1523.32679,-897.5000000000364
956.990084,1,0,0,0,1523.32792,-896.3700000001609
957.190082,1,0,0,0,1523.32962,-894.6700000001329
957.39008,1,0,0,0,1523.32848,-895.8100000002105
957.590077,1,0,0,0,1523.32716,-897.130000000061
957.790075,1,0,0,0,1523.32792,-896.3700000001609
957.990073,1,0,0,0,1523.32848,-895.8100000002105
958.190072,1,0,0,0,1523.32848,-895.8100000002105
958.390069,1,0,0,0,1523.32791,-896.3800000001356
958.590067,1,0,0,0,1523.32848,-895.8100000002105
958.790065,1,0,0,0,1523.32791,-896.3800000001356
958.990063,1,0,0,0,1523.32754,-896.750000000111
959.190061,1,0,0,0,1523.32678,-897.5100000000111
959.390059,1,0,0,0,1523.33037,-893.9200000002074
959.590057,1,0,0,0,1523.33037,-893.9200000002074
959.790055,1,0,0,0,1523.32848,-895.8100000002105
959.990053,1,0,0,0,1523.32679,-897.5000000000364
960.190051,1,0,0,0,1523.32962,-894.6700000001329
960.390049,1,0,0,0,1523.32603,-898.2600000001639
960.590046,1,0,0,0,1523.32962,-894.6700000001329
960.790045,1,0,0,0,1523.32792,-896.3700000001609
960.990042,1,0,0,0,1523.32849,-895.8000000000084
961.19004,1,0,0,0,1523.32849,-895.8000000000084
961.390038,1,0,0,0,1523.33037,-893.9200000002074
961.590036,1,0,0,0,1523.32962,-894.6700000001329
961.790034,1,0,0,0,1523.32849,-895.8000000000084
961.990032,1,0,0,0,1523.32717,-897.1200000000863
962.19003,1,0,0,0,1523.32848,-895.8100000002105
962.390028,1,0,0,0,1523.32792,-896.3700000001609
962.590026,1,0,0,0,1523.32848,-895.8100000002105
962.790024,1,0,0,0,1523.32603,-898.2600000001639
962.990021,1,0,0,0,1523.32848,-895.8100000002105
963.190019,1,0,0,0,1523.32678,-897.5100000000111
963.390017,1,0,0,0,1523.32489,-899.4000000000142
963.590015,1,0,0,0,1523.32848,-895.8100000002105
963.790013,1,0,0,0,1523.32847,-895.8200000001852
963.990012,1,0,0,0,1523.32847,-895.8200000001852
964.190009,1,0,0,0,1523.32885,-895.4400000000078
964.390007,1,0,0,0,1523.32791,-896.3800000001356
964.590005,1,0,0,0,1523.32791,-896.3800000001356
964.790003,1,0,0,0,1523.32885,-895.4400000000078
964.990001,1,0,0,0,1523.32753,-896.7600000000857
965.189999,1,0,0,0,1523.32847,-895.8200000001852
965.389997,1,0,0,0,1523.32753,-896.7600000000857
965.589995,1,0,0,0,1523.32791,-896.3800000001356
965.789993,1,0,0,0,1523.32847,-895.8200000001852
965.989991,1,0,0,0,1523.32678,-897.5100000000111
966.189988,1,0,0,0,1523.32791,-896.3800000001356
966.389986,1,0,0,0,1523.32847,-895.8200000001852
966.589984,1,0,0,0,1523.32791,-896.3800000001356
966.789983,1,0,0,0,1523.33036,-893.9300000001822
966.98998,1,0,0,0,1523.32847,-895.8200000001852
967.189978,1,0,0,0,1523.33036,-893.9300000001822
967.389976,1,0,0,0,1523.32847,-895.8200000001852
967.589974,1,0,0,0,1523.33036,-893.9300000001822
967.789972,1,0,0,0,1523.32923,-895.0600000000577
967.98997,1,0,0,0,1523.3296,-894.6900000000824
968.189968,1,0,0,0,1523.33149,-892.8000000000793
968.389966,1,0,0,0,1523.33036,-893.9300000001822
968.589963,1,0,0,0,1523.3279,-896.3900000001104
968.789962,1,0,0,0,1523.3296,-894.6900000000824
968.989959,1,0,0,0,1523.3296,-894.6900000000824
969.189957,1,0,0,0,1523.33035,-893.9400000001569
969.389955,1,0,0,0,1523.3296,-894.6900000000824
969.589953,1,0,0,0,1523.32884,-895.4500000002099
969.789951,1,0,0,0,1523.32847,-895.8200000001852
969.989949,1,0,0,0,1523.32677,-897.5200000002133
970.189947,1,0,0,0,1523.33148,-892.8100000000541
970.389945,1,0,0,0,1523.33035,-893.9400000001569
970.589943,1,0,0,0,1523.32846,-895.83000000016
970.789941,1,0,0,0,1523.32884,-895.4500000002099
970.989939,1,0,0,0,1523.33035,-893.9400000001569
971.189937,1,0,0,0,1523.32885,-895.4400000000078
971.389935,1,0,0,0,1523.3296,-894.6900000000824
971.589932,1,0,0,0,1523.32847,-895.8200000001852
971.78993,1,0,0,0,1523.33036,-893.9300000001822
971.989928,1,0,0,0,1523.33225,-892.0400000001791
972.189926,1,0,0,0,1523.33225,-892.0400000001791
972.389924,1,0,0,0,1523.32885,-895.4400000000078
972.589922,1,0,0,0,1523.33036,-893.9300000001822
972.78992,1,0,0,0,1523.33113,-893.1600000000799
972.989918,1,0,0,0,1523.32962,-894.6700000001329
973.189916,1,0,0,0,1523.32962,-894.6700000001329
973.389914,1,0,0,0,1523.33037,-893.9200000002074
973.589912,1,0,0,0,1523.3315,-892.7900000001046
973.78991,1,0,0,0,1523.32849,-895.8000000000084
973.989908,1,0,0,0,1523.32792,-896.3700000001609
974.189906,1,0,0,0,1523.32849,-895.8000000000084
974.389904,1,0,0,0,1523.32792,-896.3700000001609
974.589901,1,0,0,0,1523.32718,-897.1100000001115
974.789899,1,0,0,0,1523.32793,-896.3600000001861
974.989897,1,0,0,0,1523.32849,-895.8000000000084
975.189895,1,0,0,0,1523.32887,-895.4200000000583
975.389893,1,0,0,0,1523.32718,-897.1100000001115
975.589891,1,0,0,0,1523.32793,-896.3600000001861
975.789889,1,0,0,0,1523.3285,-895.7900000000336
975.989887,1,0,0,0,1523.3285,-895.7900000000336
976.189885,1,0,0,0,1523.32849,-895.8000000000084
976.389883,1,0,0,0,1523.3268,-897.4900000000616
976.589881,1,0,0,0,1523.32793,-896.3600000001861
976.789879,1,0,0,0,1523.3268,-897.4900000000616
976.989877,1,0,0,0,1523.32849,-895.8000000000084
977.189875,1,0,0,0,1523.32963,-894.6600000001581
977.389873,1,0,0,0,1523.32755,-896.7400000001362
977.58987,1,0,0,0,1523.3268,-897.4900000000616
977.789868,1,0,0,0,1523.32963,-894.6600000001581
977.989866,1,0,0,0,1523.32604,-898.2500000001892
978.189864,1,0,0,0,1523.32925,-895.0400000001082
978.389862,1,0,0,0,1523.32963,-894.6600000001581
978.58986,1,0,0,0,1523.32849,-895.8000000000084
978.789858,1,0,0,0,1523.32962,-894.6700000001329
978.989856,1,0,0,0,1523.32962,-894.6700000001329
979.189854,1,0,0,0,1523.32962,-894.6700000001329
979.389852,1,0,0,0,1523.32792,-896.3700000001609
979.58985,1,0,0,0,1523.32849,-895.8000000000084
979.789848,1,0,0,0,1523.32887,-895.4200000000583
979.989846,1,0,0,0,1523.32792,-896.3700000001609
980.189843,1,0,0,0,1523.32962,-894.6700000001329
980.389841,1,0,0,0,1523.32962,-894.6700000001329
980.589839,1,0,0,0,1523.33151,-892.7800000001298
980.789837,1,0,0,0,1523.32962,-894.6700000001329
980.989835,1,0,0,0,1523.32962,-894.6700000001329
981.189833,1,0,0,0,1523.33076,-893.5300000000552
981.389831,1,0,0,0,1523.33151,-892.7800000001298
981.589829,1,0,0,0,1523.33321,-891.0800000001018
981.789827,1,0,0,0,1523.33038,-893.9100000000053
981.989825,1,0,0,0,1523.33,-894.2900000001828
982.189823,1,0,0,0,1523.33038,-893.9100000000053
982.389821,1,0,0,0,1523.32849,-895.8000000000084
982.589819,1,0,0,0,1523.32754,-896.750000000111
982.789817,1,0,0,0,1523.33226,-892.0300000002044
982.989815,1,0,0,0,1523.33038,-893.9100000000053
983.189812,1,0,0,0,1523.32849,-895.8000000000084
983.38981,1,0,0,0,1523.32962,-894.6700000001329
983.589808,1,0,0,0,1523.32716,-897.130000000061
983.789806,1,0,0,0,1523.32792,-896.3700000001609
983.989804,1,0,0,0,1523.32848,-895.8100000002105
984.189802,1,0,0,0,1523.32792,-896.3700000001609
984.3898,1,0,0,0,1523.32603,-898.2600000001639
984.589798,1,0,0,0,1523.32754,-896.750000000111
984.789796,1,0,0,0,1523.32603,-898.2600000001639
984.989794,1,0,0,0,1523.33037,-893.9200000002074
985.189792,1,0,0,0,1523.32792,-896.3700000001609
985.38979,1,0,0,0,1523.32792,-896.3700000001609
985.589788,1,0,0,0,1523.32792,-896.3700000001609
985.789786,1,0,0,0,1523.32923,-895.0600000000577
985.989784,1,0,0,0,1523.32792,-896.3700000001609
986.189781,1,0,0,0,1523.32792,-896.3700000001609
986.389779,1,0,0,0,1523.33037,-893.9200000002074
986.589777,1,0,0,0,1523.32848,-895.8100000002105
986.789775,1,0,0,0,1523.32678,-897.5100000000111
986.989773,1,0,0,0,1523.32792,-896.3700000001609
987.189771,1,0,0,0,1523.32848,-895.8100000002105
987.389769,1,0,0,0,1523.32848,-895.8100000002105
987.589767,1,0,0,0,1523.32886,-895.430000000033
987.789765,1,0,0,0,1523.32848,-895.8100000002105
987.989763,1,0,0,0,1523.32848,-895.8100000002105
988.189761,1,0,0,0,1523.32848,-895.8100000002105
988.389759,1,0,0,0,1523.32961,-894.6800000001076
988.589757,1,0,0,0,1523.32754,-896.750000000111
988.789754,1,0,0,0,1523.32961,-894.6800000001076
988.989752,1,0,0,0,1523.32791,-896.3800000001356
989.18975,1,0,0,0,1523.33037,-893.9200000002074
989.389748,1,0,0,0,1523.33037,-893.9200000002074
989.589746,1,0,0,0,1523.32603,-898.2600000001639
989.789744,1,0,0,0,1523.32791,-896.3800000001356
989.989742,1,0,0,0,1523.32848,-895.8100000002105
990.18974,1,0,0,0,1523.32603,-898.2600000001639
990.389738,1,0,0,0,1523.3315,-892.7900000001046
990.589736,1,0,0,0,1523.32961,-894.6800000001076
990.789734,1,0,0,0,1523.32848,-895.8100000002105
990.989732,1,0,0,0,1523.33113,-893.1600000000799
991.189729,1,0,0,0,1523.32679,-897.5000000000364
991.389728,1,0,0,0,1523.32962,-894.6700000001329
991.589726,1,0,0,0,1523.32962,-894.6700000001329
991.789723,1,0,0,0,1523.32793,-896.3600000001861
991.989721,1,0,0,0,1523.32962,-894.6700000001329
992.189719,1,0,0,0,1523.32793,-896.3600000001861
992.389717,1,0,0,0,1523.32962,-894.6700000001329
992.589715,1,0,0,0,1523.33151,-892.7800000001298
992.789713,1,0,0,0,1523.3268,-897.4900000000616
992.989711,1,0,0,0,1523.3268,-897.4900000000616
993.189709,1,0,0,0,1523.32793,-896.3600000001861
993.389707,1,0,0,0,1523.32793,-896.3600000001861
993.589705,1,0,0,0,1523.32963,-894.6600000001581
993.789703,1,0,0,0,1523.3268,-897.4900000000616
993.989701,1,0,0,0,1523.3268,-897.4900000000616
994.189699,1,0,0,0,1523.32491,-899.3800000000647
994.389697,1,0,0,0,1523.32604,-898.2500000001892
994.589694,1,0,0,0,1523.32491,-899.3800000000647
994.789692,1,0,0,0,1523.32792,-896.3700000001609
994.989691,1,0,0,0,1523.32604,-898.2500000001892
995.189688,1,0,0,0,1523.32717,-897.1200000000863
995.389686,1,0,0,0,1523.32679,-897.5000000000364
995.589684,1,0,0,0,1523.32679,-897.5000000000364
995.789682,1,0,0,0,1523.32604,-898.2500000001892
995.98968,1,0,0,0,1523.32566,-898.6300000001393
996.189678,1,0,0,0,1523.32604,-898.2500000001892
996.389676,1,0,0,0,1523.32604,-898.2500000001892
996.589674,1,0,0,0,1523.32792,-896.3700000001609
996.789672,1,0,0,0,1523.32415,-900.1400000001922
996.98967,1,0,0,0,1523.32528,-899.0100000000893
997.189667,1,0,0,0,1523.32604,-898.2500000001892
997.389666,1,0,0,0,1523.32792,-896.3700000001609
997.589663,1,0,0,0,1523.32717,-897.1200000000863
997.789661,1,0,0,0,1523.32604,-898.2500000001892
997.989659,1,0,0,0,1523.32679,-897.5000000000364
998.189657,1,0,0,0,1523.32792,-896.3700000001609
998.389655,1,0,0,0,1523.32679,-897.5000000000364
998.589653,1,0,0,0,1523.32566,-898.6300000001393
998.789651,1,0,0,0,1523.32887,-895.4200000000583
998.989649,1,0,0,0,1523.32754,-896.750000000111
999.189647,1,0,0,0,1523.32603,-898.2600000001639
999.389645,1,0,0,0,1523.32415,-900.1400000001922
999.589643,1,0,0,0,1523.32679,-897.5000000000364
999.78964,1,0,0,0,1523.32717,-897.1200000000863
999.989638,1,0,0,0,1523.32792,-896.3700000001609
1000.189636,1,0,0,0,1523.32679,-897.5000000000364
1000.389634,1,0,0,0,1523.32849,-895.8000000000084
1000.589632,1,0,0,0,1523.32566,-898.6300000001393
1000.78963,1,0,0,0,1523.32849,-895.8000000000084
1000.989628,1,0,0,0,1523.32792,-896.3700000001609
1001.189626,1,0,0,0,1523.32566,-898.6300000001393
1001.389624,1,0,0,0,1523.32849,-895.8000000000084
1001.589622,1,0,0,0,1523.32679,-897.5000000000364
1001.78962,1,0,0,0,1523.32717,-897.1200000000863
1001.989618,1,0,0,0,1523.32849,-895.8000000000084
1002.189616,1,0,0,0,1523.32849,-895.8000000000084
1002.389614,1,0,0,0,1523.32887,-895.4200000000583
1002.589612,1,0,0,0,1523.32604,-898.2500000001892
1002.789609,1,0,0,0,1523.32755,-896.7400000001362
1002.989608,1,0,0,0,1523.32755,-896.7400000001362
1003.189605,1,0,0,0,1523.32603,-898.2600000001639
1003.389603,1,0,0,0,1523.32679,-897.5000000000364
1003.589601,1,0,0,0,1523.32962,-894.6700000001329
1003.789599,1,0,0,0,1523.32679,-897.5000000000364
1003.989597,1,0,0,0,1523.32962,-894.6700000001329
1004.189595,1,0,0,0,1523.32754,-896.750000000111
1004.389593,1,0,0,0,1523.32848,-895.8100000002105
1004.589591,1,0,0,0,1523.32679,-897.5000000000364
1004.789589,1,0,0,0,1523.32716,-897.130000000061
1004.989587,1,0,0,0,1523.32603,-898.2600000001639
1005.189585,1,0,0,0,1523.32603,-898.2600000001639
1005.389583,1,0,0,0,1523.32848,-895.8100000002105
1005.589581,1,0,0,0,1523.32414,-900.150000000167
1005.789578,1,0,0,0,1523.32678,-897.5100000000111
1005.989576,1,0,0,0,1523.32319,-901.1000000000422
1006.189574,1,0,0,0,1523.32338,-900.9100000000672
1006.389572,1,0,0,0,1523.32413,-900.1600000001417
1006.58957,1,0,0,0,1523.32602,-898.2700000001387
1006.789568,1,0,0,0,1523.32413,-900.1600000001417
1006.989566,1,0,0,0,1523.32677,-897.5200000002133
1007.189564,1,0,0,0,1523.32489,-899.4000000000142
1007.389562,1,0,0,0,1523.3279,-896.3900000001104
1007.58956,1,0,0,0,1523.32489,-899.4000000000142
1007.789558,1,0,0,0,1523.32526,-899.0300000000389
1007.989556,1,0,0,0,1523.32489,-899.4000000000142
1008.189555,1,0,0,0,1523.32752,-896.7700000000605
1008.389551,1,0,0,0,1523.32564,-898.6500000000888
1008.58955,1,0,0,0,1523.32413,-900.1600000001417
1008.789547,1,0,0,0,1523.32488,-899.4100000002163
1008.989545,1,0,0,0,1523.32601,-898.2800000001134
1009.189543,1,0,0,0,1523.3279,-896.3900000001104
1009.389541,1,0,0,0,1523.32677,-897.5200000002133
1009.589539,1,0,0,0,1523.32601,-898.2800000001134
1009.789537,1,0,0,0,1523.32677,-897.5200000002133
1009.989535,1,0,0,0,1523.3279,-896.3900000001104
1010.189533,1,0,0,0,1523.32677,-897.5200000002133
1010.389531,1,0,0,0,1523.3279,-896.3900000001104
1010.589529,1,0,0,0,1523.32677,-897.5200000002133
1010.789527,1,0,0,0,1523.32677,-897.5200000002133
1010.989525,1,0,0,0,1523.32677,-897.5200000002133
1011.189523,1,0,0,0,1523.32526,-899.0300000000389
1011.389521,1,0,0,0,1523.32678,-897.5100000000111
1011.589518,1,0,0,0,1523.32489,-899.4000000000142
1011.789516,1,0,0,0,1523.32602,-898.2700000001387
1011.989514,1,0,0,0,1523.32791,-896.3800000001356
1012.189512,1,0,0,0,1523.32678,-897.5100000000111
1012.38951,1,0,0,0,1523.32603,-898.2600000001639
1012.589508,1,0,0,0,1523.32754,-896.750000000111
1012.789506,1,0,0,0,1523.32791,-896.3800000001356
1012.989504,1,0,0,0,1523.32886,-895.430000000033
1013.189502,1,0,0,0,1523.32791,-896.3800000001356
1013.3895,1,0,0,0,1523.32678,-897.5100000000111
1013.589498,1,0,0,0,1523.32678,-897.5100000000111
1013.789496,1,0,0,0,1523.32716,-897.130000000061
1013.989494,1,0,0,0,1523.32678,-897.5100000000111
1014.189492,1,0,0,0,1523.32678,-897.5100000000111
1014.38949,1,0,0,0,1523.32848,-895.8100000002105
1014.589487,1,0,0,0,1523.32754,-896.750000000111
1014.789485,1,0,0,0,1523.32848,-895.8100000002105
1014.989483,1,0,0,0,1523.32678,-897.5100000000111
1015.189481,1,0,0,0,1523.32527,-899.0200000000641
1015.389479,1,0,0,0,1523.32679,-897.5000000000364
1015.589477,1,0,0,0,1523.32792,-896.3700000001609
1015.789475,1,0,0,0,1523.32962,-894.6700000001329
1015.989473,1,0,0,0,1523.32528,-899.0100000000893
1016.189471,1,0,0,0,1523.32679,-897.5000000000364
1016.389469,1,0,0,0,1523.32603,-898.2600000001639
1016.589467,1,0,0,0,1523.32717,-897.1200000000863
1016.789464,1,0,0,0,1523.32415,-900.1400000001922
1016.989463,1,0,0,0,1523.32679,-897.5000000000364
1017.189461,1,0,0,0,1523.32679,-897.5000000000364
1017.389458,1,0,0,0,1523.32566,-898.6300000001393
1017.589456,1,0,0,0,1523.32603,-898.2600000001639
1017.789454,1,0,0,0,1523.32415,-900.1400000001922
1017.989452,1,0,0,0,1523.3249,-899.3900000000394
1018.18945,1,0,0,0,1523.32415,-900.1400000001922
1018.389448,1,0,0,0,1523.32603,-898.2600000001639
1018.589446,1,0,0,0,1523.32603,-898.2600000001639
1018.789444,1,0,0,0,1523.32679,-897.5000000000364
1018.989442,1,0,0,0,1523.32415,-900.1400000001922
1019.18944,1,0,0,0,1523.32603,-898.2600000001639
1019.389438,1,0,0,0,1523.3249,-899.3900000000394
1019.589436,1,0,0,0,1523.32491,-899.3800000000647
1019.789433,1,0,0,0,1523.32679,-897.5000000000364
1019.989432,1,0,0,0,1523.32679,-897.5000000000364
1020.189429,1,0,0,0,1523.32491,-899.3800000000647
1020.389427,1,0,0,0,1523.3268,-897.4900000000616
1020.589425,1,0,0,0,1523.32604,-898.2500000001892
1020.789423,1,0,0,0,1523.32793,-896.3600000001861
1020.989421,1,0,0,0,1523.3268,-897.4900000000616
1021.189419,1,0,0,0,1523.32378,-900.5100000001676
1021.389417,1,0,0,0,1523.3268,-897.4900000000616
1021.589415,1,0,0,0,1523.3268,-897.4900000000616
1021.789413,1,0,0,0,1523.32717,-897.1200000000863
1021.989411,1,0,0,0,1523.32415,-900.1400000001922
1022.189409,1,0,0,0,1523.3268,-897.4900000000616
1022.389407,1,0,0,0,1523.3268,-897.4900000000616
1022.589405,1,0,0,0,1523.32717,-897.1200000000863
1022.789402,1,0,0,0,1523.32604,-898.2500000001892
1022.9894,1,0,0,0,1523.32793,-896.3600000001861
1023.189398,1,0,0,0,1523.32793,-896.3600000001861
1023.389396,1,0,0,0,1523.32717,-897.1200000000863
1023.589394,1,0,0,0,1523.32849,-895.8000000000084
1023.789392,1,0,0,0,1523.32604,-898.2500000001892
1023.98939,1,0,0,0,1523.32717,-897.1200000000863
1024.189388,1,0,0,0,1523.32962,-894.6700000001329
1024.389386,1,0,0,0,1523.32792,-896.3700000001609
1024.589384,1,0,0,0,1523.32603,-898.2600000001639
1024.789382,1,0,0,0,1523.32603,-898.2600000001639
1024.98938,1,0,0,0,1523.32792,-896.3700000001609
1025.189378,1,0,0,0,1523.32679,-897.5000000000364
1025.389376,1,0,0,0,1523.32848,-895.8100000002105
1025.589373,1,0,0,0,1523.32848,-895.8100000002105
1025.789371,1,0,0,0,1523.32962,-894.6700000001329
1025.98937,1,0,0,0,1523.32848,-895.8100000002105
1026.189367,1,0,0,0,1523.32678,-897.5100000000111
1026.389365,1,0,0,0,1523.32848,-895.8100000002105
1026.589363,1,0,0,0,1523.32792,-896.3700000001609
1026.789361,1,0,0,0,1523.32603,-898.2600000001639
1026.989359,1,0,0,0,1523.32791,-896.3800000001356
1027.189357,1,0,0,0,1523.32961,-894.6800000001076
1027.389355,1,0,0,0,1523.32753,-896.7600000000857
1027.589353,1,0,0,0,1523.32489,-899.4000000000142
1027.789351,1,0,0,0,1523.32678,-897.5100000000111
1027.989349,1,0,0,0,1523.32791,-896.3800000001356
1028.189347,1,0,0,0,1523.32753,-896.7600000000857
1028.389344,1,0,0,0,1523.32602,-898.2700000001387
1028.589342,1,0,0,0,1523.32791,-896.3800000001356
1028.78934,1,0,0,0,1523.32489,-899.4000000000142
1028.989338,1,0,0,0,1523.32414,-900.150000000167
1029.189336,1,0,0,0,1523.32602,-898.2700000001387
1029.389334,1,0,0,0,1523.32677,-897.5200000002133
1029.589332,1,0,0,0,1523.32715,-897.1400000000358
1029.78933,1,0,0,0,1523.32602,-898.2700000001387
1029.989328,1,0,0,0,1523.32564,-898.6500000000888
1030.189326,1,0,0,0,1523.32677,-897.5200000002133
1030.389324,1,0,0,0,1523.32791,-896.3800000001356
1030.589322,1,0,0,0,1523.32677,-897.5200000002133
1030.78932,1,0,0,0,1523.32677,-897.5200000002133
1030.989318,1,0,0,0,1523.32753,-896.7600000000857
1031.189316,1,0,0,0,1523.32564,-898.6500000000888
1031.389313,1,0,0,0,1523.32753,-896.7600000000857
1031.589311,1,0,0,0,1523.32602,-898.2700000001387
1031.789309,1,0,0,0,1523.32601,-898.2800000001134
1031.989307,1,0,0,0,1523.32677,-897.5200000002133
1032.189305,1,0,0,0,1523.33035,-893.9400000001569
1032.389303,1,0,0,0,1523.32601,-898.2800000001134
1032.589301,1,0,0,0,1523.32489,-899.4000000000142
1032.789299,1,0,0,0,1523.32677,-897.5200000002133
1032.989297,1,0,0,0,1523.3279,-896.3900000001104
1033.189295,1,0,0,0,1523.32847,-895.8200000001852
1033.389293,1,0,0,0,1523.32677,-897.5200000002133
1033.589291,1,0,0,0,1523.32847,-895.8200000001852
1033.789289,1,0,0,0,1523.32602,-898.2700000001387
1033.989287,1,0,0,0,1523.32602,-898.2700000001387
1034.189285,1,0,0,0,1523.32677,-897.5200000002133
1034.389282,1,0,0,0,1523.32791,-896.3800000001356
1034.58928,1,0,0,0,1523.32885,-895.4400000000078
1034.789278,1,0,0,0,1523.32791,-896.3800000001356
1034.989277,1,0,0,0,1523.32677,-897.5200000002133
1035.189274,1,0,0,0,1523.32677,-897.5200000002133
1035.389272,1,0,0,0,1523.32602,-898.2700000001387
1035.58927,1,0,0,0,1523.32885,-895.4400000000078
1035.789268,1,0,0,0,1523.32847,-895.8200000001852
1035.989266,1,0,0,0,1523.3296,-894.6900000000824
1036.189264,1,0,0,0,1523.32847,-895.8200000001852
1036.389262,1,0,0,0,1523.3296,-894.6900000000824
1036.58926,1,0,0,0,1523.32847,-895.8200000001852
1036.789258,1,0,0,0,1523.32847,-895.8200000001852
1036.989256,1,0,0,0,1523.3279,-896.3900000001104
1037.189254,1,0,0,0,1523.32677,-897.5200000002133
1037.389251,1,0,0,0,1523.3279,-896.3900000001104
1037.589249,1,0,0,0,1523.32961,-894.6800000001076
1037.789247,1,0,0,0,1523.32961,-894.6800000001076
1037.989245,1,0,0,0,1523.33036,-893.9300000001822
1038.189243,1,0,0,0,1523.32961,-894.6800000001076
1038.389241,1,0,0,0,1523.32961,-894.6800000001076
1038.589239,1,0,0,0,1523.32961,-894.6800000001076
1038.789237,1,0,0,0,1523.32848,-895.8100000002105
1038.989235,1,0,0,0,1523.32848,-895.8100000002105
1039.189233,1,0,0,0,1523.32924,-895.050000000083
1039.389231,1,0,0,0,1523.33037,-893.9200000002074
1039.589229,1,0,0,0,1523.32717,-897.1200000000863
1039.789227,1,0,0,0,1523.32792,-896.3700000001609
1039.989224,1,0,0,0,1523.32849,-895.8000000000084
1040.189222,1,0,0,0,1523.32887,-895.4200000000583
1040.38922,1,0,0,0,1523.32528,-899.0100000000893
1040.589218,1,0,0,0,1523.32792,-896.3700000001609
1040.789216,1,0,0,0,1523.32849,-895.8000000000084
1040.989214,1,0,0,0,1523.32849,-895.8000000000084
1041.189212,1,0,0,0,1523.32849,-895.8000000000084
1041.38921,1,0,0,0,1523.32792,-896.3700000001609
1041.589208,1,0,0,0,1523.3249,-899.3900000000394
1041.789206,1,0,0,0,1523.32679,-897.5000000000364
1041.989204,1,0,0,0,1523.32679,-897.5000000000364
1042.189202,1,0,0,0,1523.32603,-898.2600000001639
1042.3892,1,0,0,0,1523.32603,-898.2600000001639
1042.589198,1,0,0,0,1523.32754,-896.750000000111
1042.789196,1,0,0,0,1523.32565,-898.640000000114
1042.989193,1,0,0,0,1523.32962,-894.6700000001329
1043.189191,1,0,0,0,1523.32792,-896.3700000001609
1043.389189,1,0,0,0,1523.32792,-896.3700000001609
1043.589187,1,0,0,0,1523.32603,-898.2600000001639
1043.789185,1,0,0,0,1523.32754,-896.750000000111
1043.989183,1,0,0,0,1523.32849,-895.8000000000084
1044.189181,1,0,0,0,1523.32849,-895.8000000000084
1044.389179,1,0,0,0,1523.32717,-897.1200000000863
1044.589177,1,0,0,0,1523.32755,-896.7400000001362
1044.789175,1,0,0,0,1523.32849,-895.8000000000084
1044.989173,1,0,0,0,1523.32963,-894.6600000001581
1045.189171,1,0,0,0,1523.32755,-896.7400000001362
1045.389169,1,0,0,0,1523.3268,-897.4900000000616
1045.589166,1,0,0,0,1523.32604,-898.2500000001892
1045.789164,1,0,0,0,1523.32793,-896.3600000001861
1045.989162,1,0,0,0,1523.32849,-895.8000000000084
1046.18916,1,0,0,0,1523.32717,-897.1200000000863
1046.389158,1,0,0,0,1523.32887,-895.4200000000583
1046.589156,1,0,0,0,1523.32679,-897.5000000000364
1046.789154,1,0,0,0,1523.32849,-895.8000000000084
1046.989152,1,0,0,0,1523.32849,-895.8000000000084
1047.18915,1,0,0,0,1523.32603,-898.2600000001639
1047.389148,1,0,0,0,1523.33037,-893.9200000002074
1047.589146,1,0,0,0,1523.32811,-896.1800000001858
1047.789144,1,0,0,0,1523.32679,-897.5000000000364
1047.989142,1,0,0,0,1523.32962,-894.6700000001329
1048.18914,1,0,0,0,1523.32792,-896.3700000001609
1048.389138,1,0,0,0,1523.32678,-897.5100000000111
1048.589135,1,0,0,0,1523.32792,-896.3700000001609
1048.789133,1,0,0,0,1523.32848,-895.8100000002105
1048.989131,1,0,0,0,1523.32602,-898.2700000001387
1049.189129,1,0,0,0,1523.32961,-894.6800000001076
1049.389127,1,0,0,0,1523.32961,-894.6800000001076
1049.589125,1,0,0,0,1523.32848,-895.8100000002105
1049.789123,1,0,0,0,1523.32678,-897.5100000000111
1049.989121,1,0,0,0,1523.32791,-896.3800000001356
1050.189119,1,0,0,0,1523.33036,-893.9300000001822
1050.389117,1,0,0,0,1523.32678,-897.5100000000111
1050.589115,1,0,0,0,1523.32961,-894.6800000001076
1050.789113,1,0,0,0,1523.32678,-897.5100000000111
1050.98911,1,0,0,0,1523.32848,-895.8100000002105
1051.189109,1,0,0,0,1523.32602,-898.2700000001387
1051.389107,1,0,0,0,1523.32678,-897.5100000000111
1051.589104,1,0,0,0,1523.32678,-897.5100000000111
1051.789102,1,0,0,0,1523.32603,-898.2600000001639
1051.9891,1,0,0,0,1523.32791,-896.3800000001356
1052.189098,1,0,0,0,1523.32603,-898.2600000001639
1052.389096,1,0,0,0,1523.32678,-897.5100000000111
1052.589094,1,0,0,0,1523.32678,-897.5100000000111
1052.789092,1,0,0,0,1523.32527,-899.0200000000641
1052.98909,1,0,0,0,1523.32791,-896.3800000001356
1053.189088,1,0,0,0,1523.32319,-901.1000000000422
1053.389086,1,0,0,0,1523.32678,-897.5100000000111
1053.589084,1,0,0,0,1523.32565,-898.640000000114
1053.789082,1,0,0,0,1523.32791,-896.3800000001356
1053.989079,1,0,0,0,1523.32716,-897.130000000061
1054.189077,1,0,0,0,1523.32848,-895.8100000002105
1054.389075,1,0,0,0,1523.32678,-897.5100000000111
1054.589074,1,0,0,0,1523.32678,-897.5100000000111
1054.789071,1,0,0,0,1523.32923,-895.0600000000577
1054.989069,1,0,0,0,1523.32791,-896.3800000001356
1055.189067,1,0,0,0,1523.32489,-899.4000000000142
1055.389065,1,0,0,0,1523.32489,-899.4000000000142
1055.589063,1,0,0,0,1523.32489,-899.4000000000142
1055.789061,1,0,0,0,1523.32791,-896.3800000001356
1055.989059,1,0,0,0,1523.32678,-897.5100000000111
1056.189057,1,0,0,0,1523.32602,-898.2700000001387
1056.389055,1,0,0,0,1523.32848,-895.8100000002105
1056.589053,1,0,0,0,1523.32923,-895.0600000000577
1056.789051,1,0,0,0,1523.32848,-895.8100000002105
1056.989048,1,0,0,0,1523.32791,-896.3800000001356
1057.189046,1,0,0,0,1523.32848,-895.8100000002105
1057.389044,1,0,0,0,1523.32792,-896.3700000001609
1057.589042,1,0,0,0,1523.33037,-893.9200000002074
1057.78904,1,0,0,0,1523.32792,-896.3700000001609
1057.989038,1,0,0,0,1523.33037,-893.9200000002074
1058.189036,1,0,0,0,1523.32792,-896.3700000001609
1058.389034,1,0,0,0,1523.32792,-896.3700000001609
1058.589032,1,0,0,0,1523.32792,-896.3700000001609
1058.78903,1,0,0,0,1523.33075,-893.54000000003
1058.989028,1,0,0,0,1523.32962,-894.6700000001329
1059.189026,1,0,0,0,1523.32793,-896.3600000001861
1059.389024,1,0,0,0,1523.32849,-895.8000000000084
1059.589022,1,0,0,0,1523.32604,-898.2500000001892
1059.78902,1,0,0,0,1523.3268,-897.4900000000616
1059.989017,1,0,0,0,1523.32963,-894.6600000001581
1060.189015,1,0,0,0,1523.32849,-895.8000000000084
1060.389014,1,0,0,0,1523.33227,-892.0200000000023
1060.589011,1,0,0,0,1523.33152,-892.770000000155
1060.789009,1,0,0,0,1523.33039,-893.9000000000306
1060.989007,1,0,0,0,1523.32963,-894.6600000001581
1061.189005,1,0,0,0,1523.32963,-894.6600000001581
1061.389003,1,0,0,0,1523.3285,-895.7900000000336
1061.589001,1,0,0,0,1523.32964,-894.6500000001834
1061.788999,1,0,0,0,1523.3268,-897.4900000000616
1061.988997,1,0,0,0,1523.32605,-898.2400000002144
1062.188995,1,0,0,0,1523.32963,-894.6600000001581
1062.388993,1,0,0,0,1523.33039,-893.9000000000306
1062.58899,1,0,0,0,1523.32794,-896.3500000002114
1062.788989,1,0,0,0,1523.32963,-894.6600000001581
1062.988986,1,0,0,0,1523.32793,-896.3600000001861
1063.188984,1,0,0,0,1523.32963,-894.6600000001581
1063.388983,1,0,0,0,1523.33152,-892.770000000155
1063.58898,1,0,0,0,1523.32888,-895.4100000000835
1063.788978,1,0,0,0,1523.32849,-895.8000000000084
1063.988976,1,0,0,0,1523.32925,-895.0400000001082
1064.188974,1,0,0,0,1523.32925,-895.0400000001082
1064.388972,1,0,0,0,1523.32849,-895.8000000000084
1064.58897,1,0,0,0,1523.3268,-897.4900000000616
1064.788968,1,0,0,0,1523.32793,-896.3600000001861
1064.988966,1,0,0,0,1523.32793,-896.3600000001861
1065.188964,1,0,0,0,1523.32416,-900.1300000002175
1065.388962,1,0,0,0,1523.32925,-895.0400000001082
1065.58896,1,0,0,0,1523.32718,-897.1100000001115
1065.788957,1,0,0,0,1523.3285,-895.7900000000336
1065.988955,1,0,0,0,1523.32604,-898.2500000001892
1066.188953,1,0,0,0,1523.32605,-898.2400000002144
1066.388951,1,0,0,0,1523.32793,-896.3600000001861
1066.588949,1,0,0,0,1523.3268,-897.4900000000616
1066.788947,1,0,0,0,1523.32793,-896.3600000001861
1066.988945,1,0,0,0,1523.32793,-896.3600000001861
1067.188943,1,0,0,0,1523.32793,-896.3600000001861
1067.388941,1,0,0,0,1523.3285,-895.7900000000336
1067.588939,1,0,0,0,1523.32793,-896.3600000001861
1067.788937,1,0,0,0,1523.32793,-896.3600000001861
1067.988935,1,0,0,0,1523.32925,-895.0400000001082
1068.188933,1,0,0,0,1523.32793,-896.3600000001861
1068.388931,1,0,0,0,1523.32793,-896.3600000001861
1068.588928,1,0,0,0,1523.32793,-896.3600000001861
1068.788926,1,0,0,0,1523.33038,-893.9100000000053
1068.988924,1,0,0,0,1523.33038,-893.9100000000053
1069.188922,1,0,0,0,1523.32755,-896.7400000001362
1069.38892,1,0,0,0,1523.32962,-894.6700000001329
1069.588918,1,0,0,0,1523.32886,-895.430000000033
1069.788916,1,0,0,0,1523.33037,-893.9200000002074
1069.988914,1,0,0,0,1523.32679,-897.5000000000364
1070.188912,1,0,0,0,1523.32603,-898.2600000001639
1070.38891,1,0,0,0,1523.32962,-894.6700000001329
1070.588908,1,0,0,0,1523.32793,-896.3600000001861
1070.788906,1,0,0,0,1523.32849,-895.8000000000084
1070.988904,1,0,0,0,1523.32849,-895.8000000000084
1071.188901,1,0,0,0,1523.32963,-894.6600000001581
1071.3889,1,0,0,0,1523.33038,-893.9100000000053
1071.588897,1,0,0,0,1523.32963,-894.6600000001581
1071.788896,1,0,0,0,1523.32755,-896.7400000001362
1071.988893,1,0,0,0,1523.33113,-893.1600000000799
1072.188891,1,0,0,0,1523.32849,-895.8000000000084
1072.388889,1,0,0,0,1523.32925,-895.0400000001082
1072.588887,1,0,0,0,1523.33038,-893.9100000000053
1072.788885,1,0,0,0,1523.32886,-895.430000000033
1072.988883,1,0,0,0,1523.33037,-893.9200000002074
1073.188881,1,0,0,0,1523.32849,-895.8000000000084
1073.388879,1,0,0,0,1523.32792,-896.3700000001609
1073.588877,1,0,0,0,1523.32716,-897.130000000061
1073.788875,1,0,0,0,1523.3315,-892.7900000001046
1073.988873,1,0,0,0,1523.32848,-895.8100000002105
1074.188871,1,0,0,0,1523.3315,-892.7900000001046
1074.388868,1,0,0,0,1523.32886,-895.430000000033
1074.588866,1,0,0,0,1523.32886,-895.430000000033
1074.788864,1,0,0,0,1523.32792,-896.3700000001609
1074.988862,1,0,0,0,1523.32962,-894.6700000001329
1075.18886,1,0,0,0,1523.32962,-894.6700000001329
1075.388858,1,0,0,0,1523.33037,-893.9200000002074
1075.588856,1,0,0,0,1523.32962,-894.6700000001329
1075.788854,1,0,0,0,1523.32792,-896.3700000001609
1075.988852,1,0,0,0,1523.32849,-895.8000000000084
1076.18885,1,0,0,0,1523.32849,-895.8000000000084
1076.388848,1,0,0,0,1523.33038,-893.9100000000053
1076.588845,1,0,0,0,1523.32792,-896.3700000001609
1076.788844,1,0,0,0,1523.32849,-895.8000000000084
1076.988842,1,0,0,0,1523.3268,-897.4900000000616
1077.188839,1,0,0,0,1523.3268,-897.4900000000616
1077.388837,1,0,0,0,1523.32604,-898.2500000001892
1077.588835,1,0,0,0,1523.32963,-894.6600000001581
1077.788833,1,0,0,0,1523.3268,-897.4900000000616
1077.988831,1,0,0,0,1523.33038,-893.9100000000053
1078.188829,1,0,0,0,1523.3285,-895.7900000000336
1078.388827,1,0,0,0,1523.3285,-895.7900000000336
1078.588825,1,0,0,0,1523.3285,-895.7900000000336
1078.788823,1,0,0,0,1523.32793,-896.3600000001861
1078.988821,1,0,0,0,1523.3285,-895.7900000000336
1079.188819,1,0,0,0,1523.3285,-895.7900000000336
1079.388817,1,0,0,0,1523.3268,-897.4900000000616
1079.588814,1,0,0,0,1523.32888,-895.4100000000835
1079.788813,1,0,0,0,1523.3285,-895.7900000000336
1079.988811,1,0,0,0,1523.3285,-895.7900000000336
1080.188808,1,0,0,0,1523.32793,-896.3600000001861
1080.388806,1,0,0,0,1523.33152,-892.770000000155
1080.588804,1,0,0,0,1523.3285,-895.7900000000336
1080.788802,1,0,0,0,1523.3285,-895.7900000000336
1080.9888,1,0,0,0,1523.32963,-894.6600000001581
1081.188798,1,0,0,0,1523.33038,-893.9100000000053
1081.388796,1,0,0,0,1523.32793,-896.3600000001861
1081.588794,1,0,0,0,1523.32793,-896.3600000001861
1081.788792,1,0,0,0,1523.32604,-898.2500000001892
1081.98879,1,0,0,0,1523.32793,-896.3600000001861
1082.188788,1,0,0,0,1523.33038,-893.9100000000053
1082.388786,1,0,0,0,1523.33038,-893.9100000000053
1082.588784,1,0,0,0,1523.33076,-893.5300000000552
1082.788782,1,0,0,0,1523.32793,-896.3600000001861
1082.98878,1,0,0,0,1523.32755,-896.7400000001362
1083.188777,1,0,0,0,1523.32925,-895.0400000001082
1083.388775,1,0,0,0,1523.33038,-893.9100000000053
1083.588773,1,0,0,0,1523.32962,-894.6700000001329
1083.788771,1,0,0,0,1523.33038,-893.9100000000053
1083.988769,1,0,0,0,1523.32925,-895.0400000001082
1084.188767,1,0,0,0,1523.32962,-894.6700000001329
1084.388765,1,0,0,0,1523.33038,-893.9100000000053
1084.588763,1,0,0,0,1523.33038,-893.9100000000053
1084.788761,1,0,0,0,1523.33321,-891.0800000001018
1084.988759,1,0,0,0,1523.32963,-894.6600000001581
1085.188757,1,0,0,0,1523.33227,-892.0200000000023
1085.388755,1,0,0,0,1523.32963,-894.6600000001581
1085.588753,1,0,0,0,1523.33283,-891.4600000000519
1085.78875,1,0,0,0,1523.33038,-893.9100000000053
1085.988748,1,0,0,0,1523.33227,-892.0200000000023
1086.188746,1,0,0,0,1523.32794,-896.3500000002114
1086.388744,1,0,0,0,1523.32963,-894.6600000001581
1086.588742,1,0,0,0,1523.33152,-892.770000000155
1086.78874,1,0,0,0,1523.32889,-895.4000000001088
1086.988738,1,0,0,0,1523.33077,-893.5200000000805
1087.188736,1,0,0,0,1523.33398,-890.3099999999995
1087.388734,1,0,0,0,1523.33228,-892.0100000000275
1087.588732,1,0,0,0,1523.32965,-894.6400000002086
1087.78873,1,0,0,0,1523.33153,-892.7600000001803
1087.988728,1,0,0,0,1523.33153,-892.7600000001803
1088.188725,1,0,0,0,1523.33078,-893.5100000001057
1088.388724,1,0,0,0,1523.32965,-894.6400000002086
1088.588722,1,0,0,0,1523.33078,-893.5100000001057
1088.788719,1,0,0,0,1523.33154,-892.7500000002055
1088.988717,1,0,0,0,1523.3289,-895.390000000134
1089.188715,1,0,0,0,1523.32852,-895.7700000000841
1089.388713,1,0,0,0,1523.32852,-895.7700000000841
1089.588711,1,0,0,0,1523.32889,-895.4000000001088
1089.788709,1,0,0,0,1523.3304,-893.8900000000558
1089.988707,1,0,0,0,1523.32795,-896.3400000000092
1090.188705,1,0,0,0,1523.32795,-896.3400000000092
1090.388703,1,0,0,0,1523.3304,-893.8900000000558
1090.588701,1,0,0,0,1523.32965,-894.6400000002086
1090.788699,1,0,0,0,1523.3304,-893.8900000000558
1090.988697,1,0,0,0,1523.33153,-892.7600000001803
1091.188695,1,0,0,0,1523.32964,-894.6500000001834
1091.388692,1,0,0,0,1523.3304,-893.8900000000558
1091.588691,1,0,0,0,1523.3304,-893.8900000000558
1091.788688,1,0,0,0,1523.32964,-894.6500000001834
1091.988686,1,0,0,0,1523.3304,-893.8900000000558
1092.188684,1,0,0,0,1523.32851,-895.7800000000589
1092.388682,1,0,0,0,1523.32795,-896.3400000000092
1092.58868,1,0,0,0,1523.3304,-893.8900000000558
1092.788678,1,0,0,0,1523.3304,-893.8900000000558
1092.988676,1,0,0,0,1523.32795,-896.3400000000092
1093.188674,1,0,0,0,1523.32965,-894.6400000002086
1093.388672,1,0,0,0,1523.33116,-893.1300000001556
1093.58867,1,0,0,0,1523.3304,-893.8900000000558
1093.788668,1,0,0,0,1523.3304,-893.8900000000558
1093.988666,1,0,0,0,1523.32852,-895.7700000000841
1094.188664,1,0,0,0,1523.3304,-893.8900000000558
1094.388661,1,0,0,0,1523.32965,-894.6400000002086
1094.58866,1,0,0,0,1523.32965,-894.6400000002086
1094.788657,1,0,0,0,1523.33229,-892.0000000000528
1094.988655,1,0,0,0,1523.32965,-894.6400000002086
1095.188653,1,0,0,0,1523.32965,-894.6400000002086
1095.388651,1,0,0,0,1523.33154,-892.7500000002055
1095.588649,1,0,0,0,1523.32852,-895.7700000000841
1095.788647,1,0,0,0,1523.32795,-896.3400000000092
1095.988645,1,0,0,0,1523.33116,-893.1300000001556
1096.188643,1,0,0,0,1523.32758,-896.710000000212
1096.388641,1,0,0,0,1523.33116,-893.1300000001556
1096.588639,1,0,0,0,1523.33041,-893.880000000081
1096.788636,1,0,0,0,1523.33229,-892.0000000000528
1096.988635,1,0,0,0,1523.32965,-894.6400000002086
1097.188632,1,0,0,0,1523.33154,-892.7500000002055
1097.38863,1,0,0,0,1523.33153,-892.7600000001803
1097.588629,1,0,0,0,1523.32964,-894.6500000001834
1097.788626,1,0,0,0,1523.3304,-893.8900000000558
1097.988624,1,0,0,0,1523.32964,-894.6500000001834
1098.188622,1,0,0,0,1523.33228,-892.0100000000275
1098.38862,1,0,0,0,1523.33228,-892.0100000000275
1098.588618,1,0,0,0,1523.33228,-892.0100000000275
1098.788616,1,0,0,0,1523.33228,-892.0100000000275
1098.988614,1,0,0,0,1523.32851,-895.7800000000589
1099.188612,1,0,0,0,1523.33229,-892.0000000000528
1099.38861,1,0,0,0,1523.33153,-892.7600000001803
1099.588608,1,0,0,0,1523.33323,-891.0600000001523
1099.788605,1,0,0,0,1523.33399,-890.3000000000247
1099.988604,1,0,0,0,1523.33229,-892.0000000000528
1100.188601,1,0,0,0,1523.32965,-894.6400000002086
1100.388599,1,0,0,0,1523.33229,-892.0000000000528
1100.588597,1,0,0,0,1523.33437,-889.9200000000747
1100.788595,1,0,0,0,1523.33154,-892.7500000002055
1100.988593,1,0,0,0,1523.33154,-892.7500000002055
1101.188591,1,0,0,0,1523.33154,-892.7500000002055
1101.388589,1,0,0,0,1523.32965,-894.6400000002086
1101.588587,1,0,0,0,1523.33154,-892.7500000002055
1101.788585,1,0,0,0,1523.32965,-894.6400000002086
1101.988583,1,0,0,0,1523.32965,-894.6400000002086
1102.188581,1,0,0,0,1523.33154,-892.7500000002055
1102.388579,1,0,0,0,1523.33153,-892.7600000001803
1102.588577,1,0,0,0,1523.33078,-893.5100000001057
1102.788574,1,0,0,0,1523.33229,-892.0000000000528
1102.988572,1,0,0,0,1523.32965,-894.6400000002086
1103.18857,1,0,0,0,1523.33078,-893.5100000001057
1103.388568,1,0,0,0,1523.33153,-892.7600000001803
1103.588566,1,0,0,0,1523.32852,-895.7700000000841
1103.788564,1,0,0,0,1523.32965,-894.6400000002086
1103.988562,1,0,0,0,1523.32965,-894.6400000002086
1104.18856,1,0,0,0,1523.33041,-893.880000000081
1104.388558,1,0,0,0,1523.33154,-892.7500000002055
1104.588556,1,0,0,0,1523.33229,-892.0000000000528
1104.788554,1,0,0,0,1523.33267,-891.6200000001027
1104.988552,1,0,0,0,1523.33079,-893.500000000131
1105.18855,1,0,0,0,1523.33399,-890.3000000000247
1105.388548,1,0,0,0,1523.33324,-891.0500000001775
1105.588546,1,0,0,0,1523.3323,-891.990000000078
1105.788543,1,0,0,0,1523.3323,-891.990000000078
1105.988541,1,0,0,0,1523.3323,-891.990000000078
1106.188539,1,0,0,0,1523.33154,-892.7500000002055
1106.388537,1,0,0,0,1523.3323,-891.990000000078
1106.588535,1,0,0,0,1523.3323,-891.990000000078
1106.788533,1,0,0,0,1523.33286,-891.4300000001276
1106.988531,1,0,0,0,1523.33324,-891.0500000001775
1107.188529,1,0,0,0,1523.33287,-891.4200000001529
1107.388527,1,0,0,0,1523.33154,-892.7500000002055
1107.588525,1,0,0,0,1523.33513,-889.1600000001745
1107.788523,1,0,0,0,1523.33268,-891.6100000001279
1107.988521,1,0,0,0,1523.33286,-891.4300000001276
1108.188519,1,0,0,0,1523.33513,-889.1600000001745
1108.388517,1,0,0,0,1523.33324,-891.0500000001775
1108.588515,1,0,0,0,1523.33267,-891.6200000001027
1108.788512,1,0,0,0,1523.33324,-891.0500000001775
1108.98851,1,0,0,0,1523.33513,-889.1600000001745
1109.188508,1,0,0,0,1523.3323,-891.990000000078
1109.388506,1,0,0,0,1523.33399,-890.3000000000247
1109.588504,1,0,0,0,1523.33154,-892.7500000002055
1109.788502,1,0,0,0,1523.33155,-892.7400000000034
1109.9885,1,0,0,0,1523.33324,-891.0500000001775
1110.188498,1,0,0,0,1523.3323,-891.990000000078
1110.388496,1,0,0,0,1523.3323,-891.990000000078
1110.588494,1,0,0,0,1523.33514,-889.1500000001997
1110.788492,1,0,0,0,1523.334,-890.29000000005
1110.98849,1,0,0,0,1523.33514,-889.1500000001997
1111.188488,1,0,0,0,1523.33438,-889.9100000000999
1111.388485,1,0,0,0,1523.33269,-891.6000000001532
1111.588483,1,0,0,0,1523.33401,-890.2800000000752
1111.788481,1,0,0,0,1523.33514,-889.1500000001997
1111.988479,1,0,0,0,1523.33401,-890.2800000000752
1112.188477,1,0,0,0,1523.33401,-890.2800000000752
1112.388475,1,0,0,0,1523.33552,-888.7700000000223
1112.588473,1,0,0,0,1523.33325,-891.0400000002028
1112.788471,1,0,0,0,1523.33401,-890.2800000000752
1112.988469,1,0,0,0,1523.33231,-891.9800000001032
1113.188467,1,0,0,0,1523.33325,-891.0400000002028
1113.388465,1,0,0,0,1523.33401,-890.2800000000752
1113.588463,1,0,0,0,1523.33269,-891.6000000001532
1113.788462,1,0,0,0,1523.33043,-893.8600000001315
1113.988459,1,0,0,0,1523.33231,-891.9800000001032
1114.188457,1,0,0,0,1523.33231,-891.9800000001032
1114.388454,1,0,0,0,1523.33269,-891.6000000001532
1114.588453,1,0,0,0,1523.33118,-893.1100000002061
1114.78845,1,0,0,0,1523.33232,-891.9700000001285
1114.988448,1,0,0,0,1523.3359,-888.3900000000722
1115.188446,1,0,0,0,1523.33326,-891.0300000000007
1115.388444,1,0,0,0,1523.33515,-889.1399999999976
1115.588442,1,0,0,0,1523.33156,-892.7300000000287
1115.78844,1,0,0,0,1523.33232,-891.9700000001285
1115.988438,1,0,0,0,1523.33439,-889.9000000001251
1116.188436,1,0,0,0,1523.3359,-888.3900000000722
1116.388434,1,0,0,0,1523.33326,-891.0300000000007
1116.588432,1,0,0,0,1523.33402,-890.2700000001005
1116.78843,1,0,0,0,1523.33119,-893.100000000004
1116.988428,1,0,0,0,1523.33591,-888.3800000000974
1117.188426,1,0,0,0,1523.33515,-889.1399999999976
1117.388423,1,0,0,0,1523.33289,-891.4000000002034
1117.588421,1,0,0,0,1523.33326,-891.0300000000007
1117.788419,1,0,0,0,1523.33515,-889.1399999999976
1117.988417,1,0,0,0,1523.33515,-889.1399999999976
1118.188415,1,0,0,0,1523.33515,-889.1399999999976
1118.388413,1,0,0,0,1523.33439,-889.9000000001251
1118.588411,1,0,0,0,1523.33326,-891.0300000000007
1118.788409,1,0,0,0,1523.33326,-891.0300000000007
1118.988407,1,0,0,0,1523.3359,-888.3900000000722
1119.188405,1,0,0,0,1523.33515,-889.1399999999976
1119.388403,1,0,0,0,1523.33703,-887.2600000001967
1119.588401,1,0,0,0,1523.33591,-888.3800000000974
1119.788399,1,0,0,0,1523.33515,-889.1399999999976
1119.988397,1,0,0,0,1523.33647,-887.820000000147
1120.188395,1,0,0,0,1523.33704,-887.2500000002219
1120.388392,1,0,0,0,1523.33327,-891.0200000000259
1120.58839,1,0,0,0,1523.33403,-890.2600000001257
1120.788389,1,0,0,0,1523.33648,-887.8100000001723
1120.988386,1,0,0,0,1523.3344,-889.8900000001504
1121.188384,1,0,0,0,1523.33705,-887.2400000000198
1121.388382,1,0,0,0,1523.33403,-890.2600000001257
1121.58838,1,0,0,0,1523.33516,-889.1300000000228
1121.788378,1,0,0,0,1523.33516,-889.1300000000228
1121.988376,1,0,0,0,1523.33592,-888.3700000001227
1122.188374,1,0,0,0,1523.33705,-887.2400000000198
1122.388372,1,0,0,0,1523.33479,-889.4999999999982
1122.58837,1,0,0,0,1523.33516,-889.1300000000228
1122.788368,1,0,0,0,1523.33648,-887.8100000001723
1122.988366,1,0,0,0,1523.33516,-889.1300000000228
1123.188364,1,0,0,0,1523.33516,-889.1300000000228
1123.388361,1,0,0,0,1523.33516,-889.1300000000228
1123.58836,1,0,0,0,1523.33705,-887.2400000000198
1123.788357,1,0,0,0,1523.33705,-887.2400000000198
1123.988355,1,0,0,0,1523.33818,-886.1100000001443
1124.188353,1,0,0,0,1523.33516,-889.1300000000228
1124.388351,1,0,0,0,1523.33837,-885.9200000001692
1124.588349,1,0,0,0,1523.33874,-885.5500000001939
1124.788347,1,0,0,0,1523.33591,-888.3800000000974
1124.988345,1,0,0,0,1523.33705,-887.2400000000198
1125.188343,1,0,0,0,1523.33762,-886.6700000000947
1125.388341,1,0,0,0,1523.3363,-887.9900000001726
1125.588339,1,0,0,0,1523.33705,-887.2400000000198
1125.788337,1,0,0,0,1523.33516,-889.1300000000228
1125.988334,1,0,0,0,1523.33328,-891.0100000000511
1126.188332,1,0,0,0,1523.33404,-890.250000000151
1126.38833,1,0,0,0,1523.33404,-890.250000000151
1126.588328,1,0,0,0,1523.33328,-891.0100000000511
1126.788326,1,0,0,0,1523.33328,-891.0100000000511
1126.988324,1,0,0,0,1523.33404,-890.250000000151
1127.188322,1,0,0,0,1523.33328,-891.0100000000511
1127.38832,1,0,0,0,1523.33479,-889.4999999999982
1127.588318,1,0,0,0,1523.33404,-890.250000000151
1127.788316,1,0,0,0,1523.3348,-889.4900000000234
1127.988314,1,0,0,0,1523.33442,-889.8700000002009
1128.188312,1,0,0,0,1523.33404,-890.250000000151
1128.388309,1,0,0,0,1523.33518,-889.1100000000733
1128.588308,1,0,0,0,1523.33518,-889.1100000000733
1128.788306,1,0,0,0,1523.33593,-888.3600000001479
1128.988303,1,0,0,0,1523.33518,-889.1100000000733
1129.188301,1,0,0,0,1523.33593,-888.3600000001479
1129.388299,1,0,0,0,1523.33329,-891.0000000000764
1129.588297,1,0,0,0,1523.3348,-889.4900000000234
1129.788295,1,0,0,0,1523.3365,-887.7900000002228
1129.988293,1,0,0,0,1523.33518,-889.1100000000733
1130.188291,1,0,0,0,1523.33518,-889.1100000000733
1130.388289,1,0,0,0,1523.33593,-888.3600000001479
1130.588287,1,0,0,0,1523.33404,-890.250000000151
1130.788285,1,0,0,0,1523.33518,-889.1100000000733
1130.988283,1,0,0,0,1523.33763,-886.6600000001199
1131.188281,1,0,0,0,1523.33594,-888.3500000001732
1131.388279,1,0,0,0,1523.33594,-888.3500000001732
1131.588277,1,0,0,0,1523.33763,-886.6600000001199
1131.788274,1,0,0,0,1523.33594,-888.3500000001732
1131.988272,1,0,0,0,1523.33707,-887.2200000000703
1132.18827,1,0,0,0,1523.33707,-887.2200000000703
1132.388268,1,0,0,0,1523.33764,-886.6500000001452
1132.588266,1,0,0,0,1523.33594,-888.3500000001732
1132.788264,1,0,0,0,1523.33877,-885.5200000000423
1132.988262,1,0,0,0,1523.33594,-888.3500000001732
1133.18826,1,0,0,0,1523.33877,-885.5200000000423
1133.388258,1,0,0,0,1523.33594,-888.3500000001732
1133.588256,1,0,0,0,1523.33406,-890.2300000002015
1133.788254,1,0,0,0,1523.33519,-889.1000000000986
1133.988252,1,0,0,0,1523.33594,-888.3500000001732
1134.18825,1,0,0,0,1523.33708,-887.2100000000955
1134.388248,1,0,0,0,1523.3384,-885.8900000000176
1134.588246,1,0,0,0,1523.33877,-885.5200000000423
1134.788243,1,0,0,0,1523.33595,-888.3400000001984
1134.988241,1,0,0,0,1523.33877,-885.5200000000423
1135.188239,1,0,0,0,1523.33444,-889.850000000024
1135.388237,1,0,0,0,1523.33708,-887.2100000000955
1135.588235,1,0,0,0,1523.33708,-887.2100000000955
1135.788233,1,0,0,0,1523.33595,-888.3400000001984
1135.988231,1,0,0,0,1523.33877,-885.5200000000423
1136.188229,1,0,0,0,1523.33764,-886.6500000001452
1136.388227,1,0,0,0,1523.33594,-888.3500000001732
1136.588225,1,0,0,0,1523.33953,-884.7600000001421
1136.788223,1,0,0,0,1523.33632,-887.9700000002231
1136.988221,1,0,0,0,1523.33707,-887.2200000000703
1137.188219,1,0,0,0,1523.33707,-887.2200000000703
1137.388216,1,0,0,0,1523.3365,-887.7900000002228
1137.588214,1,0,0,0,1523.33764,-886.6500000001452
1137.788213,1,0,0,0,1523.33594,-888.3500000001732
1137.98821,1,0,0,0,1523.33594,-888.3500000001732
1138.188208,1,0,0,0,1523.33594,-888.3500000001732
1138.388206,1,0,0,0,1523.33594,-888.3500000001732
1138.588204,1,0,0,0,1523.33594,-888.3500000001732
1138.788202,1,0,0,0,1523.33707,-887.2200000000703
1138.9882,1,0,0,0,1523.33594,-888.3500000001732
1139.188198,1,0,0,0,1523.33405,-890.2400000001762
1139.388196,1,0,0,0,1523.33235,-891.9400000002042
1139.588194,1,0,0,0,1523.33518,-889.1100000000733
1139.788192,1,0,0,0,1523.3365,-887.7900000002228
1139.988189,1,0,0,0,1523.33518,-889.1100000000733
1140.188188,1,0,0,0,1523.33594,-888.3500000001732
1140.388186,1,0,0,0,1523.33594,-888.3500000001732
1140.588184,1,0,0,0,1523.33764,-886.6500000001452
1140.788181,1,0,0,0,1523.33519,-889.1000000000986
1140.988179,1,0,0,0,1523.33519,-889.1000000000986
1141.188177,1,0,0,0,1523.33594,-888.3500000001732
1141.388175,1,0,0,0,1523.33651,-887.7800000000207
1141.588173,1,0,0,0,1523.33708,-887.2100000000955
1141.788171,1,0,0,0,1523.33406,-890.2300000002015
1141.988169,1,0,0,0,1523.33765,-886.6400000001704
1142.188167,1,0,0,0,1523.33708,-887.2100000000955
1142.388165,1,0,0,0,1523.3352,-889.0900000001238
1142.588163,1,0,0,0,1523.33652,-887.7700000000459
1142.788161,1,0,0,0,1523.33708,-887.2100000000955
1142.988159,1,0,0,0,1523.3352,-889.0900000001238
1143.188156,1,0,0,0,1523.33765,-886.6400000001704
1143.388154,1,0,0,0,1523.33651,-887.7800000000207
1143.588152,1,0,0,0,1523.33878,-885.5100000000675
1143.78815,1,0,0,0,1523.33519,-889.1000000000986
1143.988148,1,0,0,0,1523.33708,-887.2100000000955
1144.188146,1,0,0,0,1523.33765,-886.6400000001704
1144.388144,1,0,0,0,1523.33708,-887.2100000000955
1144.588142,1,0,0,0,1523.33765,-886.6400000001704
1144.78814,1,0,0,0,1523.33953,-884.7600000001421
1144.988138,1,0,0,0,1523.33764,-886.6500000001452
1145.188136,1,0,0,0,1523.33651,-887.7800000000207
1145.388134,1,0,0,0,1523.33878,-885.5100000000675
1145.588132,1,0,0,0,1523.33651,-887.7800000000207
1145.78813,1,0,0,0,1523.33405,-890.2400000001762
1145.988128,1,0,0,0,1523.33707,-887.2200000000703
1146.188125,1,0,0,0,1523.33443,-889.8599999999988
1146.388124,1,0,0,0,1523.33707,-887.2200000000703
1146.588121,1,0,0,0,1523.33707,-887.2200000000703
1146.788119,1,0,0,0,1523.33594,-888.3500000001732
1146.988117,1,0,0,0,1523.33953,-884.7600000001421
1147.188115,1,0,0,0,1523.33764,-886.6500000001452
1147.388113,1,0,0,0,1523.33708,-887.2100000000955
1147.588111,1,0,0,0,1523.33708,-887.2100000000955
1147.788109,1,0,0,0,1523.33765,-886.6400000001704
1147.988107,1,0,0,0,1523.33595,-888.3400000001984
1148.188105,1,0,0,0,1523.33878,-885.5100000000675
1148.388103,1,0,0,0,1523.34067,-883.6200000000645
1148.588101,1,0,0,0,1523.33708,-887.2100000000955
1148.788099,1,0,0,0,1523.33822,-886.0700000000179
1148.988096,1,0,0,0,1523.33954,-884.7500000001673
1149.188094,1,0,0,0,1523.33878,-885.5100000000675
1149.388092,1,0,0,0,1523.33878,-885.5100000000675
1149.58809,1,0,0,0,1523.33765,-886.6400000001704
1149.788088,1,0,0,0,1523.33953,-884.7600000001421
1149.988086,1,0,0,0,1523.33953,-884.7600000001421
1150.188084,1,0,0,0,1523.33765,-886.6400000001704
1150.388082,1,0,0,0,1523.33708,-887.2100000000955
1150.58808,1,0,0,0,1523.33764,-886.6500000001452
1150.788078,1,0,0,0,1523.33708,-887.2100000000955
1150.988076,1,0,0,0,1523.33878,-885.5100000000675
1151.188074,1,0,0,0,1523.33595,-888.3400000001984
1151.388072,1,0,0,0,1523.3384,-885.8900000000176
1151.588069,1,0,0,0,1523.33444,-889.850000000024
1151.788068,1,0,0,0,1523.33519,-889.1000000000986
1151.988065,1,0,0,0,1523.33595,-888.3400000001984
1152.188063,1,0,0,0,1523.33633,-887.960000000021
1152.388061,1,0,0,0,1523.33595,-888.3400000001984
1152.588059,1,0,0,0,1523.33878,-885.5100000000675
1152.788057,1,0,0,0,1523.33765,-886.6400000001704
1152.988055,1,0,0,0,1523.33406,-890.2300000002015
1153.188053,1,0,0,0,1523.33519,-889.1000000000986
1153.388051,1,0,0,0,1523.33765,-886.6400000001704
1153.588049,1,0,0,0,1523.33595,-888.3400000001984
1153.788047,1,0,0,0,1523.33595,-888.3400000001984
1153.988045,1,0,0,0,1523.3352,-889.0900000001238
1154.188043,1,0,0,0,1523.33878,-885.5100000000675
1154.388041,1,0,0,0,1523.33708,-887.2100000000955
1154.588039,1,0,0,0,1523.33652,-887.7700000000459
1154.788036,1,0,0,0,1523.33708,-887.2100000000955
1154.988034,1,0,0,0,1523.33708,-887.2100000000955
1155.188032,1,0,0,0,1523.33595,-888.3400000001984
1155.38803,1,0,0,0,1523.33878,-885.5100000000675
1155.588028,1,0,0,0,1523.33878,-885.5100000000675
1155.788026,1,0,0,0,1523.33709,-887.2000000001208
1155.988024,1,0,0,0,1523.33765,-886.6400000001704
1156.188022,1,0,0,0,1523.33878,-885.5100000000675
1156.38802,1,0,0,0,1523.33765,-886.6400000001704
1156.588018,1,0,0,0,1523.3352,-889.0900000001238
1156.788016,1,0,0,0,1523.33954,-884.7500000001673
1156.988014,1,0,0,0,1523.33709,-887.2000000001208
1157.188012,1,0,0,0,1523.33482,-889.4700000000739
1157.38801,1,0,0,0,1523.33595,-888.3400000001984
1157.588007,1,0,0,0,1523.34067,-883.6200000000645
1157.788005,1,0,0,0,1523.33595,-888.3400000001984
1157.988003,1,0,0,0,1523.33954,-884.7500000001673
1158.188001,1,0,0,0,1523.33709,-887.2000000001208
1158.388,1,0,0,0,1523.33765,-886.6400000001704
1158.587997,1,0,0,0,1523.33954,-884.7500000001673
1158.787995,1,0,0,0,1523.33991,-884.380000000192
1158.987993,1,0,0,0,1523.33765,-886.6400000001704
1159.187991,1,0,0,0,1523.33953,-884.7600000001421
1159.387989,1,0,0,0,1523.33953,-884.7600000001421
1159.587987,1,0,0,0,1523.34067,-883.6200000000645
1159.787985,1,0,0,0,1523.33821,-886.08000000022
1159.987983,1,0,0,0,1523.34067,-883.6200000000645
1160.187981,1,0,0,0,1523.33708,-887.2100000000955
1160.387979,1,0,0,0,1523.33708,-887.2100000000955
1160.587976,1,0,0,0,1523.34067,-883.6200000000645
1160.787975,1,0,0,0,1523.34142,-882.870000000139
1160.987972,1,0,0,0,1523.34237,-881.9200000000365
1161.18797,1,0,0,0,1523.33821,-886.08000000022
1161.387968,1,0,0,0,1523.34199,-882.3000000002139
1161.587966,1,0,0,0,1523.34067,-883.6200000000645
1161.787964,1,0,0,0,1523.3384,-885.8900000000176
1161.987962,1,0,0,0,1523.34067,-883.6200000000645
1162.18796,1,0,0,0,1523.33764,-886.6500000001452
1162.387958,1,0,0,0,1523.34066,-883.6300000000392
1162.587956,1,0,0,0,1523.34028,-884.0100000002167
1162.787954,1,0,0,0,1523.33991,-884.380000000192
1162.987952,1,0,0,0,1523.33953,-884.7600000001421
1163.18795,1,0,0,0,1523.33708,-887.2100000000955
1163.387948,1,0,0,0,1523.33595,-888.3400000001984
1163.587945,1,0,0,0,1523.33708,-887.2100000000955
1163.787944,1,0,0,0,1523.33594,-888.3500000001732
1163.987941,1,0,0,0,1523.33877,-885.5200000000423
1164.187939,1,0,0,0,1523.33632,-887.9700000002231
1164.387937,1,0,0,0,1523.33651,-887.7800000000207
1164.587935,1,0,0,0,1523.33651,-887.7800000000207
1164.787933,1,0,0,0,1523.33632,-887.9700000002231
1164.987931,1,0,0,0,1523.33764,-886.6500000001452
1165.187929,1,0,0,0,1523.33953,-884.7600000001421
1165.387927,1,0,0,0,1523.33877,-885.5200000000423
1165.587925,1,0,0,0,1523.33708,-887.2100000000955
1165.787923,1,0,0,0,1523.33632,-887.9700000002231
1165.987921,1,0,0,0,1523.33708,-887.2100000000955
1166.187919,1,0,0,0,1523.33764,-886.6500000001452
1166.387917,1,0,0,0,1523.33878,-885.5100000000675
1166.587914,1,0,0,0,1523.33764,-886.6500000001452
1166.787913,1,0,0,0,1523.33878,-885.5100000000675
1166.98791,1,0,0,0,1523.33708,-887.2100000000955
1167.187908,1,0,0,0,1523.33953,-884.7600000001421
1167.387906,1,0,0,0,1523.33877,-885.5200000000423
1167.587904,1,0,0,0,1523.33877,-885.5200000000423
1167.787902,1,0,0,0,1523.33877,-885.5200000000423
1167.9879,1,0,0,0,1523.33708,-887.2100000000955
1168.187898,1,0,0,0,1523.33953,-884.7600000001421
1168.387896,1,0,0,0,1523.33877,-885.5200000000423
1168.587894,1,0,0,0,1523.33765,-886.6400000001704
1168.787892,1,0,0,0,1523.34029,-884.0000000000146
1168.98789,1,0,0,0,1523.33821,-886.08000000022
1169.187887,1,0,0,0,1523.33878,-885.5100000000675
1169.387886,1,0,0,0,1523.3384,-885.8900000000176
1169.587883,1,0,0,0,1523.34067,-883.6200000000645
1169.787881,1,0,0,0,1523.33953,-884.7600000001421
1169.987879,1,0,0,0,1523.34142,-882.870000000139
1170.187877,1,0,0,0,1523.33953,-884.7600000001421
1170.387875,1,0,0,0,1523.33596,-888.3300000002237
1170.587873,1,0,0,0,1523.33841,-885.8800000000429
1170.787871,1,0,0,0,1523.33954,-884.7500000001673
1170.987869,1,0,0,0,1523.34067,-883.6200000000645
1171.187867,1,0,0,0,1523.34067,-883.6200000000645
1171.387865,1,0,0,0,1523.34237,-881.9200000000365
1171.587862,1,0,0,0,1523.34067,-883.6200000000645
1171.787861,1,0,0,0,1523.33916,-885.1300000001174
1171.987859,1,0,0,0,1523.34067,-883.6200000000645
1172.187856,1,0,0,0,1523.34067,-883.6200000000645
1172.387854,1,0,0,0,1523.34029,-884.0000000000146
1172.587852,1,0,0,0,1523.33841,-885.8800000000429
1172.78785,1,0,0,0,1523.33878,-885.5100000000675
1172.987848,1,0,0,0,1523.33954,-884.7500000001673
1173.187846,1,0,0,0,1523.33954,-884.7500000001673
1173.387844,1,0,0,0,1523.33878,-885.5100000000675
1173.587842,1,0,0,0,1523.34142,-882.870000000139
1173.78784,1,0,0,0,1523.33878,-885.5100000000675
1173.987838,1,0,0,0,1523.33878,-885.5100000000675
1174.187836,1,0,0,0,1523.34067,-883.6200000000645
1174.387834,1,0,0,0,1523.33954,-884.7500000001673
1174.587831,1,0,0,0,1523.3418,-882.490000000189
1174.787829,1,0,0,0,1523.3418,-882.490000000189
1174.987828,1,0,0,0,1523.33878,-885.5100000000675
1175.187825,1,0,0,0,1523.33879,-885.5000000000928
1175.387823,1,0,0,0,1523.33954,-884.7500000001673
1175.587821,1,0,0,0,1523.33766,-886.6300000001957
1175.787819,1,0,0,0,1523.33766,-886.6300000001957
1175.987817,1,0,0,0,1523.33879,-885.5000000000928
1176.187815,1,0,0,0,1523.33653,-887.7600000000712
1176.387813,1,0,0,0,1523.33596,-888.3300000002237
1176.587811,1,0,0,0,1523.33709,-887.2000000001208
1176.787809,1,0,0,0,1523.33879,-885.5000000000928
1176.987807,1,0,0,0,1523.33709,-887.2000000001208
1177.187805,1,0,0,0,1523.33879,-885.5000000000928
1177.387803,1,0,0,0,1523.33879,-885.5000000000928
1177.587801,1,0,0,0,1523.33879,-885.5000000000928
1177.787798,1,0,0,0,1523.33879,-885.5000000000928
1177.987796,1,0,0,0,1523.33766,-886.6300000001957
1178.187794,1,0,0,0,1523.33879,-885.5000000000928
1178.387792,1,0,0,0,1523.33596,-888.3300000002237
1178.58779,1,0,0,0,1523.33955,-884.7400000001926
1178.787788,1,0,0,0,1523.33955,-884.7400000001926
1178.987786,1,0,0,0,1523.33842,-885.8700000000681
1179.187784,1,0,0,0,1523.33634,-887.9500000000462
1179.387782,1,0,0,0,1523.3388,-885.490000000118
1179.58778,1,0,0,0,1523.33955,-884.7400000001926
1179.787778,1,0,0,0,1523.33767,-886.6200000002209
1179.987776,1,0,0,0,1523.33823,-886.0600000000431
1180.187774,1,0,0,0,1523.3388,-885.490000000118
1180.387772,1,0,0,0,1523.33956,-884.7300000002178
1180.58777,1,0,0,0,1523.3388,-885.490000000118
1180.787767,1,0,0,0,1523.34069,-883.600000000115
1180.987765,1,0,0,0,1523.3371,-887.190000000146
1181.187763,1,0,0,0,1523.3388,-885.490000000118
1181.387761,1,0,0,0,1523.33824,-886.0500000000684
1181.587759,1,0,0,0,1523.33956,-884.7300000002178
1181.787757,1,0,0,0,1523.3388,-885.490000000118
1181.987755,1,0,0,0,1523.3388,-885.490000000118
1182.187753,1,0,0,0,1523.33994,-884.3500000000404
1182.387751,1,0,0,0,1523.33654,-887.7500000000964
1182.587749,1,0,0,0,1523.33956,-884.7300000002178
1182.787747,1,0,0,0,1523.34182,-882.4700000000121
1182.987745,1,0,0,0,1523.34069,-883.600000000115
1183.187743,1,0,0,0,1523.34069,-883.600000000115
1183.38774,1,0,0,0,1523.33955,-884.7400000001926
1183.587739,1,0,0,0,1523.34068,-883.6100000000897
1183.787737,1,0,0,0,1523.34068,-883.6100000000897
1183.987734,1,0,0,0,1523.3388,-885.490000000118
1184.187732,1,0,0,0,1523.33955,-884.7400000001926
1184.38773,1,0,0,0,1523.34144,-882.8500000001895
1184.587728,1,0,0,0,1523.34069,-883.600000000115
1184.787726,1,0,0,0,1523.34144,-882.8500000001895
1184.987724,1,0,0,0,1523.34069,-883.600000000115
1185.187722,1,0,0,0,1523.33955,-884.7400000001926
1185.38772,1,0,0,0,1523.33993,-884.3600000000151
1185.587718,1,0,0,0,1523.33955,-884.7400000001926
1185.787716,1,0,0,0,1523.34069,-883.600000000115
1185.987714,1,0,0,0,1523.33955,-884.7400000001926
1186.187711,1,0,0,0,1523.34144,-882.8500000001895
1186.387709,1,0,0,0,1523.34069,-883.600000000115
1186.587708,1,0,0,0,1523.34069,-883.600000000115
1186.787705,1,0,0,0,1523.3388,-885.490000000118
1186.987703,1,0,0,0,1523.3388,-885.490000000118
1187.187701,1,0,0,0,1523.34068,-883.6100000000897
1187.387699,1,0,0,0,1523.33955,-884.7400000001926
1187.587697,1,0,0,0,1523.34068,-883.6100000000897
1187.787695,1,0,0,0,1523.34068,-883.6100000000897
1187.987693,1,0,0,0,1523.33766,-886.6300000001957
1188.187691,1,0,0,0,1523.33955,-884.7400000001926
1188.387689,1,0,0,0,1523.33879,-885.5000000000928
1188.587687,1,0,0,0,1523.33879,-885.5000000000928
1188.787685,1,0,0,0,1523.33879,-885.5000000000928
1188.987683,1,0,0,0,1523.33766,-886.6300000001957
1189.187681,1,0,0,0,1523.3371,-887.190000000146
1189.387679,1,0,0,0,1523.34069,-883.600000000115
1189.587676,1,0,0,0,1523.33955,-884.7400000001926
1189.787674,1,0,0,0,1523.33767,-886.6200000002209
1189.987672,1,0,0,0,1523.33879,-885.5000000000928
1190.18767,1,0,0,0,1523.33955,-884.7400000001926
1190.387668,1,0,0,0,1523.34068,-883.6100000000897
1190.587666,1,0,0,0,1523.33879,-885.5000000000928
1190.787664,1,0,0,0,1523.3388,-885.490000000118
1190.987662,1,0,0,0,1523.33993,-884.3600000000151
1191.18766,1,0,0,0,1523.33842,-885.8700000000681
1191.387658,1,0,0,0,1523.34068,-883.6100000000897
1191.587656,1,0,0,0,1523.33842,-885.8700000000681
1191.787654,1,0,0,0,1523.3388,-885.490000000118
1191.987652,1,0,0,0,1523.34182,-882.4700000000121
1192.187649,1,0,0,0,1523.33955,-884.7400000001926
1192.387647,1,0,0,0,1523.3388,-885.490000000118
1192.587646,1,0,0,0,1523.34069,-883.600000000115
1192.787643,1,0,0,0,1523.34239,-881.900000000087
1192.987641,1,0,0,0,1523.34069,-883.600000000115
1193.187639,1,0,0,0,1523.3388,-885.490000000118
1193.387637,1,0,0,0,1523.33955,-884.7400000001926
1193.587635,1,0,0,0,1523.33955,-884.7400000001926
1193.787633,1,0,0,0,1523.3388,-885.490000000118
1193.987631,1,0,0,0,1523.34144,-882.8500000001895
1194.187629,1,0,0,0,1523.33955,-884.7400000001926
1194.387627,1,0,0,0,1523.34144,-882.8500000001895
1194.587625,1,0,0,0,1523.3388,-885.490000000118
1194.787622,1,0,0,0,1523.33993,-884.3600000000151
1194.987621,1,0,0,0,1523.34238,-881.9100000000617
1195.187619,1,0,0,0,1523.34144,-882.8500000001895
1195.387616,1,0,0,0,1523.3388,-885.490000000118
1195.587614,1,0,0,0,1523.34068,-883.6100000000897
1195.787612,1,0,0,0,1523.33955,-884.7400000001926
1195.98761,1,0,0,0,1523.33879,-885.5000000000928
1196.187608,1,0,0,0,1523.34144,-882.8500000001895
1196.387606,1,0,0,0,1523.33879,-885.5000000000928
1196.587604,1,0,0,0,1523.34181,-882.4800000002142
1196.787602,1,0,0,0,1523.34313,-881.1600000001363
1196.9876,1,0,0,0,1523.33993,-884.3600000000151
1197.187598,1,0,0,0,1523.34238,-881.9100000000617
1197.387596,1,0,0,0,1523.34144,-882.8500000001895
1197.587594,1,0,0,0,1523.34238,-881.9100000000617
1197.787591,1,0,0,0,1523.34068,-883.6100000000897
1197.98759,1,0,0,0,1523.33955,-884.7400000001926
1198.187587,1,0,0,0,1523.34181,-882.4800000002142
1198.387585,1,0,0,0,1523.34144,-882.8500000001895
1198.587583,1,0,0,0,1523.34314,-881.1500000001615
1198.787581,1,0,0,0,1523.34068,-883.6100000000897
1198.987579,1,0,0,0,1523.33879,-885.5000000000928
1199.187577,1,0,0,0,1523.3403,-883.9900000000398
1199.387575,1,0,0,0,1523.34238,-881.9100000000617
1199.587573,1,0,0,0,1523.34144,-882.8500000001895
1199.787571,1,0,0,0,1523.34238,-881.9100000000617
1199.987569,1,0,0,0,1523.34144,-882.8500000001895
1200.187567,1,0,0,0,1523.34144,-882.8500000001895
1200.387565,1,0,0,0,1523.33993,-884.3600000000151
1200.587563,1,0,0,0,1523.33879,-885.5000000000928
1200.78756,1,0,0,0,1523.33879,-885.5000000000928
1200.987559,1,0,0,0,1523.34068,-883.6100000000897
1201.187556,1,0,0,0,1523.33879,-885.5000000000928
1201.387554,1,0,0,0,1523.3371,-887.190000000146
1201.587552,1,0,0,0,1523.3388,-885.490000000118
1201.78755,1,0,0,0,1523.33955,-884.7400000001926
1201.987548,1,0,0,0,1523.33993,-884.3600000000151
1202.187546,1,0,0,0,1523.3388,-885.490000000118
1202.387544,1,0,0,0,1523.33955,-884.7400000001926
1202.587542,1,0,0,0,1523.34031,-883.980000000065
1202.78754,1,0,0,0,1523.3388,-885.490000000118
1202.987538,1,0,0,0,1523.3388,-885.490000000118
1203.187536,1,0,0,0,1523.34069,-883.600000000115
1203.387534,1,0,0,0,1523.34069,-883.600000000115
1203.587532,1,0,0,0,1523.34239,-881.900000000087
1203.787529,1,0,0,0,1523.33956,-884.7300000002178
1203.987527,1,0,0,0,1523.33711,-887.1800000001713
1204.187526,1,0,0,0,1523.33956,-884.7300000002178
1204.387523,1,0,0,0,1523.34202,-882.2700000000623
1204.587521,1,0,0,0,1523.3407,-883.5900000001402
1204.787519,1,0,0,0,1523.33768,-886.6100000000188
1204.987517,1,0,0,0,1523.33957,-884.7200000000157
1205.187515,1,0,0,0,1523.3407,-883.5900000001402
1205.387513,1,0,0,0,1523.3407,-883.5900000001402
1205.587511,1,0,0,0,1523.33957,-884.7200000000157
1205.787509,1,0,0,0,1523.33769,-886.600000000044
1205.987507,1,0,0,0,1523.33882,-885.4700000001685
1206.187505,1,0,0,0,1523.34146,-882.8300000000127
1206.387503,1,0,0,0,1523.34071,-883.5800000001655
1206.587501,1,0,0,0,1523.33882,-885.4700000001685
1206.787498,1,0,0,0,1523.34071,-883.5800000001655
1206.987496,1,0,0,0,1523.34071,-883.5800000001655
1207.187494,1,0,0,0,1523.33996,-884.3300000000909
1207.387492,1,0,0,0,1523.34071,-883.5800000001655
1207.58749,1,0,0,0,1523.34071,-883.5800000001655
1207.787488,1,0,0,0,1523.33996,-884.3300000000909
1207.987486,1,0,0,0,1523.33958,-884.710000000041
1208.187484,1,0,0,0,1523.33882,-885.4700000001685
1208.387482,1,0,0,0,1523.33996,-884.3300000000909
1208.58748,1,0,0,0,1523.34071,-883.5800000001655
1208.787478,1,0,0,0,1523.34072,-883.5700000001907
1208.987476,1,0,0,0,1523.34072,-883.5700000001907
1209.187474,1,0,0,0,1523.34147,-882.8200000000379
1209.387472,1,0,0,0,1523.34392,-880.3700000000845
1209.58747,1,0,0,0,1523.33996,-884.3300000000909
1209.787467,1,0,0,0,1523.34147,-882.8200000000379
1209.987465,1,0,0,0,1523.34393,-880.3600000001097
1210.187463,1,0,0,0,1523.34072,-883.5700000001907
1210.387461,1,0,0,0,1523.34204,-882.2500000001128
1210.587459,1,0,0,0,1523.34147,-882.8200000000379
1210.787457,1,0,0,0,1523.34147,-882.8200000000379
1210.987455,1,0,0,0,1523.34242,-881.8700000001627
1211.187453,1,0,0,0,1523.33884,-885.450000000219
1211.387451,1,0,0,0,1523.34148,-882.8100000000632
1211.587449,1,0,0,0,1523.34148,-882.8100000000632
1211.787447,1,0,0,0,1523.34506,-879.2300000000068
1211.987445,1,0,0,0,1523.34506,-879.2300000000068
1212.187443,1,0,0,0,1523.34186,-882.4300000001131
1212.387441,1,0,0,0,1523.34243,-881.8600000001879
1212.587439,1,0,0,0,1523.34148,-882.8100000000632
1212.787436,1,0,0,0,1523.34243,-881.8600000001879
1212.987434,1,0,0,0,1523.33998,-884.3100000001414
1213.187432,1,0,0,0,1523.34149,-882.8000000000884
1213.38743,1,0,0,0,1523.34243,-881.8600000001879
1213.587428,1,0,0,0,1523.34073,-883.560000000216
1213.787426,1,0,0,0,1523.33885,-885.4400000000169
1213.987424,1,0,0,0,1523.33885,-885.4400000000169
1214.187422,1,0,0,0,1523.34074,-883.5500000000138
1214.38742,1,0,0,0,1523.34244,-881.8500000002132
1214.587418,1,0,0,0,1523.34074,-883.5500000000138
1214.787416,1,0,0,0,1523.34244,-881.8500000002132
1214.987414,1,0,0,0,1523.34244,-881.8500000002132
1215.187412,1,0,0,0,1523.33829,-886.0000000001946
1215.387409,1,0,0,0,1523.33961,-884.6800000001167
1215.587408,1,0,0,0,1523.34074,-883.5500000000138
1215.787405,1,0,0,0,1523.34319,-881.1000000000604
1215.987403,1,0,0,0,1523.33961,-884.6800000001167
1216.187401,1,0,0,0,1523.33886,-885.4300000000421
1216.387399,1,0,0,0,1523.33886,-885.4300000000421
1216.587397,1,0,0,0,1523.3415,-882.7900000001137
1216.787395,1,0,0,0,1523.33886,-885.4300000000421
1216.987393,1,0,0,0,1523.3415,-882.7900000001137
1217.187391,1,0,0,0,1523.34075,-883.5400000000391
1217.387389,1,0,0,0,1523.3415,-882.7900000001137
1217.587387,1,0,0,0,1523.34244,-881.8500000002132
1217.787385,1,0,0,0,1523.3415,-882.7900000001137
1217.987383,1,0,0,0,1523.34188,-882.4100000001636
1218.187381,1,0,0,0,1523.33999,-884.3000000001666
1218.387378,1,0,0,0,1523.3415,-882.7900000001137
1218.587376,1,0,0,0,1523.34075,-883.5400000000391
1218.787374,1,0,0,0,1523.34151,-882.7800000001389
1218.987372,1,0,0,0,1523.34075,-883.5400000000391
1219.18737,1,0,0,0,1523.34075,-883.5400000000391
1219.387368,1,0,0,0,1523.34075,-883.5400000000391
1219.587366,1,0,0,0,1523.34245,-881.8400000000111
1219.787364,1,0,0,0,1523.34321,-881.0800000001109
1219.987362,1,0,0,0,1523.34151,-882.7800000001389
1220.18736,1,0,0,0,1523.34434,-879.950000000008
1220.387358,1,0,0,0,1523.34076,-883.5300000000643
1220.587356,1,0,0,0,1523.34245,-881.8400000000111
1220.787354,1,0,0,0,1523.34,-884.2900000001919
1220.987352,1,0,0,0,1523.34359,-880.7000000001608
1221.18735,1,0,0,0,1523.34321,-881.0800000001109
1221.387347,1,0,0,0,1523.34151,-882.7800000001389
1221.587345,1,0,0,0,1523.34246,-881.8300000000363
1221.787343,1,0,0,0,1523.34208,-882.2100000002138
1221.987341,1,0,0,0,1523.34321,-881.0800000001109
1222.187339,1,0,0,0,1523.34151,-882.7800000001389
1222.387337,1,0,0,0,1523.34246,-881.8300000000363
1222.587335,1,0,0,0,1523.34321,-881.0800000001109
1222.787333,1,0,0,0,1523.34435,-879.9400000000333
1222.987331,1,0,0,0,1523.3451,-879.1900000001078
1223.187329,1,0,0,0,1523.34359,-880.7000000001608
1223.387327,1,0,0,0,1523.34246,-881.8300000000363
1223.587325,1,0,0,0,1523.34434,-879.950000000008
1223.787323,1,0,0,0,1523.34434,-879.950000000008
1223.98732,1,0,0,0,1523.34246,-881.8300000000363
1224.187319,1,0,0,0,1523.34246,-881.8300000000363
1224.387316,1,0,0,0,1523.34321,-881.0800000001109
1224.587314,1,0,0,0,1523.34151,-882.7800000001389
1224.787312,1,0,0,0,1523.34246,-881.8300000000363
1224.98731,1,0,0,0,1523.34321,-881.0800000001109
1225.187308,1,0,0,0,1523.34076,-883.5300000000643
1225.387306,1,0,0,0,1523.34321,-881.0800000001109
1225.587304,1,0,0,0,1523.34246,-881.8300000000363
1225.787302,1,0,0,0,1523.34001,-884.2800000002171
1225.9873,1,0,0,0,1523.34076,-883.5300000000643
1226.187298,1,0,0,0,1523.33963,-884.6600000001672
1226.387296,1,0,0,0,1523.33963,-884.6600000001672
1226.587294,1,0,0,0,1523.34152,-882.7700000001641
1226.787292,1,0,0,0,1523.34038,-883.9100000000144
1226.98729,1,0,0,0,1523.34208,-882.2100000002138
1227.187287,1,0,0,0,1523.34076,-883.5300000000643
1227.387285,1,0,0,0,1523.34246,-881.8300000000363
1227.587283,1,0,0,0,1523.34359,-880.7000000001608
1227.787281,1,0,0,0,1523.34151,-882.7800000001389
1227.987279,1,0,0,0,1523.34359,-880.7000000001608
1228.187277,1,0,0,0,1523.34151,-882.7800000001389
1228.387275,1,0,0,0,1523.34152,-882.7700000001641
1228.587273,1,0,0,0,1523.34152,-882.7700000001641
1228.787271,1,0,0,0,1523.34152,-882.7700000001641
1228.987269,1,0,0,0,1523.34246,-881.8300000000363
1229.187268,1,0,0,0,1523.34189,-882.4000000001888
1229.387265,1,0,0,0,1523.34246,-881.8300000000363
1229.587263,1,0,0,0,1523.34151,-882.7800000001389
1229.787261,1,0,0,0,1523.34076,-883.5300000000643
1229.987258,1,0,0,0,1523.34321,-881.0800000001109
1230.187256,1,0,0,0,1523.34321,-881.0800000001109
1230.387254,1,0,0,0,1523.34509,-879.2000000000826
1230.587252,1,0,0,0,1523.34434,-879.950000000008
1230.78725,1,0,0,0,1523.34321,-881.0800000001109
1230.987248,1,0,0,0,1523.34246,-881.8300000000363
1231.187246,1,0,0,0,1523.34246,-881.8300000000363
1231.387244,1,0,0,0,1523.34434,-879.950000000008
1231.587242,1,0,0,0,1523.34208,-882.2100000002138
1231.78724,1,0,0,0,1523.34434,-879.950000000008
1231.987238,1,0,0,0,1523.34208,-882.2100000002138
1232.187236,1,0,0,0,1523.34434,-879.950000000008
1232.387234,1,0,0,0,1523.34434,-879.950000000008
1232.587232,1,0,0,0,1523.3451,-879.1900000001078
1232.78723,1,0,0,0,1523.3451,-879.1900000001078
1232.987227,1,0,0,0,1523.34623,-878.060000000005
1233.187226,1,0,0,0,1523.34397,-880.3200000002107
1233.387223,1,0,0,0,1523.34435,-879.9400000000333
1233.587221,1,0,0,0,1523.34246,-881.8300000000363
1233.787219,1,0,0,0,1523.34321,-881.0800000001109
1233.987217,1,0,0,0,1523.34246,-881.8300000000363
1234.187215,1,0,0,0,1523.3451,-879.1900000001078
1234.387213,1,0,0,0,1523.34434,-879.950000000008
1234.587211,1,0,0,0,1523.34623,-878.060000000005
1234.787209,1,0,0,0,1523.3451,-879.1900000001078
1234.987207,1,0,0,0,1523.3451,-879.1900000001078
1235.187205,1,0,0,0,1523.34434,-879.950000000008
1235.387203,1,0,0,0,1523.34246,-881.8300000000363
1235.587201,1,0,0,0,1523.34359,-880.7000000001608
1235.787199,1,0,0,0,1523.34434,-879.950000000008
1235.987197,1,0,0,0,1523.34679,-877.5000000000546
1236.187194,1,0,0,0,1523.34679,-877.5000000000546
1236.387192,1,0,0,0,1523.3451,-879.1900000001078
1236.58719,1,0,0,0,1523.34547,-878.8200000001325
1236.787188,1,0,0,0,1523.3451,-879.1900000001078
1236.987186,1,0,0,0,1523.34321,-881.0800000001109
1237.187184,1,0,0,0,1523.34434,-879.950000000008
1237.387182,1,0,0,0,1523.34566,-878.6300000001575
1237.58718,1,0,0,0,1523.34321,-881.0800000001109
1237.787178,1,0,0,0,1523.34397,-880.3200000002107
1237.987176,1,0,0,0,1523.34076,-883.5300000000643
1238.187174,1,0,0,0,1523.34246,-881.8300000000363
1238.387172,1,0,0,0,1523.34246,-881.8300000000363
1238.58717,1,0,0,0,1523.34321,-881.0800000001109
1238.787168,1,0,0,0,1523.34321,-881.0800000001109
1238.987165,1,0,0,0,1523.34151,-882.7800000001389
1239.187163,1,0,0,0,1523.34246,-881.8300000000363
1239.387161,1,0,0,0,1523.34151,-882.7800000001389
1239.587159,1,0,0,0,1523.34321,-881.0800000001109
1239.787157,1,0,0,0,1523.34151,-882.7800000001389
1239.987155,1,0,0,0,1523.34151,-882.7800000001389
1240.187153,1,0,0,0,1523.34208,-882.2100000002138
1240.387151,1,0,0,0,1523.34246,-881.8300000000363
1240.587149,1,0,0,0,1523.34246,-881.8300000000363
1240.787147,1,0,0,0,1523.34246,-881.8300000000363
1240.987145,1,0,0,0,1523.34434,-879.950000000008
1241.187143,1,0,0,0,1523.3451,-879.1900000001078
1241.387141,1,0,0,0,1523.34548,-878.8100000001577
1241.587139,1,0,0,0,1523.34434,-879.950000000008
1241.787136,1,0,0,0,1523.34359,-880.7000000001608
1241.987134,1,0,0,0,1523.34623,-878.060000000005
1242.187132,1,0,0,0,1523.34623,-878.060000000005
1242.38713,1,0,0,0,1523.34151,-882.7800000001389
1242.587128,1,0,0,0,1523.34434,-879.950000000008
1242.787126,1,0,0,0,1523.3451,-879.1900000001078
1242.987124,1,0,0,0,1523.34246,-881.8300000000363
1243.187122,1,0,0,0,1523.34246,-881.8300000000363
1243.38712,1,0,0,0,1523.34434,-879.950000000008
1243.587118,1,0,0,0,1523.34246,-881.8300000000363
1243.787116,1,0,0,0,1523.34321,-881.0800000001109
1243.987114,1,0,0,0,1523.34434,-879.950000000008
1244.187112,1,0,0,0,1523.34623,-878.060000000005
1244.38711,1,0,0,0,1523.34434,-879.950000000008
1244.587107,1,0,0,0,1523.3468,-877.4900000000798
1244.787106,1,0,0,0,1523.34793,-876.3600000002043
1244.987103,1,0,0,0,1523.34321,-881.0800000001109
1245.187101,1,0,0,0,1523.34567,-878.6200000001827
1245.387099,1,0,0,0,1523.34359,-880.7000000001608
1245.587097,1,0,0,0,1523.34434,-879.950000000008
1245.787095,1,0,0,0,1523.34623,-878.060000000005
1245.987093,1,0,0,0,1523.34736,-876.9300000001294
1246.187091,1,0,0,0,1523.34434,-879.950000000008
1246.387089,1,0,0,0,1523.34434,-879.950000000008
1246.587087,1,0,0,0,1523.34566,-878.6300000001575
1246.787085,1,0,0,0,1523.34547,-878.8200000001325
1246.987083,1,0,0,0,1523.34509,-879.2000000000826
1247.187081,1,0,0,0,1523.34509,-879.2000000000826
1247.387079,1,0,0,0,1523.34622,-878.0700000002071
1247.587076,1,0,0,0,1523.34509,-879.2000000000826
1247.787075,1,0,0,0,1523.34547,-878.8200000001325
1247.987072,1,0,0,0,1523.34868,-875.6100000000515
1248.18707,1,0,0,0,1523.34434,-879.950000000008
1248.387068,1,0,0,0,1523.34679,-877.5000000000546
1248.587066,1,0,0,0,1523.3451,-879.1900000001078
1248.787064,1,0,0,0,1523.34679,-877.5000000000546
1248.987062,1,0,0,0,1523.34793,-876.3600000002043
1249.18706,1,0,0,0,1523.3451,-879.1900000001078
1249.387058,1,0,0,0,1523.34623,-878.060000000005
1249.587056,1,0,0,0,1523.34679,-877.5000000000546
1249.787054,1,0,0,0,1523.34679,-877.5000000000546
1249.987052,1,0,0,0,1523.34623,-878.060000000005
1250.18705,1,0,0,0,1523.3451,-879.1900000001078
1250.387048,1,0,0,0,1523.34434,-879.950000000008
1250.587045,1,0,0,0,1523.34434,-879.950000000008
1250.787044,1,0,0,0,1523.3451,-879.1900000001078
1250.987041,1,0,0,0,1523.34434,-879.950000000008
1251.187039,1,0,0,0,1523.34246,-881.8300000000363
1251.387037,1,0,0,0,1523.34434,-879.950000000008
1251.587035,1,0,0,0,1523.3451,-879.1900000001078
1251.787033,1,0,0,0,1523.34359,-880.7000000001608
1251.987031,1,0,0,0,1523.34321,-881.0800000001109
1252.187029,1,0,0,0,1523.34151,-882.7800000001389
1252.387027,1,0,0,0,1523.34509,-879.2000000000826
1252.587025,1,0,0,0,1523.34321,-881.0800000001109
1252.787023,1,0,0,0,1523.34434,-879.950000000008
1252.98702,1,0,0,0,1523.34548,-878.8100000001577
1253.187019,1,0,0,0,1523.34548,-878.8100000001577
1253.387017,1,0,0,0,1523.34246,-881.8300000000363
1253.587016,1,0,0,0,1523.34189,-882.4000000001888
1253.787012,1,0,0,0,1523.34208,-882.2100000002138
1253.98701,1,0,0,0,1523.34434,-879.950000000008
1254.187008,1,0,0,0,1523.34623,-878.060000000005
1254.387006,1,0,0,0,1523.34623,-878.060000000005
1254.587004,1,0,0,0,1523.34624,-878.0500000000302
1254.787002,1,0,0,0,1523.34624,-878.0500000000302
1254.987,1,0,0,0,1523.34624,-878.0500000000302
1255.186998,1,0,0,0,1523.3451,-879.1900000001078
1255.386996,1,0,0,0,1523.34397,-880.3200000002107
1255.586994,1,0,0,0,1523.34756,-876.7300000001796
1255.786992,1,0,0,0,1523.3451,-879.1900000001078
1255.986989,1,0,0,0,1523.34435,-879.9400000000333
1256.186987,1,0,0,0,1523.3451,-879.1900000001078
1256.386986,1,0,0,0,1523.34624,-878.0500000000302
1256.586983,1,0,0,0,1523.34511,-879.1800000001331
1256.786981,1,0,0,0,1523.34511,-879.1800000001331
1256.986979,1,0,0,0,1523.34435,-879.9400000000333
1257.186977,1,0,0,0,1523.3487,-875.590000000102
1257.386975,1,0,0,0,1523.34624,-878.0500000000302
1257.586973,1,0,0,0,1523.34794,-876.3500000000022
1257.786971,1,0,0,0,1523.34681,-877.4800000001051
1257.986969,1,0,0,0,1523.34549,-878.800000000183
1258.186967,1,0,0,0,1523.34625,-878.0400000000554
1258.386965,1,0,0,0,1523.34625,-878.0400000000554
1258.586963,1,0,0,0,1523.34625,-878.0400000000554
1258.786961,1,0,0,0,1523.34436,-879.9300000000585
1258.986959,1,0,0,0,1523.34512,-879.1700000001583
1259.186956,1,0,0,0,1523.34681,-877.4800000001051
1259.386955,1,0,0,0,1523.34738,-876.9100000001799
1259.586953,1,0,0,0,1523.34512,-879.1700000001583
1259.78695,1,0,0,0,1523.34625,-878.0400000000554
1259.986948,1,0,0,0,1523.34682,-877.4700000001303
1260.186946,1,0,0,0,1523.34795,-876.3400000000274
1260.386944,1,0,0,0,1523.34739,-876.9000000002052
1260.586942,1,0,0,0,1523.34682,-877.4700000001303
1260.78694,1,0,0,0,1523.34512,-879.1700000001583
1260.986938,1,0,0,0,1523.3455,-878.7900000002082
1261.186936,1,0,0,0,1523.34625,-878.0400000000554
1261.386934,1,0,0,0,1523.34795,-876.3400000000274
1261.586932,1,0,0,0,1523.34738,-876.9100000001799
1261.78693,1,0,0,0,1523.34512,-879.1700000001583
1261.986928,1,0,0,0,1523.34625,-878.0400000000554
1262.186926,1,0,0,0,1523.34682,-877.4700000001303
1262.386923,1,0,0,0,1523.34795,-876.3400000000274
1262.586921,1,0,0,0,1523.34248,-881.8100000000868
1262.786919,1,0,0,0,1523.3455,-878.7900000002082
1262.986917,1,0,0,0,1523.34324,-881.0500000001866
1263.186915,1,0,0,0,1523.34362,-880.6700000000092
1263.386913,1,0,0,0,1523.34324,-881.0500000001866
1263.586911,1,0,0,0,1523.34079,-883.5000000001401
1263.786909,1,0,0,0,1523.34512,-879.1700000001583
1263.986907,1,0,0,0,1523.34437,-879.9200000000837
1264.186905,1,0,0,0,1523.34437,-879.9200000000837
1264.386903,1,0,0,0,1523.34437,-879.9200000000837
1264.586901,1,0,0,0,1523.34437,-879.9200000000837
1264.786899,1,0,0,0,1523.34437,-879.9200000000837
1264.986897,1,0,0,0,1523.34626,-878.0300000000807
1265.186894,1,0,0,0,1523.34437,-879.9200000000837
1265.386892,1,0,0,0,1523.34248,-881.8100000000868
1265.58689,1,0,0,0,1523.34626,-878.0300000000807
1265.786888,1,0,0,0,1523.34437,-879.9200000000837
1265.986886,1,0,0,0,1523.34626,-878.0300000000807
1266.186884,1,0,0,0,1523.34513,-879.1600000001836
1266.386882,1,0,0,0,1523.34513,-879.1600000001836
1266.58688,1,0,0,0,1523.34796,-876.3300000000527
1266.786878,1,0,0,0,1523.34249,-881.800000000112
1266.986876,1,0,0,0,1523.3455,-878.7900000002082
1267.186874,1,0,0,0,1523.34324,-881.0500000001866
1267.386872,1,0,0,0,1523.34626,-878.0300000000807
1267.58687,1,0,0,0,1523.34682,-877.4700000001303
1267.786868,1,0,0,0,1523.34437,-879.9200000000837
1267.986866,1,0,0,0,1523.34324,-881.0500000001866
1268.186863,1,0,0,0,1523.34437,-879.9200000000837
1268.386861,1,0,0,0,1523.34513,-879.1600000001836
1268.586859,1,0,0,0,1523.34512,-879.1700000001583
1268.786857,1,0,0,0,1523.34437,-879.9200000000837
1268.986855,1,0,0,0,1523.34569,-878.6000000000058
1269.186853,1,0,0,0,1523.34437,-879.9200000000837
1269.386851,1,0,0,0,1523.34682,-877.4700000001303
1269.586849,1,0,0,0,1523.34324,-881.0500000001866
1269.786847,1,0,0,0,1523.3455,-878.7900000002082
1269.986845,1,0,0,0,1523.34626,-878.0300000000807
1270.186843,1,0,0,0,1523.34626,-878.0300000000807
1270.386841,1,0,0,0,1523.34683,-877.4600000001556
1270.586839,1,0,0,0,1523.34324,-881.0500000001866
1270.786837,1,0,0,0,1523.34551,-878.7800000000061
1270.986834,1,0,0,0,1523.3455,-878.7900000002082
1271.186832,1,0,0,0,1523.34437,-879.9200000000837
1271.38683,1,0,0,0,1523.34682,-877.4700000001303
1271.586828,1,0,0,0,1523.34512,-879.1700000001583
1271.786826,1,0,0,0,1523.34361,-880.6800000002113
1271.986824,1,0,0,0,1523.34625,-878.0400000000554
1272.186822,1,0,0,0,1523.34682,-877.4700000001303
1272.38682,1,0,0,0,1523.34512,-879.1700000001583
1272.586818,1,0,0,0,1523.34569,-878.6000000000058
1272.786816,1,0,0,0,1523.34436,-879.9300000000585
1272.986814,1,0,0,0,1523.34512,-879.1700000001583
1273.186812,1,0,0,0,1523.34512,-879.1700000001583
1273.38681,1,0,0,0,1523.34512,-879.1700000001583
1273.586807,1,0,0,0,1523.34795,-876.3400000000274
1273.786806,1,0,0,0,1523.34682,-877.4700000001303
1273.986804,1,0,0,0,1523.34437,-879.9200000000837
1274.186802,1,0,0,0,1523.34663,-877.6600000001054
1274.386799,1,0,0,0,1523.34871,-875.5800000001273
1274.586797,1,0,0,0,1523.34626,-878.0300000000807
1274.786795,1,0,0,0,1523.34626,-878.0300000000807
1274.986793,1,0,0,0,1523.34437,-879.9200000000837
1275.186791,1,0,0,0,1523.34437,-879.9200000000837
1275.386789,1,0,0,0,1523.34626,-878.0300000000807
1275.586787,1,0,0,0,1523.34513,-879.1600000001836
1275.786785,1,0,0,0,1523.34437,-879.9200000000837
1275.986783,1,0,0,0,1523.34569,-878.6000000000058
1276.186781,1,0,0,0,1523.34154,-882.7500000002146
1276.386779,1,0,0,0,1523.34437,-879.9200000000837
1276.586777,1,0,0,0,1523.34437,-879.9200000000837
1276.786775,1,0,0,0,1523.344,-880.2900000000591
1276.986773,1,0,0,0,1523.34513,-879.1600000001836
1277.18677,1,0,0,0,1523.3455,-878.7900000002082
1277.386768,1,0,0,0,1523.34437,-879.9200000000837
1277.586766,1,0,0,0,1523.34324,-881.0500000001866
1277.786764,1,0,0,0,1523.34512,-879.1700000001583
1277.986762,1,0,0,0,1523.3455,-878.7900000002082
1278.18676,1,0,0,0,1523.34437,-879.9200000000837
1278.386758,1,0,0,0,1523.34323,-881.0600000001614
1278.586756,1,0,0,0,1523.34625,-878.0400000000554
1278.786754,1,0,0,0,1523.34625,-878.0400000000554
1278.986752,1,0,0,0,1523.34512,-879.1700000001583
1279.186749,1,0,0,0,1523.34625,-878.0400000000554
1279.386748,1,0,0,0,1523.34625,-878.0400000000554
1279.586746,1,0,0,0,1523.34681,-877.4800000001051
1279.786743,1,0,0,0,1523.34568,-878.610000000208
1279.986741,1,0,0,0,1523.34436,-879.9300000000585
1280.186739,1,0,0,0,1523.34625,-878.0400000000554
1280.386737,1,0,0,0,1523.34436,-879.9300000000585
1280.586735,1,0,0,0,1523.34323,-881.0600000001614
1280.786733,1,0,0,0,1523.34568,-878.610000000208
1280.986731,1,0,0,0,1523.34436,-879.9300000000585
1281.186729,1,0,0,0,1523.34436,-879.9300000000585
1281.386727,1,0,0,0,1523.3455,-878.7900000002082
1281.586725,1,0,0,0,1523.3455,-878.7900000002082
1281.786723,1,0,0,0,1523.34682,-877.4700000001303
1281.986721,1,0,0,0,1523.34625,-878.0400000000554
1282.186718,1,0,0,0,1523.3455,-878.7900000002082
1282.386716,1,0,0,0,1523.34436,-879.9300000000585
1282.586715,1,0,0,0,1523.34437,-879.9200000000837
1282.786712,1,0,0,0,1523.34512,-879.1700000001583
1282.98671,1,0,0,0,1523.34682,-877.4700000001303
1283.186708,1,0,0,0,1523.34682,-877.4700000001303
1283.386706,1,0,0,0,1523.34682,-877.4700000001303
1283.586704,1,0,0,0,1523.34361,-880.6800000002113
1283.786702,1,0,0,0,1523.34625,-878.0400000000554
1283.9867,1,0,0,0,1523.34436,-879.9300000000585
1284.186698,1,0,0,0,1523.34682,-877.4700000001303
1284.386696,1,0,0,0,1523.34512,-879.1700000001583
1284.586694,1,0,0,0,1523.34569,-878.6000000000058
1284.786692,1,0,0,0,1523.34795,-876.3400000000274
1284.98669,1,0,0,0,1523.34437,-879.9200000000837
1285.186688,1,0,0,0,1523.34437,-879.9200000000837
1285.386686,1,0,0,0,1523.34286,-881.4300000001367
1285.586684,1,0,0,0,1523.34625,-878.0400000000554
1285.786681,1,0,0,0,1523.34493,-879.3600000001334
1285.986679,1,0,0,0,1523.34512,-879.1700000001583
1286.186677,1,0,0,0,1523.34682,-877.4700000001303
1286.386675,1,0,0,0,1523.34682,-877.4700000001303
1286.586673,1,0,0,0,1523.34682,-877.4700000001303
1286.786671,1,0,0,0,1523.34437,-879.9200000000837
1286.986669,1,0,0,0,1523.34512,-879.1700000001583
1287.186667,1,0,0,0,1523.34682,-877.4700000001303
1287.386665,1,0,0,0,1523.34512,-879.1700000001583
1287.586663,1,0,0,0,1523.34437,-879.9200000000837
1287.786661,1,0,0,0,1523.34437,-879.9200000000837
1287.986659,1,0,0,0,1523.34437,-879.9200000000837
1288.186656,1,0,0,0,1523.34625,-878.0400000000554
1288.386654,1,0,0,0,1523.34399,-880.3000000000338
1288.586652,1,0,0,0,1523.34625,-878.0400000000554
1288.78665,1,0,0,0,1523.34361,-880.6800000002113
1288.986648,1,0,0,0,1523.34361,-880.6800000002113
1289.186646,1,0,0,0,1523.34248,-881.8100000000868
1289.386644,1,0,0,0,1523.34324,-881.0500000001866
1289.586642,1,0,0,0,1523.34569,-878.6000000000058
1289.78664,1,0,0,0,1523.34626,-878.0300000000807
1289.986638,1,0,0,0,1523.344,-880.2900000000591
1290.186636,1,0,0,0,1523.34682,-877.4700000001303
1290.386634,1,0,0,0,1523.34437,-879.9200000000837
1290.586632,1,0,0,0,1523.3455,-878.7900000002082
1290.78663,1,0,0,0,1523.34551,-878.7800000000061
1290.986628,1,0,0,0,1523.34513,-879.1600000001836
1291.186625,1,0,0,0,1523.34551,-878.7800000000061
1291.386623,1,0,0,0,1523.34626,-878.0300000000807
1291.586622,1,0,0,0,1523.34627,-878.0200000001059
1291.786619,1,0,0,0,1523.34325,-881.0400000002119
1291.986617,1,0,0,0,1523.34627,-878.0200000001059
1292.186615,1,0,0,0,1523.34513,-879.1600000001836
1292.386613,1,0,0,0,1523.34438,-879.910000000109
1292.586611,1,0,0,0,1523.34363,-880.6600000000344
1292.786609,1,0,0,0,1523.3457,-878.5900000000311
1292.986607,1,0,0,0,1523.34514,-879.1500000002088
1293.186605,1,0,0,0,1523.34514,-879.1500000002088
1293.386603,1,0,0,0,1523.34438,-879.910000000109
1293.586601,1,0,0,0,1523.34627,-878.0200000001059
1293.786599,1,0,0,0,1523.34514,-879.1500000002088
1293.986597,1,0,0,0,1523.34363,-880.6600000000344
1294.186594,1,0,0,0,1523.3425,-881.7900000001373
1294.386592,1,0,0,0,1523.34438,-879.910000000109
1294.586591,1,0,0,0,1523.34438,-879.910000000109
1294.786588,1,0,0,0,1523.34514,-879.1500000002088
1294.986586,1,0,0,0,1523.34552,-878.7700000000314
1295.186584,1,0,0,0,1523.34684,-877.4500000001808
1295.386582,1,0,0,0,1523.34514,-879.1500000002088
1295.58658,1,0,0,0,1523.34514,-879.1500000002088
1295.786578,1,0,0,0,1523.34438,-879.910000000109
1295.986576,1,0,0,0,1523.344,-880.2900000000591
1296.186574,1,0,0,0,1523.34627,-878.0200000001059
1296.386572,1,0,0,0,1523.34211,-882.1800000000621
1296.58657,1,0,0,0,1523.34627,-878.0200000001059
1296.786568,1,0,0,0,1523.34513,-879.1600000001836
1296.986566,1,0,0,0,1523.34438,-879.910000000109
1297.186563,1,0,0,0,1523.3474,-876.890000000003
1297.386561,1,0,0,0,1523.34683,-877.4600000001556
1297.586559,1,0,0,0,1523.34513,-879.1600000001836
1297.786557,1,0,0,0,1523.34627,-878.0200000001059
1297.986555,1,0,0,0,1523.34872,-875.5700000001525
1298.186553,1,0,0,0,1523.34569,-878.6000000000058
1298.386551,1,0,0,0,1523.34437,-879.9200000000837
1298.586549,1,0,0,0,1523.34362,-880.6700000000092
1298.786547,1,0,0,0,1523.34513,-879.1600000001836
1298.986545,1,0,0,0,1523.34627,-878.0200000001059
1299.186543,1,0,0,0,1523.34551,-878.7800000000061
1299.386541,1,0,0,0,1523.34438,-879.910000000109
1299.586539,1,0,0,0,1523.3457,-878.5900000000311
1299.786537,1,0,0,0,1523.34438,-879.910000000109
1299.986534,1,0,0,0,1523.34513,-879.1600000001836
1300.186532,1,0,0,0,1523.34513,-879.1600000001836
1300.38653,1,0,0,0,1523.344,-880.2900000000591
1300.586528,1,0,0,0,1523.34249,-881.800000000112
1300.786526,1,0,0,0,1523.34249,-881.800000000112
1300.986524,1,0,0,0,1523.34325,-881.0400000002119
1301.186522,1,0,0,0,1523.34249,-881.800000000112
1301.38652,1,0,0,0,1523.34249,-881.800000000112
1301.586518,1,0,0,0,1523.34155,-882.7400000000125
1301.786516,1,0,0,0,1523.34249,-881.800000000112
1301.986514,1,0,0,0,1523.34325,-881.0400000002119
1302.186512,1,0,0,0,1523.34249,-881.800000000112
1302.38651,1,0,0,0,1523.34249,-881.800000000112
1302.586508,1,0,0,0,1523.34155,-882.7400000000125
1302.786505,1,0,0,0,1523.34324,-881.0500000001866
1302.986504,1,0,0,0,1523.34551,-878.7800000000061
1303.186502,1,0,0,0,1523.34362,-880.6700000000092
1303.386499,1,0,0,0,1523.34437,-879.9200000000837
1303.586497,1,0,0,0,1523.34437,-879.9200000000837
1303.786495,1,0,0,0,1523.34325,-881.0400000002119
1303.986493,1,0,0,0,1523.34551,-878.7800000000061
1304.186491,1,0,0,0,1523.34513,-879.1600000001836
1304.386489,1,0,0,0,1523.34438,-879.910000000109
1304.586487,1,0,0,0,1523.34249,-881.800000000112
1304.786485,1,0,0,0,1523.34438,-879.910000000109
1304.986483,1,0,0,0,1523.344,-880.2900000000591
1305.186481,1,0,0,0,1523.34513,-879.1600000001836
1305.386479,1,0,0,0,1523.34325,-881.0400000002119
1305.586477,1,0,0,0,1523.34212,-882.1700000000874
1305.786474,1,0,0,0,1523.34514,-879.1500000002088
1305.986472,1,0,0,0,1523.34438,-879.910000000109
1306.186471,1,0,0,0,1523.34514,-879.1500000002088
1306.386468,1,0,0,0,1523.34514,-879.1500000002088
1306.586466,1,0,0,0,1523.34438,-879.910000000109
1306.786464,1,0,0,0,1523.34514,-879.1500000002088
1306.986462,1,0,0,0,1523.34684,-877.4500000001808
1307.18646,1,0,0,0,1523.34552,-878.7700000000314
1307.386458,1,0,0,0,1523.34514,-879.1500000002088
1307.586456,1,0,0,0,1523.34552,-878.7700000000314
1307.786454,1,0,0,0,1523.34552,-878.7700000000314
1307.986452,1,0,0,0,1523.34401,-880.2800000000843
1308.18645,1,0,0,0,1523.34438,-879.910000000109
1308.386448,1,0,0,0,1523.34627,-878.0200000001059
1308.586446,1,0,0,0,1523.34438,-879.910000000109
1308.786443,1,0,0,0,1523.34439,-879.9000000001342
1308.986441,1,0,0,0,1523.34439,-879.9000000001342
1309.186439,1,0,0,0,1523.34628,-878.0100000001312
1309.386437,1,0,0,0,1523.34514,-879.1500000002088
1309.586435,1,0,0,0,1523.34326,-881.0300000000097
1309.786433,1,0,0,0,1523.34628,-878.0100000001312
1309.986431,1,0,0,0,1523.34251,-881.7800000001625
1310.186429,1,0,0,0,1523.34439,-879.9000000001342
1310.386427,1,0,0,0,1523.34326,-881.0300000000097
1310.586425,1,0,0,0,1523.3444,-879.8900000001595
1310.786423,1,0,0,0,1523.3444,-879.8900000001595
1310.986421,1,0,0,0,1523.34628,-878.0100000001312
1311.186419,1,0,0,0,1523.34553,-878.7600000000566
1311.386416,1,0,0,0,1523.34629,-878.0000000001564
1311.586415,1,0,0,0,1523.34327,-881.020000000035
1311.786412,1,0,0,0,1523.3444,-879.8900000001595
1311.98641,1,0,0,0,1523.34402,-880.2700000001096
1312.186408,1,0,0,0,1523.34327,-881.020000000035
1312.386406,1,0,0,0,1523.34327,-881.020000000035
1312.586404,1,0,0,0,1523.34251,-881.7800000001625
1312.786402,1,0,0,0,1523.34157,-882.720000000063
1312.9864,1,0,0,0,1523.34157,-882.720000000063
1313.186398,1,0,0,0,1523.3444,-879.8900000001595
1313.386396,1,0,0,0,1523.34195,-882.3400000001129
1313.586394,1,0,0,0,1523.34327,-881.020000000035
1313.786392,1,0,0,0,1523.34402,-880.2700000001096
1313.98639,1,0,0,0,1523.34157,-882.720000000063
1314.186388,1,0,0,0,1523.34251,-881.7800000001625
1314.386385,1,0,0,0,1523.34327,-881.020000000035
1314.586384,1,0,0,0,1523.34327,-881.020000000035
1314.786382,1,0,0,0,1523.3444,-879.8900000001595
1314.986379,1,0,0,0,1523.34081,-883.4800000001906
1315.186377,1,0,0,0,1523.34251,-881.7800000001625
1315.386375,1,0,0,0,1523.34364,-880.6500000000597
1315.586373,1,0,0,0,1523.34157,-882.720000000063
1315.786371,1,0,0,0,1523.34251,-881.7800000001625
1315.986369,1,0,0,0,1523.34326,-881.0300000000097
1316.186367,1,0,0,0,1523.34364,-880.6500000000597
1316.386365,1,0,0,0,1523.34251,-881.7800000001625
1316.586363,1,0,0,0,1523.34251,-881.7800000001625
1316.786361,1,0,0,0,1523.34515,-879.1400000000067
1316.986359,1,0,0,0,1523.3425,-881.7900000001373
1317.186357,1,0,0,0,1523.34401,-880.2800000000843
1317.386354,1,0,0,0,1523.34401,-880.2800000000843
1317.586353,1,0,0,0,1523.34439,-879.9000000001342
1317.78635,1,0,0,0,1523.34325,-881.0400000002119
1317.986348,1,0,0,0,1523.3425,-881.7900000001373
1318.186346,1,0,0,0,1523.34514,-879.1500000002088
1318.386344,1,0,0,0,1523.34438,-879.910000000109
1318.586342,1,0,0,0,1523.34326,-881.0300000000097
1318.78634,1,0,0,0,1523.34194,-882.3500000000877
1318.986338,1,0,0,0,1523.34326,-881.0300000000097
1319.186336,1,0,0,0,1523.34628,-878.0100000001312
1319.386334,1,0,0,0,1523.34251,-881.7800000001625
1319.586332,1,0,0,0,1523.34326,-881.0300000000097
1319.78633,1,0,0,0,1523.34571,-878.5800000000563
1319.986328,1,0,0,0,1523.34628,-878.0100000001312
1320.186326,1,0,0,0,1523.34496,-879.3300000002091
1320.386324,1,0,0,0,1523.34364,-880.6500000000597
1320.586321,1,0,0,0,1523.34251,-881.7800000001625
1320.786319,1,0,0,0,1523.34251,-881.7800000001625
1320.986317,1,0,0,0,1523.34326,-881.0300000000097
1321.186315,1,0,0,0,1523.34307,-881.2200000002122
1321.386313,1,0,0,0,1523.34402,-880.2700000001096
1321.586311,1,0,0,0,1523.34326,-881.0300000000097
1321.786309,1,0,0,0,1523.3444,-879.8900000001595
1321.986307,1,0,0,0,1523.34553,-878.7600000000566
1322.186305,1,0,0,0,1523.34326,-881.0300000000097
1322.386303,1,0,0,0,1523.3444,-879.8900000001595
1322.586301,1,0,0,0,1523.34439,-879.9000000001342
1322.786299,1,0,0,0,1523.34251,-881.7800000001625
1322.986297,1,0,0,0,1523.34251,-881.7800000001625
1323.186295,1,0,0,0,1523.34439,-879.9000000001342
1323.386292,1,0,0,0,1523.34439,-879.9000000001342
1323.58629,1,0,0,0,1523.34364,-880.6500000000597
1323.786288,1,0,0,0,1523.3425,-881.7900000001373
1323.986286,1,0,0,0,1523.3425,-881.7900000001373
1324.186284,1,0,0,0,1523.34628,-878.0100000001312
1324.386282,1,0,0,0,1523.34326,-881.0300000000097
1324.58628,1,0,0,0,1523.34439,-879.9000000001342
1324.786278,1,0,0,0,1523.34251,-881.7800000001625
1324.986276,1,0,0,0,1523.34156,-882.7300000000378
1325.186274,1,0,0,0,1523.34157,-882.720000000063
1325.386272,1,0,0,0,1523.34213,-882.1600000001126
1325.58627,1,0,0,0,1523.34081,-883.4800000001906
1325.786268,1,0,0,0,1523.34194,-882.3500000000877
1325.986266,1,0,0,0,1523.34213,-882.1600000001126
1326.186264,1,0,0,0,1523.34081,-883.4800000001906
1326.386261,1,0,0,0,1523.34326,-881.0300000000097
1326.586259,1,0,0,0,1523.34251,-881.7800000001625
1326.786257,1,0,0,0,1523.34326,-881.0300000000097
1326.986255,1,0,0,0,1523.34194,-882.3500000000877
1327.186253,1,0,0,0,1523.34251,-881.7800000001625
1327.386251,1,0,0,0,1523.3444,-879.8900000001595
1327.586249,1,0,0,0,1523.3444,-879.8900000001595
1327.786247,1,0,0,0,1523.34082,-883.4700000002158
1327.986245,1,0,0,0,1523.34082,-883.4700000002158
1328.186243,1,0,0,0,1523.34082,-883.4700000002158
1328.386241,1,0,0,0,1523.34327,-881.020000000035
1328.586239,1,0,0,0,1523.34157,-882.720000000063
1328.786237,1,0,0,0,1523.34327,-881.020000000035
1328.986234,1,0,0,0,1523.34251,-881.7800000001625
1329.186233,1,0,0,0,1523.34326,-881.0300000000097
1329.38623,1,0,0,0,1523.34251,-881.7800000001625
1329.586228,1,0,0,0,1523.34194,-882.3500000000877
1329.786226,1,0,0,0,1523.34515,-879.1400000000067
1329.986224,1,0,0,0,1523.34326,-881.0300000000097
1330.186222,1,0,0,0,1523.34326,-881.0300000000097
1330.38622,1,0,0,0,1523.34439,-879.9000000001342
1330.586218,1,0,0,0,1523.34439,-879.9000000001342
1330.786216,1,0,0,0,1523.34553,-878.7600000000566
1330.986214,1,0,0,0,1523.34251,-881.7800000001625
1331.186212,1,0,0,0,1523.34251,-881.7800000001625
1331.38621,1,0,0,0,1523.34251,-881.7800000001625
1331.586208,1,0,0,0,1523.3444,-879.8900000001595
1331.786206,1,0,0,0,1523.34251,-881.7800000001625
1331.986203,1,0,0,0,1523.34251,-881.7800000001625
1332.186201,1,0,0,0,1523.34553,-878.7600000000566
1332.3862,1,0,0,0,1523.34327,-881.020000000035
1332.586197,1,0,0,0,1523.34157,-882.720000000063
1332.786195,1,0,0,0,1523.34515,-879.1400000000067
1332.986193,1,0,0,0,1523.34251,-881.7800000001625
1333.186191,1,0,0,0,1523.34553,-878.7600000000566
1333.386189,1,0,0,0,1523.34157,-882.720000000063
1333.586187,1,0,0,0,1523.34326,-881.0300000000097
1333.786185,1,0,0,0,1523.3444,-879.8900000001595
1333.986183,1,0,0,0,1523.34326,-881.0300000000097
1334.186181,1,0,0,0,1523.34326,-881.0300000000097
1334.386179,1,0,0,0,1523.34326,-881.0300000000097
1334.586177,1,0,0,0,1523.34326,-881.0300000000097
1334.786175,1,0,0,0,1523.34326,-881.0300000000097
1334.986172,1,0,0,0,1523.34081,-883.4800000001906
1335.186171,1,0,0,0,1523.34439,-879.9000000001342
1335.386168,1,0,0,0,1523.34326,-881.0300000000097
1335.586166,1,0,0,0,1523.34628,-878.0100000001312
1335.786164,1,0,0,0,1523.34251,-881.7800000001625
1335.986162,1,0,0,0,1523.34553,-878.7600000000566
1336.18616,1,0,0,0,1523.34081,-883.4800000001906
1336.386158,1,0,0,0,1523.34439,-879.9000000001342
1336.586156,1,0,0,0,1523.34193,-882.3600000000624
1336.786154,1,0,0,0,1523.3425,-881.7900000001373
1336.986152,1,0,0,0,1523.34439,-879.9000000001342
1337.18615,1,0,0,0,1523.34514,-879.1500000002088
1337.386148,1,0,0,0,1523.3408,-883.4900000001653
1337.586146,1,0,0,0,1523.34193,-882.3600000000624
1337.786144,1,0,0,0,1523.3425,-881.7900000001373
1337.986141,1,0,0,0,1523.34156,-882.7300000000378
1338.186139,1,0,0,0,1523.33967,-884.6200000000408
1338.386137,1,0,0,0,1523.34363,-880.6600000000344
1338.586135,1,0,0,0,1523.3425,-881.7900000001373
1338.786133,1,0,0,0,1523.3408,-883.4900000001653
1338.986131,1,0,0,0,1523.34194,-882.3500000000877
1339.186129,1,0,0,0,1523.3408,-883.4900000001653
1339.386127,1,0,0,0,1523.34194,-882.3500000000877
1339.586125,1,0,0,0,1523.34156,-882.7300000000378
1339.786123,1,0,0,0,1523.3425,-881.7900000001373
1339.986121,1,0,0,0,1523.34156,-882.7300000000378
1340.186119,1,0,0,0,1523.34326,-881.0300000000097
1340.386117,1,0,0,0,1523.3408,-883.4900000001653
1340.586115,1,0,0,0,1523.33967,-884.6200000000408
1340.786113,1,0,0,0,1523.34156,-882.7300000000378
1340.98611,1,0,0,0,1523.3408,-883.4900000001653
1341.18611,1,0,0,0,1523.34438,-879.910000000109
1341.386106,1,0,0,0,1523.34325,-881.0400000002119
1341.586104,1,0,0,0,1523.34193,-882.3600000000624
1341.786102,1,0,0,0,1523.34156,-882.7300000000378
1341.9861,1,0,0,0,1523.3425,-881.7900000001373
1342.186098,1,0,0,0,1523.34193,-882.3600000000624
1342.386096,1,0,0,0,1523.3425,-881.7900000001373
1342.586094,1,0,0,0,1523.3408,-883.4900000001653
1342.786092,1,0,0,0,1523.34325,-881.0400000002119
1342.98609,1,0,0,0,1523.34156,-882.7300000000378
1343.186088,1,0,0,0,1523.3425,-881.7900000001373
1343.386086,1,0,0,0,1523.3408,-883.4900000001653
1343.586083,1,0,0,0,1523.34043,-883.8600000001406
1343.786082,1,0,0,0,1523.34156,-882.7300000000378
1343.986079,1,0,0,0,1523.34251,-881.7800000001625
1344.186077,1,0,0,0,1523.34251,-881.7800000001625
1344.386075,1,0,0,0,1523.34251,-881.7800000001625
1344.586073,1,0,0,0,1523.34194,-882.3500000000877
1344.786071,1,0,0,0,1523.34156,-882.7300000000378
1344.986069,1,0,0,0,1523.34326,-881.0300000000097
1345.186067,1,0,0,0,1523.3408,-883.4900000001653
1345.386065,1,0,0,0,1523.34439,-879.9000000001342
1345.586063,1,0,0,0,1523.34363,-880.6600000000344
1345.786061,1,0,0,0,1523.34326,-881.0300000000097
1345.986059,1,0,0,0,1523.3425,-881.7900000001373
1346.186057,1,0,0,0,1523.3408,-883.4900000001653
1346.386055,1,0,0,0,1523.34194,-882.3500000000877
1346.586052,1,0,0,0,1523.34514,-879.1500000002088
1346.78605,1,0,0,0,1523.34364,-880.6500000000597
1346.986048,1,0,0,0,1523.34552,-878.7700000000314
1347.186046,1,0,0,0,1523.34515,-879.1400000000067
1347.386044,1,0,0,0,1523.34628,-878.0100000001312
1347.586042,1,0,0,0,1523.34515,-879.1400000000067
1347.78604,1,0,0,0,1523.34364,-880.6500000000597
1347.986038,1,0,0,0,1523.34515,-879.1400000000067
1348.186036,1,0,0,0,1523.34327,-881.020000000035
1348.386034,1,0,0,0,1523.34327,-881.020000000035
1348.586032,1,0,0,0,1523.34364,-880.6500000000597
1348.78603,1,0,0,0,1523.34327,-881.020000000035
1348.986028,1,0,0,0,1523.34364,-880.6500000000597
1349.186026,1,0,0,0,1523.34364,-880.6500000000597
1349.386024,1,0,0,0,1523.34157,-882.720000000063
1349.586021,1,0,0,0,1523.34194,-882.3500000000877
1349.78602,1,0,0,0,1523.34251,-881.7800000001625
1349.986017,1,0,0,0,1523.34515,-879.1400000000067
1350.186015,1,0,0,0,1523.34251,-881.7800000001625
1350.386013,1,0,0,0,1523.34251,-881.7800000001625
1350.586011,1,0,0,0,1523.3444,-879.8900000001595
1350.786009,1,0,0,0,1523.34496,-879.3300000002091
1350.986007,1,0,0,0,1523.34515,-879.1400000000067
1351.186005,1,0,0,0,1523.3444,-879.8900000001595
1351.386003,1,0,0,0,1523.34402,-880.2700000001096
1351.586001,1,0,0,0,1523.34081,-883.4800000001906
1351.785999,1,0,0,0,1523.34157,-882.720000000063
1351.985997,1,0,0,0,1523.34515,-879.1400000000067
1352.185995,1,0,0,0,1523.34553,-878.7600000000566
1352.385993,1,0,0,0,1523.34516,-879.1300000000319
1352.58599,1,0,0,0,1523.34327,-881.020000000035
1352.785988,1,0,0,0,1523.3444,-879.8900000001595
1352.985986,1,0,0,0,1523.34365,-880.6400000000849
1353.185984,1,0,0,0,1523.3444,-879.8900000001595
1353.385982,1,0,0,0,1523.33969,-884.6000000000913
1353.58598,1,0,0,0,1523.34365,-880.6400000000849
1353.785978,1,0,0,0,1523.34403,-880.2600000001348
1353.985976,1,0,0,0,1523.34516,-879.1300000000319
1354.185974,1,0,0,0,1523.3444,-879.8900000001595
1354.385972,1,0,0,0,1523.34686,-877.4300000000039
1354.58597,1,0,0,0,1523.34554,-878.7500000000819
1354.785968,1,0,0,0,1523.34516,-879.1300000000319
1354.985966,1,0,0,0,1523.34327,-881.020000000035
1355.185964,1,0,0,0,1523.3444,-879.8900000001595
1355.385962,1,0,0,0,1523.34516,-879.1300000000319
1355.585959,1,0,0,0,1523.34516,-879.1300000000319
1355.785957,1,0,0,0,1523.34629,-878.0000000001564
1355.985955,1,0,0,0,1523.34799,-876.3000000001284
1356.185953,1,0,0,0,1523.34799,-876.3000000001284
1356.385951,1,0,0,0,1523.34686,-877.4300000000039
1356.585949,1,0,0,0,1523.34252,-881.7700000001878
1356.785947,1,0,0,0,1523.34365,-880.6400000000849
1356.985945,1,0,0,0,1523.34743,-876.8600000000788
1357.185943,1,0,0,0,1523.34516,-879.1300000000319
1357.385941,1,0,0,0,1523.34629,-878.0000000001564
1357.585939,1,0,0,0,1523.34629,-878.0000000001564
1357.785937,1,0,0,0,1523.34629,-878.0000000001564
1357.985935,1,0,0,0,1523.34875,-875.5400000000009
1358.185933,1,0,0,0,1523.34517,-879.1200000000572
1358.385931,1,0,0,0,1523.3463,-877.9900000001817
1358.585928,1,0,0,0,1523.34517,-879.1200000000572
1358.785926,1,0,0,0,1523.34743,-876.8600000000788
1358.985924,1,0,0,0,1523.34573,-878.5600000001068
1359.185922,1,0,0,0,1523.34686,-877.4300000000039
1359.38592,1,0,0,0,1523.34875,-875.5400000000009
1359.585918,1,0,0,0,1523.348,-876.2900000001537
1359.785916,1,0,0,0,1523.34876,-875.5300000000261
1359.985914,1,0,0,0,1523.34253,-881.760000000213
1360.185912,1,0,0,0,1523.34876,-875.5300000000261
1360.38591,1,0,0,0,1523.34876,-875.5300000000261
1360.585908,1,0,0,0,1523.348,-876.2900000001537
1360.785906,1,0,0,0,1523.348,-876.2900000001537
1360.985904,1,0,0,0,1523.34687,-877.4200000000292
1361.185901,1,0,0,0,1523.34687,-877.4200000000292
1361.385899,1,0,0,0,1523.348,-876.2900000001537
1361.585897,1,0,0,0,1523.348,-876.2900000001537
1361.785895,1,0,0,0,1523.34517,-879.1200000000572
1361.985893,1,0,0,0,1523.34555,-878.7400000001071
1362.185891,1,0,0,0,1523.3463,-877.9900000001817
1362.385889,1,0,0,0,1523.34441,-879.8800000001847
1362.585887,1,0,0,0,1523.34366,-880.6300000001102
1362.785885,1,0,0,0,1523.3463,-877.9900000001817
1362.985883,1,0,0,0,1523.34517,-879.1200000000572
1363.185881,1,0,0,0,1523.3463,-877.9900000001817
1363.385879,1,0,0,0,1523.34328,-881.0100000000602
1363.585877,1,0,0,0,1523.3463,-877.9900000001817
1363.785875,1,0,0,0,1523.34555,-878.7400000001071
1363.985873,1,0,0,0,1523.3463,-877.9900000001817
1364.18587,1,0,0,0,1523.34404,-880.2500000001601
1364.385868,1,0,0,0,1523.34366,-880.6300000001102
1364.585866,1,0,0,0,1523.34517,-879.1200000000572
1364.785864,1,0,0,0,1523.34631,-877.9800000002069
1364.985862,1,0,0,0,1523.34574,-878.5500000001321
1365.18586,1,0,0,0,1523.34687,-877.4200000000292
1365.385858,1,0,0,0,1523.34687,-877.4200000000292
1365.585856,1,0,0,0,1523.34631,-877.9800000002069
1365.785854,1,0,0,0,1523.34876,-875.5300000000261
1365.985852,1,0,0,0,1523.34989,-874.4000000001506
1366.18585,1,0,0,0,1523.34631,-877.9800000002069
1366.385848,1,0,0,0,1523.34631,-877.9800000002069
1366.585846,1,0,0,0,1523.34744,-876.850000000104
1366.785844,1,0,0,0,1523.34801,-876.2800000001789
1366.985842,1,0,0,0,1523.34687,-877.4200000000292
1367.185839,1,0,0,0,1523.34442,-879.87000000021
1367.385837,1,0,0,0,1523.34442,-879.87000000021
1367.585835,1,0,0,0,1523.34517,-879.1200000000572
1367.785833,1,0,0,0,1523.34442,-879.87000000021
1367.985831,1,0,0,0,1523.34801,-876.2800000001789
1368.185829,1,0,0,0,1523.34687,-877.4200000000292
1368.385827,1,0,0,0,1523.34933,-874.960000000101
1368.585825,1,0,0,0,1523.34329,-881.0000000000855
1368.785823,1,0,0,0,1523.34744,-876.850000000104
1368.985821,1,0,0,0,1523.34442,-879.87000000021
1369.185819,1,0,0,0,1523.34687,-877.4200000000292
1369.385817,1,0,0,0,1523.34556,-878.7300000001323
1369.585815,1,0,0,0,1523.34688,-877.4100000000544
1369.785813,1,0,0,0,1523.34631,-877.9800000002069
1369.985811,1,0,0,0,1523.35046,-873.8299999999981
1370.185808,1,0,0,0,1523.34518,-879.1100000000824
1370.385806,1,0,0,0,1523.35047,-873.8200000000234
1370.585804,1,0,0,0,1523.34688,-877.4100000000544
1370.785802,1,0,0,0,1523.34688,-877.4100000000544
1370.9858,1,0,0,0,1523.34877,-875.5200000000514
1371.185798,1,0,0,0,1523.34519,-879.1000000001077
1371.385796,1,0,0,0,1523.34688,-877.4100000000544
1371.585794,1,0,0,0,1523.3499,-874.3900000001759
1371.785792,1,0,0,0,1523.34632,-877.9700000000048
1371.98579,1,0,0,0,1523.34632,-877.9700000000048
1372.185788,1,0,0,0,1523.34688,-877.4100000000544
1372.385786,1,0,0,0,1523.34802,-876.2700000002042
1372.585784,1,0,0,0,1523.34934,-874.9500000001262
1372.785782,1,0,0,0,1523.34802,-876.2700000002042
1372.98578,1,0,0,0,1523.34877,-875.5200000000514
1373.185778,1,0,0,0,1523.34877,-875.5200000000514
1373.385775,1,0,0,0,1523.34915,-875.1400000001013
1373.585773,1,0,0,0,1523.34688,-877.4100000000544
1373.785771,1,0,0,0,1523.34877,-875.5200000000514
1373.985769,1,0,0,0,1523.34688,-877.4100000000544
1374.185767,1,0,0,0,1523.34688,-877.4100000000544
1374.385765,1,0,0,0,1523.34688,-877.4100000000544
1374.585763,1,0,0,0,1523.34631,-877.9800000002069
1374.785761,1,0,0,0,1523.34688,-877.4100000000544
1374.985759,1,0,0,0,1523.34688,-877.4100000000544
1375.185757,1,0,0,0,1523.34518,-879.1100000000824
1375.385755,1,0,0,0,1523.34687,-877.4200000000292
1375.585752,1,0,0,0,1523.34687,-877.4200000000292
1375.785751,1,0,0,0,1523.34744,-876.850000000104
1375.985748,1,0,0,0,1523.34442,-879.87000000021
1376.185746,1,0,0,0,1523.34989,-874.4000000001506
1376.385744,1,0,0,0,1523.34876,-875.5300000000261
1376.585742,1,0,0,0,1523.34876,-875.5300000000261
1376.78574,1,0,0,0,1523.34875,-875.5400000000009
1376.985738,1,0,0,0,1523.3463,-877.9900000001817
1377.185736,1,0,0,0,1523.3463,-877.9900000001817
1377.385734,1,0,0,0,1523.34743,-876.8600000000788
1377.585732,1,0,0,0,1523.34631,-877.9800000002069
1377.78573,1,0,0,0,1523.34517,-879.1200000000572
1377.985728,1,0,0,0,1523.348,-876.2900000001537
1378.185726,1,0,0,0,1523.34876,-875.5300000000261
1378.385724,1,0,0,0,1523.34801,-876.2800000001789
1378.585722,1,0,0,0,1523.34555,-878.7400000001071
1378.785719,1,0,0,0,1523.34801,-876.2800000001789
1378.985717,1,0,0,0,1523.34744,-876.850000000104
1379.185715,1,0,0,0,1523.34801,-876.2800000001789
1379.385713,1,0,0,0,1523.34744,-876.850000000104
1379.585711,1,0,0,0,1523.3499,-874.3900000001759
1379.785709,1,0,0,0,1523.3499,-874.3900000001759
1379.985707,1,0,0,0,1523.34801,-876.2800000001789
1380.185705,1,0,0,0,1523.35103,-873.260000000073
1380.385703,1,0,0,0,1523.34876,-875.5300000000261
1380.585701,1,0,0,0,1523.34763,-876.660000000129
1380.785699,1,0,0,0,1523.34801,-876.2800000001789
1380.985697,1,0,0,0,1523.34801,-876.2800000001789
1381.185695,1,0,0,0,1523.34801,-876.2800000001789
1381.385693,1,0,0,0,1523.34801,-876.2800000001789
1381.58569,1,0,0,0,1523.34801,-876.2800000001789
1381.785688,1,0,0,0,1523.34801,-876.2800000001789
1381.985686,1,0,0,0,1523.34933,-874.960000000101
1382.185684,1,0,0,0,1523.34914,-875.150000000076
1382.385683,1,0,0,0,1523.34989,-874.4000000001506
1382.58568,1,0,0,0,1523.34687,-877.4200000000292
1382.785678,1,0,0,0,1523.35103,-873.260000000073
1382.985676,1,0,0,0,1523.34801,-876.2800000001789
1383.185674,1,0,0,0,1523.34933,-874.960000000101
1383.385672,1,0,0,0,1523.34914,-875.150000000076
1383.58567,1,0,0,0,1523.3499,-874.3900000001759
1383.785668,1,0,0,0,1523.35179,-872.5000000001728
1383.985666,1,0,0,0,1523.34801,-876.2800000001789
1384.185664,1,0,0,0,1523.35179,-872.5000000001728
1384.385661,1,0,0,0,1523.34801,-876.2800000001789
1384.58566,1,0,0,0,1523.35047,-873.8200000000234
1384.785657,1,0,0,0,1523.35047,-873.8200000000234
1384.985655,1,0,0,0,1523.34934,-874.9500000001262
1385.185653,1,0,0,0,1523.35179,-872.5000000001728
1385.385651,1,0,0,0,1523.34934,-874.9500000001262
1385.585649,1,0,0,0,1523.35236,-871.9300000000203
1385.785647,1,0,0,0,1523.34877,-875.5200000000514
1385.985645,1,0,0,0,1523.34802,-876.2700000002042
1386.185643,1,0,0,0,1523.3499,-874.3900000001759
1386.385641,1,0,0,0,1523.3499,-874.3900000001759
1386.585639,1,0,0,0,1523.3499,-874.3900000001759
1386.785637,1,0,0,0,1523.34877,-875.5200000000514
1386.985635,1,0,0,0,1523.3499,-874.3900000001759
1387.185632,1,0,0,0,1523.34877,-875.5200000000514
1387.385631,1,0,0,0,1523.34802,-876.2700000002042
1387.585629,1,0,0,0,1523.3499,-874.3900000001759
1387.785626,1,0,0,0,1523.34802,-876.2700000002042
1387.985624,1,0,0,0,1523.34802,-876.2700000002042
1388.185622,1,0,0,0,1523.34801,-876.2800000001789
1388.38562,1,0,0,0,1523.34877,-875.5200000000514
1388.585618,1,0,0,0,1523.35047,-873.8200000000234
1388.785616,1,0,0,0,1523.34877,-875.5200000000514
1388.985614,1,0,0,0,1523.35179,-872.5000000001728
1389.185612,1,0,0,0,1523.34933,-874.960000000101
1389.38561,1,0,0,0,1523.34631,-877.9800000002069
1389.585608,1,0,0,0,1523.34914,-875.150000000076
1389.785606,1,0,0,0,1523.34877,-875.5200000000514
1389.985604,1,0,0,0,1523.34632,-877.9700000000048
1390.185602,1,0,0,0,1523.34764,-876.6500000001543
1390.385599,1,0,0,0,1523.34877,-875.5200000000514
1390.585597,1,0,0,0,1523.34802,-876.2700000002042
1390.785595,1,0,0,0,1523.3499,-874.3900000001759
1390.985593,1,0,0,0,1523.34802,-876.2700000002042
1391.185591,1,0,0,0,1523.34915,-875.1400000001013
1391.385589,1,0,0,0,1523.34877,-875.5200000000514
1391.585587,1,0,0,0,1523.35047,-873.8200000000234
1391.785585,1,0,0,0,1523.34991,-874.3800000002011
1391.985583,1,0,0,0,1523.34915,-875.1400000001013
1392.185581,1,0,0,0,1523.34991,-874.3800000002011
1392.385579,1,0,0,0,1523.35048,-873.8100000000486
1392.585577,1,0,0,0,1523.3518,-872.490000000198
1392.785575,1,0,0,0,1523.34878,-875.5100000000766
1392.985573,1,0,0,0,1523.34802,-876.2700000002042
1393.18557,1,0,0,0,1523.35048,-873.8100000000486
1393.385568,1,0,0,0,1523.34689,-877.4000000000797
1393.585567,1,0,0,0,1523.35048,-873.8100000000486
1393.785564,1,0,0,0,1523.34991,-874.3800000002011
1393.985562,1,0,0,0,1523.35048,-873.8100000000486
1394.18556,1,0,0,0,1523.35236,-871.9300000000203
1394.385558,1,0,0,0,1523.3518,-872.490000000198
1394.585556,1,0,0,0,1523.34935,-874.9400000001515
1394.785554,1,0,0,0,1523.34991,-874.3800000002011
1394.985552,1,0,0,0,1523.34689,-877.4000000000797
1395.18555,1,0,0,0,1523.34878,-875.5100000000766
1395.385548,1,0,0,0,1523.3518,-872.490000000198
1395.585546,1,0,0,0,1523.34934,-874.9500000001262
1395.785544,1,0,0,0,1523.35179,-872.5000000001728
1395.985542,1,0,0,0,1523.3499,-874.3900000001759
1396.185539,1,0,0,0,1523.35047,-873.8200000000234
1396.385537,1,0,0,0,1523.34991,-874.3800000002011
1396.585535,1,0,0,0,1523.35104,-873.2500000000982
1396.785533,1,0,0,0,1523.35047,-873.8200000000234
1396.985531,1,0,0,0,1523.35047,-873.8200000000234
1397.185529,1,0,0,0,1523.35236,-871.9300000000203
1397.385527,1,0,0,0,1523.3518,-872.490000000198
1397.585525,1,0,0,0,1523.34991,-874.3800000002011
1397.785523,1,0,0,0,1523.35104,-873.2500000000982
1397.985521,1,0,0,0,1523.35048,-873.8100000000486
1398.185519,1,0,0,0,1523.3518,-872.490000000198
1398.385517,1,0,0,0,1523.35104,-873.2500000000982
1398.585515,1,0,0,0,1523.34991,-874.3800000002011
1398.785513,1,0,0,0,1523.35048,-873.8100000000486
1398.985511,1,0,0,0,1523.34934,-874.9500000001262
1399.185509,1,0,0,0,1523.34991,-874.3800000002011
1399.385506,1,0,0,0,1523.34991,-874.3800000002011
1399.585504,1,0,0,0,1523.34916,-875.1300000001265
1399.785502,1,0,0,0,1523.34878,-875.5100000000766
1399.9855,1,0,0,0,1523.34878,-875.5100000000766
1400.185498,1,0,0,0,1523.34821,-876.0800000000017
1400.385496,1,0,0,0,1523.34991,-874.3800000002011
1400.585494,1,0,0,0,1523.35048,-873.8100000000486
1400.785492,1,0,0,0,1523.34991,-874.3800000002011
1400.98549,1,0,0,0,1523.35048,-873.8100000000486
1401.185488,1,0,0,0,1523.34991,-874.3800000002011
1401.385486,1,0,0,0,1523.34802,-876.2700000002042
1401.585484,1,0,0,0,1523.34934,-874.9500000001262
1401.785481,1,0,0,0,1523.34878,-875.5100000000766
1401.98548,1,0,0,0,1523.34878,-875.5100000000766
1402.185477,1,0,0,0,1523.34878,-875.5100000000766
1402.385475,1,0,0,0,1523.35048,-873.8100000000486
1402.585473,1,0,0,0,1523.34991,-874.3800000002011
1402.785471,1,0,0,0,1523.34802,-876.2700000002042
1402.985469,1,0,0,0,1523.34802,-876.2700000002042
1403.185467,1,0,0,0,1523.34991,-874.3800000002011
1403.385465,1,0,0,0,1523.34802,-876.2700000002042
1403.585463,1,0,0,0,1523.34991,-874.3800000002011
1403.785461,1,0,0,0,1523.34991,-874.3800000002011
1403.985459,1,0,0,0,1523.3518,-872.490000000198
1404.185457,1,0,0,0,1523.34803,-876.260000000002
1404.385455,1,0,0,0,1523.34689,-877.4000000000797
1404.585453,1,0,0,0,1523.34991,-874.3800000002011
1404.785451,1,0,0,0,1523.3518,-872.490000000198
1404.985448,1,0,0,0,1523.34878,-875.5100000000766
1405.185447,1,0,0,0,1523.34991,-874.3800000002011
1405.385444,1,0,0,0,1523.34991,-874.3800000002011
1405.585442,1,0,0,0,1523.3518,-872.490000000198
1405.78544,1,0,0,0,1523.3535,-870.79000000017
1405.985438,1,0,0,0,1523.34991,-874.3800000002011
1406.185436,1,0,0,0,1523.34991,-874.3800000002011
1406.385434,1,0,0,0,1523.3518,-872.490000000198
1406.585432,1,0,0,0,1523.35048,-873.8100000000486
1406.78543,1,0,0,0,1523.34991,-874.3800000002011
1406.985428,1,0,0,0,1523.34878,-875.5100000000766
1407.185426,1,0,0,0,1523.34916,-875.1300000001265
1407.385424,1,0,0,0,1523.34991,-874.3800000002011
1407.585422,1,0,0,0,1523.3518,-872.490000000198
1407.785419,1,0,0,0,1523.34916,-875.1300000001265
1407.985417,1,0,0,0,1523.35048,-873.8100000000486
1408.185415,1,0,0,0,1523.34878,-875.5100000000766
1408.385413,1,0,0,0,1523.3518,-872.490000000198
1408.585411,1,0,0,0,1523.35105,-873.2400000001235
1408.785409,1,0,0,0,1523.3518,-872.490000000198
1408.985407,1,0,0,0,1523.34992,-874.369999999999
1409.185405,1,0,0,0,1523.34916,-875.1300000001265
1409.385403,1,0,0,0,1523.35312,-871.1700000001201
1409.585401,1,0,0,0,1523.34991,-874.3800000002011
1409.785399,1,0,0,0,1523.34878,-875.5100000000766
1409.985397,1,0,0,0,1523.3518,-872.490000000198
1410.185395,1,0,0,0,1523.3535,-870.79000000017
1410.385393,1,0,0,0,1523.34991,-874.3800000002011
1410.585391,1,0,0,0,1523.35236,-871.9300000000203
1410.785388,1,0,0,0,1523.35123,-873.0600000001232
1410.985386,1,0,0,0,1523.35105,-873.2400000001235
1411.185384,1,0,0,0,1523.3518,-872.490000000198
1411.385382,1,0,0,0,1523.34991,-874.3800000002011
1411.58538,1,0,0,0,1523.34991,-874.3800000002011
1411.785378,1,0,0,0,1523.34916,-875.1300000001265
1411.985376,1,0,0,0,1523.35104,-873.2500000000982
1412.185374,1,0,0,0,1523.34991,-874.3800000002011
1412.385372,1,0,0,0,1523.34991,-874.3800000002011
1412.58537,1,0,0,0,1523.34802,-876.2700000002042
1412.785368,1,0,0,0,1523.35179,-872.5000000001728
1412.985366,1,0,0,0,1523.34877,-875.5200000000514
1413.185364,1,0,0,0,1523.35047,-873.8200000000234
1413.385362,1,0,0,0,1523.34915,-875.1400000001013
1413.58536,1,0,0,0,1523.35047,-873.8200000000234
1413.785357,1,0,0,0,1523.34877,-875.5200000000514
1413.985355,1,0,0,0,1523.34801,-876.2800000001789
1414.185353,1,0,0,0,1523.3499,-874.3900000001759
1414.385351,1,0,0,0,1523.35179,-872.5000000001728
1414.585349,1,0,0,0,1523.35235,-871.9400000002224
1414.785347,1,0,0,0,1523.34877,-875.5200000000514
1414.985345,1,0,0,0,1523.34877,-875.5200000000514
1415.185343,1,0,0,0,1523.34801,-876.2800000001789
1415.385341,1,0,0,0,1523.34933,-874.960000000101
1415.585339,1,0,0,0,1523.34877,-875.5200000000514
1415.785337,1,0,0,0,1523.34933,-874.960000000101
1415.985335,1,0,0,0,1523.35179,-872.5000000001728
1416.185333,1,0,0,0,1523.3499,-874.3900000001759
1416.38533,1,0,0,0,1523.35179,-872.5000000001728
1416.585329,1,0,0,0,1523.3499,-874.3900000001759
1416.785326,1,0,0,0,1523.34915,-875.1400000001013
1416.985324,1,0,0,0,1523.35047,-873.8200000000234
1417.185322,1,0,0,0,1523.34933,-874.960000000101
1417.38532,1,0,0,0,1523.35047,-873.8200000000234
1417.585318,1,0,0,0,1523.35235,-871.9400000002224
1417.785316,1,0,0,0,1523.35179,-872.5000000001728
1417.985315,1,0,0,0,1523.35047,-873.8200000000234
1418.185312,1,0,0,0,1523.3499,-874.3900000001759
1418.38531,1,0,0,0,1523.35179,-872.5000000001728
1418.585308,1,0,0,0,1523.35047,-873.8200000000234
1418.785306,1,0,0,0,1523.34914,-875.150000000076
1418.985304,1,0,0,0,1523.35103,-873.260000000073
1419.185302,1,0,0,0,1523.35047,-873.8200000000234
1419.3853,1,0,0,0,1523.3499,-874.3900000001759
1419.585298,1,0,0,0,1523.35047,-873.8200000000234
1419.785295,1,0,0,0,1523.35047,-873.8200000000234
1419.985293,1,0,0,0,1523.3499,-874.3900000001759
1420.185291,1,0,0,0,1523.3499,-874.3900000001759
1420.385289,1,0,0,0,1523.35179,-872.5000000001728
1420.585287,1,0,0,0,1523.3499,-874.3900000001759
1420.785285,1,0,0,0,1523.35236,-871.9300000000203
1420.985283,1,0,0,0,1523.34991,-874.3800000002011
1421.185281,1,0,0,0,1523.34991,-874.3800000002011
1421.385279,1,0,0,0,1523.34878,-875.5100000000766
1421.585277,1,0,0,0,1523.35047,-873.8200000000234
1421.785275,1,0,0,0,1523.35236,-871.9300000000203
1421.985273,1,0,0,0,1523.3518,-872.490000000198
1422.185271,1,0,0,0,1523.34991,-874.3800000002011
1422.385269,1,0,0,0,1523.35048,-873.8100000000486
1422.585267,1,0,0,0,1523.3518,-872.490000000198
1422.785264,1,0,0,0,1523.35236,-871.9300000000203
1422.985262,1,0,0,0,1523.35349,-870.8000000001448
1423.18526,1,0,0,0,1523.35236,-871.9300000000203
1423.385258,1,0,0,0,1523.34991,-874.3800000002011
1423.585256,1,0,0,0,1523.35047,-873.8200000000234
1423.785254,1,0,0,0,1523.34991,-874.3800000002011
1423.985252,1,0,0,0,1523.35047,-873.8200000000234
1424.18525,1,0,0,0,1523.34878,-875.5100000000766
1424.385248,1,0,0,0,1523.34802,-876.2700000002042
1424.585246,1,0,0,0,1523.34915,-875.1400000001013
1424.785244,1,0,0,0,1523.34802,-876.2700000002042
1424.985242,1,0,0,0,1523.34688,-877.4100000000544
1425.18524,1,0,0,0,1523.34877,-875.5200000000514
1425.385237,1,0,0,0,1523.34802,-876.2700000002042
1425.585235,1,0,0,0,1523.34877,-875.5200000000514
1425.785233,1,0,0,0,1523.34934,-874.9500000001262
1425.985231,1,0,0,0,1523.35179,-872.5000000001728
1426.185229,1,0,0,0,1523.34688,-877.4100000000544
1426.385227,1,0,0,0,1523.3499,-874.3900000001759
1426.585225,1,0,0,0,1523.34802,-876.2700000002042
1426.785223,1,0,0,0,1523.34877,-875.5200000000514
1426.985221,1,0,0,0,1523.35104,-873.2500000000982
1427.185219,1,0,0,0,1523.35047,-873.8200000000234
1427.385217,1,0,0,0,1523.3499,-874.3900000001759
1427.585215,1,0,0,0,1523.34802,-876.2700000002042
1427.785213,1,0,0,0,1523.34877,-875.5200000000514
1427.985211,1,0,0,0,1523.3499,-874.3900000001759
1428.185209,1,0,0,0,1523.34802,-876.2700000002042
1428.385206,1,0,0,0,1523.34915,-875.1400000001013
1428.585204,1,0,0,0,1523.35047,-873.8200000000234
1428.785203,1,0,0,0,1523.35047,-873.8200000000234
1428.9852,1,0,0,0,1523.3499,-874.3900000001759
1429.185198,1,0,0,0,1523.34877,-875.5200000000514
1429.385196,1,0,0,0,1523.34877,-875.5200000000514
1429.585194,1,0,0,0,1523.35047,-873.8200000000234
1429.785192,1,0,0,0,1523.34877,-875.5200000000514
1429.98519,1,0,0,0,1523.34991,-874.3800000002011
1430.185188,1,0,0,0,1523.35179,-872.5000000001728
1430.385186,1,0,0,0,1523.35047,-873.8200000000234
1430.585184,1,0,0,0,1523.34915,-875.1400000001013
1430.785182,1,0,0,0,1523.34991,-874.3800000002011
1430.98518,1,0,0,0,1523.35048,-873.8100000000486
1431.185178,1,0,0,0,1523.34991,-874.3800000002011
1431.385175,1,0,0,0,1523.34802,-876.2700000002042
1431.585174,1,0,0,0,1523.35048,-873.8100000000486
1431.785171,1,0,0,0,1523.34991,-874.3800000002011
1431.985169,1,0,0,0,1523.34991,-874.3800000002011
1432.185167,1,0,0,0,1523.35048,-873.8100000000486
1432.385165,1,0,0,0,1523.34878,-875.5100000000766
1432.585163,1,0,0,0,1523.35048,-873.8100000000486
1432.785161,1,0,0,0,1523.3518,-872.490000000198
1432.985159,1,0,0,0,1523.34878,-875.5100000000766
1433.185157,1,0,0,0,1523.35048,-873.8100000000486
1433.385155,1,0,0,0,1523.34878,-875.5100000000766
1433.585153,1,0,0,0,1523.35048,-873.8100000000486
1433.785151,1,0,0,0,1523.35048,-873.8100000000486
1433.985148,1,0,0,0,1523.34878,-875.5100000000766
1434.185146,1,0,0,0,1523.3503,-873.9900000000489
1434.385144,1,0,0,0,1523.35048,-873.8100000000486
1434.585142,1,0,0,0,1523.34992,-874.369999999999
1434.78514,1,0,0,0,1523.35048,-873.8100000000486
1434.985138,1,0,0,0,1523.34992,-874.369999999999
1435.185136,1,0,0,0,1523.34916,-875.1300000001265
1435.385134,1,0,0,0,1523.35181,-872.4800000002233
1435.585132,1,0,0,0,1523.35105,-873.2400000001235
1435.78513,1,0,0,0,1523.35351,-870.7800000001953
1435.985128,1,0,0,0,1523.34992,-874.369999999999
1436.185126,1,0,0,0,1523.35049,-873.8000000000739
1436.385124,1,0,0,0,1523.35049,-873.8000000000739
1436.585122,1,0,0,0,1523.34936,-874.9300000001767
1436.78512,1,0,0,0,1523.34879,-875.5000000001019
1436.985117,1,0,0,0,1523.34634,-877.9500000000553
1437.185116,1,0,0,0,1523.34804,-876.2500000000273
1437.385113,1,0,0,0,1523.34804,-876.2500000000273
1437.585111,1,0,0,0,1523.34879,-875.5000000001019
1437.785109,1,0,0,0,1523.34804,-876.2500000000273
1437.985107,1,0,0,0,1523.3469,-877.3900000001049
1438.185105,1,0,0,0,1523.34879,-875.5000000001019
1438.385103,1,0,0,0,1523.34917,-875.1200000001518
1438.585101,1,0,0,0,1523.34879,-875.5000000001019
1438.785099,1,0,0,0,1523.34804,-876.2500000000273
1438.985097,1,0,0,0,1523.34993,-874.3600000000242
1439.185095,1,0,0,0,1523.3488,-875.4900000001271
1439.385093,1,0,0,0,1523.3488,-875.4900000001271
1439.585091,1,0,0,0,1523.34804,-876.2500000000273
1439.785089,1,0,0,0,1523.34804,-876.2500000000273
1439.985086,1,0,0,0,1523.34879,-875.5000000001019
1440.185084,1,0,0,0,1523.34917,-875.1200000001518
1440.385082,1,0,0,0,1523.34992,-874.369999999999
1440.58508,1,0,0,0,1523.34747,-876.8200000001798
1440.785078,1,0,0,0,1523.34747,-876.8200000001798
1440.985076,1,0,0,0,1523.34804,-876.2500000000273
1441.185074,1,0,0,0,1523.34992,-874.369999999999
1441.385072,1,0,0,0,1523.34993,-874.3600000000242
1441.58507,1,0,0,0,1523.34804,-876.2500000000273
1441.785068,1,0,0,0,1523.3488,-875.4900000001271
1441.985066,1,0,0,0,1523.34747,-876.8200000001798
1442.185064,1,0,0,0,1523.34993,-874.3600000000242
1442.385062,1,0,0,0,1523.34993,-874.3600000000242
1442.58506,1,0,0,0,1523.34691,-877.3800000001302
1442.785058,1,0,0,0,1523.34918,-875.110000000177
1442.985055,1,0,0,0,1523.34804,-876.2500000000273
1443.185053,1,0,0,0,1523.34635,-877.9400000000805
1443.385051,1,0,0,0,1523.3488,-875.4900000001271
1443.585049,1,0,0,0,1523.34993,-874.3600000000242
1443.785047,1,0,0,0,1523.34805,-876.2400000000525
1443.985045,1,0,0,0,1523.3488,-875.4900000001271
1444.185043,1,0,0,0,1523.34805,-876.2400000000525
1444.385041,1,0,0,0,1523.34918,-875.110000000177
1444.585039,1,0,0,0,1523.35182,-872.4700000000212
1444.785037,1,0,0,0,1523.3488,-875.4900000001271
1444.985035,1,0,0,0,1523.3488,-875.4900000001271
1445.185033,1,0,0,0,1523.35238,-871.9100000000708
1445.385031,1,0,0,0,1523.34805,-876.2400000000525
1445.585029,1,0,0,0,1523.34691,-877.3800000001302
1445.785027,1,0,0,0,1523.34993,-874.3600000000242
1445.985024,1,0,0,0,1523.35012,-874.1700000000492
1446.185022,1,0,0,0,1523.34993,-874.3600000000242
1446.38502,1,0,0,0,1523.34691,-877.3800000001302
1446.585018,1,0,0,0,1523.34634,-877.9500000000553
1446.785016,1,0,0,0,1523.34993,-874.3600000000242
1446.985014,1,0,0,0,1523.34747,-876.8200000001798
1447.185012,1,0,0,0,1523.34917,-875.1200000001518
1447.38501,1,0,0,0,1523.34804,-876.2500000000273
1447.585008,1,0,0,0,1523.34993,-874.3600000000242
1447.785006,1,0,0,0,1523.3505,-873.7900000000991
1447.985004,1,0,0,0,1523.3505,-873.7900000000991
1448.185002,1,0,0,0,1523.34993,-874.3600000000242
1448.385,1,0,0,0,1523.34804,-876.2500000000273
1448.584998,1,0,0,0,1523.34936,-874.9300000001767
1448.784996,1,0,0,0,1523.34691,-877.3800000001302
1448.984993,1,0,0,0,1523.34936,-874.9300000001767
1449.184991,1,0,0,0,1523.34748,-876.810000000205
1449.384989,1,0,0,0,1523.3488,-875.4900000001271
1449.584987,1,0,0,0,1523.34804,-876.2500000000273
1449.784985,1,0,0,0,1523.34691,-877.3800000001302
1449.984983,1,0,0,0,1523.3488,-875.4900000001271
1450.184981,1,0,0,0,1523.34767,-876.6200000000026
1450.384979,1,0,0,0,1523.34691,-877.3800000001302
1450.584977,1,0,0,0,1523.34993,-874.3600000000242
1450.784975,1,0,0,0,1523.3488,-875.4900000001271
1450.984973,1,0,0,0,1523.34691,-877.3800000001302
1451.18497,1,0,0,0,1523.34748,-876.810000000205
1451.384969,1,0,0,0,1523.3488,-875.4900000001271
1451.584966,1,0,0,0,1523.34804,-876.2500000000273
1451.784964,1,0,0,0,1523.34634,-877.9500000000553
1451.984962,1,0,0,0,1523.34804,-876.2500000000273
1452.18496,1,0,0,0,1523.34879,-875.5000000001019
1452.384958,1,0,0,0,1523.34879,-875.5000000001019
1452.584956,1,0,0,0,1523.3469,-877.3900000001049
1452.784954,1,0,0,0,1523.3469,-877.3900000001049
1452.984952,1,0,0,0,1523.34804,-876.2500000000273
1453.18495,1,0,0,0,1523.34992,-874.369999999999
1453.384948,1,0,0,0,1523.34879,-875.5000000001019
1453.584946,1,0,0,0,1523.3469,-877.3900000001049
1453.784944,1,0,0,0,1523.34634,-877.9500000000553
1453.984941,1,0,0,0,1523.34634,-877.9500000000553
1454.184939,1,0,0,0,1523.34879,-875.5000000001019
1454.384938,1,0,0,0,1523.34634,-877.9500000000553
1454.584935,1,0,0,0,1523.3488,-875.4900000001271
1454.784933,1,0,0,0,1523.34917,-875.1200000001518
1454.984931,1,0,0,0,1523.34993,-874.3600000000242
1455.184929,1,0,0,0,1523.3488,-875.4900000001271
1455.384927,1,0,0,0,1523.34691,-877.3800000001302
1455.584925,1,0,0,0,1523.3488,-875.4900000001271
1455.784923,1,0,0,0,1523.3488,-875.4900000001271
1455.984921,1,0,0,0,1523.34804,-876.2500000000273
1456.184919,1,0,0,0,1523.34992,-874.369999999999
1456.384917,1,0,0,0,1523.34879,-875.5000000001019
1456.584915,1,0,0,0,1523.3469,-877.3900000001049
1456.784913,1,0,0,0,1523.3469,-877.3900000001049
1456.98491,1,0,0,0,1523.34992,-874.369999999999
1457.184909,1,0,0,0,1523.34879,-875.5000000001019
1457.384907,1,0,0,0,1523.34804,-876.2500000000273
1457.584904,1,0,0,0,1523.34879,-875.5000000001019
1457.784902,1,0,0,0,1523.34879,-875.5000000001019
1457.9849,1,0,0,0,1523.34804,-876.2500000000273
1458.184898,1,0,0,0,1523.35049,-873.8000000000739
1458.384896,1,0,0,0,1523.34804,-876.2500000000273
1458.584894,1,0,0,0,1523.34992,-874.369999999999
1458.784892,1,0,0,0,1523.34992,-874.369999999999
1458.98489,1,0,0,0,1523.34879,-875.5000000001019
1459.184888,1,0,0,0,1523.34992,-874.369999999999
1459.384886,1,0,0,0,1523.34879,-875.5000000001019
1459.584884,1,0,0,0,1523.34879,-875.5000000001019
1459.784882,1,0,0,0,1523.34992,-874.369999999999
1459.984879,1,0,0,0,1523.34804,-876.2500000000273
1460.184877,1,0,0,0,1523.34992,-874.369999999999
1460.384875,1,0,0,0,1523.35351,-870.7800000001953
1460.584873,1,0,0,0,1523.35181,-872.4800000002233
1460.784872,1,0,0,0,1523.35049,-873.8000000000739
1460.98487,1,0,0,0,1523.35181,-872.4800000002233
1461.184867,1,0,0,0,1523.34804,-876.2500000000273
1461.384865,1,0,0,0,1523.34804,-876.2500000000273
1461.584863,1,0,0,0,1523.34804,-876.2500000000273
1461.784861,1,0,0,0,1523.34804,-876.2500000000273
1461.984859,1,0,0,0,1523.3469,-877.3900000001049
1462.184857,1,0,0,0,1523.3469,-877.3900000001049
1462.384855,1,0,0,0,1523.34879,-875.5000000001019
1462.584853,1,0,0,0,1523.34803,-876.260000000002
1462.784851,1,0,0,0,1523.34803,-876.260000000002
1462.984848,1,0,0,0,1523.34633,-877.96000000003
1463.184847,1,0,0,0,1523.34992,-874.369999999999
1463.384845,1,0,0,0,1523.34878,-875.5100000000766
1463.584842,1,0,0,0,1523.34803,-876.260000000002
1463.78484,1,0,0,0,1523.34803,-876.260000000002
1463.984838,1,0,0,0,1523.3452,-879.0900000001329
1464.184836,1,0,0,0,1523.34803,-876.260000000002
1464.384834,1,0,0,0,1523.34746,-876.8300000001545
1464.584832,1,0,0,0,1523.34633,-877.96000000003
1464.78483,1,0,0,0,1523.34991,-874.3800000002011
1464.984828,1,0,0,0,1523.3452,-879.0900000001329
1465.184826,1,0,0,0,1523.3469,-877.3900000001049
1465.384824,1,0,0,0,1523.3469,-877.3900000001049
1465.584822,1,0,0,0,1523.34879,-875.5000000001019
1465.78482,1,0,0,0,1523.35105,-873.2400000001235
1465.984818,1,0,0,0,1523.34634,-877.9500000000553
1466.184815,1,0,0,0,1523.34747,-876.8200000001798
1466.384813,1,0,0,0,1523.34804,-876.2500000000273
1466.584811,1,0,0,0,1523.35181,-872.4800000002233
1466.784809,1,0,0,0,1523.34804,-876.2500000000273
1466.984807,1,0,0,0,1523.34804,-876.2500000000273
1467.184805,1,0,0,0,1523.34747,-876.8200000001798
1467.384803,1,0,0,0,1523.34521,-879.0800000001582
1467.584801,1,0,0,0,1523.34993,-874.3600000000242
1467.784799,1,0,0,0,1523.34804,-876.2500000000273
1467.984797,1,0,0,0,1523.35049,-873.8000000000739
1468.184795,1,0,0,0,1523.34993,-874.3600000000242
1468.384793,1,0,0,0,1523.34804,-876.2500000000273
1468.584791,1,0,0,0,1523.34804,-876.2500000000273
1468.784789,1,0,0,0,1523.34691,-877.3800000001302
1468.984787,1,0,0,0,1523.34804,-876.2500000000273
1469.184784,1,0,0,0,1523.34992,-874.369999999999
1469.384782,1,0,0,0,1523.34916,-875.1300000001265
1469.58478,1,0,0,0,1523.35049,-873.8000000000739
1469.784778,1,0,0,0,1523.34916,-875.1300000001265
1469.984776,1,0,0,0,1523.34992,-874.369999999999
1470.184774,1,0,0,0,1523.34879,-875.5000000001019
1470.384772,1,0,0,0,1523.3469,-877.3900000001049
1470.58477,1,0,0,0,1523.3469,-877.3900000001049
1470.784768,1,0,0,0,1523.34879,-875.5000000001019
1470.984766,1,0,0,0,1523.34804,-876.2500000000273
1471.184764,1,0,0,0,1523.34804,-876.2500000000273
1471.384762,1,0,0,0,1523.34992,-874.369999999999
1471.58476,1,0,0,0,1523.35106,-873.2300000001487
1471.784758,1,0,0,0,1523.34691,-877.3800000001302
1471.984756,1,0,0,0,1523.34804,-876.2500000000273
1472.184753,1,0,0,0,1523.34804,-876.2500000000273
1472.384751,1,0,0,0,1523.34992,-874.369999999999
1472.584749,1,0,0,0,1523.35181,-872.4800000002233
1472.784747,1,0,0,0,1523.35125,-873.0400000001737
1472.984745,1,0,0,0,1523.34992,-874.369999999999
1473.184743,1,0,0,0,1523.34879,-875.5000000001019
1473.384741,1,0,0,0,1523.34691,-877.3800000001302
1473.584739,1,0,0,0,1523.34804,-876.2500000000273
1473.784737,1,0,0,0,1523.34691,-877.3800000001302
1473.984735,1,0,0,0,1523.34879,-875.5000000001019
1474.184733,1,0,0,0,1523.35049,-873.8000000000739
1474.384731,1,0,0,0,1523.34634,-877.9500000000553
1474.584728,1,0,0,0,1523.3469,-877.3900000001049
1474.784726,1,0,0,0,1523.34803,-876.260000000002
1474.984724,1,0,0,0,1523.34689,-877.4000000000797
1475.184722,1,0,0,0,1523.34803,-876.260000000002
1475.38472,1,0,0,0,1523.34765,-876.6400000001795
1475.584718,1,0,0,0,1523.34633,-877.96000000003
1475.784716,1,0,0,0,1523.34689,-877.4000000000797
1475.984714,1,0,0,0,1523.34689,-877.4000000000797
1476.184712,1,0,0,0,1523.34916,-875.1300000001265
1476.38471,1,0,0,0,1523.34803,-876.260000000002
1476.584708,1,0,0,0,1523.34765,-876.6400000001795
1476.784706,1,0,0,0,1523.34633,-877.96000000003
1476.984704,1,0,0,0,1523.34633,-877.96000000003
1477.184702,1,0,0,0,1523.34765,-876.6400000001795
1477.3847,1,0,0,0,1523.34803,-876.260000000002
1477.584697,1,0,0,0,1523.34765,-876.6400000001795
1477.784695,1,0,0,0,1523.34689,-877.4000000000797
1477.984694,1,0,0,0,1523.34878,-875.5100000000766
1478.184691,1,0,0,0,1523.3452,-879.0900000001329
1478.384689,1,0,0,0,1523.34803,-876.260000000002
1478.584687,1,0,0,0,1523.34916,-875.1300000001265
1478.784685,1,0,0,0,1523.34803,-876.260000000002
1478.984683,1,0,0,0,1523.34633,-877.96000000003
1479.184681,1,0,0,0,1523.34803,-876.260000000002
1479.384679,1,0,0,0,1523.34935,-874.9400000001515
1479.584677,1,0,0,0,1523.34878,-875.5100000000766
1479.784675,1,0,0,0,1523.34878,-875.5100000000766
1479.984673,1,0,0,0,1523.34746,-876.8300000001545
1480.184671,1,0,0,0,1523.34878,-875.5100000000766
1480.384669,1,0,0,0,1523.35048,-873.8100000000486
1480.584666,1,0,0,0,1523.34803,-876.260000000002
1480.784664,1,0,0,0,1523.34689,-877.4000000000797
1480.984663,1,0,0,0,1523.34878,-875.5100000000766
1481.18466,1,0,0,0,1523.34991,-874.3800000002011
1481.384658,1,0,0,0,1523.34991,-874.3800000002011
1481.584656,1,0,0,0,1523.3469,-877.3900000001049
1481.784654,1,0,0,0,1523.34878,-875.5100000000766
1481.984652,1,0,0,0,1523.34992,-874.369999999999
1482.18465,1,0,0,0,1523.34935,-874.9400000001515
1482.384648,1,0,0,0,1523.34879,-875.5000000001019
1482.584646,1,0,0,0,1523.34879,-875.5000000001019
1482.784644,1,0,0,0,1523.34803,-876.260000000002
1482.984642,1,0,0,0,1523.34803,-876.260000000002
1483.184639,1,0,0,0,1523.34917,-875.1200000001518
1483.384638,1,0,0,0,1523.34879,-875.5000000001019
1483.584635,1,0,0,0,1523.34917,-875.1200000001518
1483.784633,1,0,0,0,1523.3469,-877.3900000001049
1483.984631,1,0,0,0,1523.34766,-876.6300000002047
1484.184629,1,0,0,0,1523.34766,-876.6300000002047
1484.384627,1,0,0,0,1523.34634,-877.9500000000553
1484.584625,1,0,0,0,1523.34804,-876.2500000000273
1484.784623,1,0,0,0,1523.34804,-876.2500000000273
1484.984621,1,0,0,0,1523.34992,-874.369999999999
1485.184619,1,0,0,0,1523.3469,-877.3900000001049
1485.384617,1,0,0,0,1523.3469,-877.3900000001049
1485.584615,1,0,0,0,1523.34935,-874.9400000001515
1485.784613,1,0,0,0,1523.35049,-873.8000000000739
1485.984611,1,0,0,0,1523.34879,-875.5000000001019
1486.184609,1,0,0,0,1523.34634,-877.9500000000553
1486.384607,1,0,0,0,1523.34803,-876.260000000002
1486.584605,1,0,0,0,1523.35049,-873.8000000000739
1486.784602,1,0,0,0,1523.3469,-877.3900000001049
1486.9846,1,0,0,0,1523.34634,-877.9500000000553
1487.184598,1,0,0,0,1523.34558,-878.7100000001828
1487.384596,1,0,0,0,1523.34633,-877.96000000003
1487.584594,1,0,0,0,1523.34633,-877.96000000003
1487.784592,1,0,0,0,1523.3469,-877.3900000001049
1487.98459,1,0,0,0,1523.34746,-876.8300000001545
1488.184588,1,0,0,0,1523.3469,-877.3900000001049
1488.384586,1,0,0,0,1523.34746,-876.8300000001545
1488.584584,1,0,0,0,1523.3452,-879.0900000001329
1488.784582,1,0,0,0,1523.34878,-875.5100000000766
1488.98458,1,0,0,0,1523.3469,-877.3900000001049
1489.184577,1,0,0,0,1523.34916,-875.1300000001265
1489.384576,1,0,0,0,1523.3469,-877.3900000001049
1489.584574,1,0,0,0,1523.34633,-877.96000000003
1489.784571,1,0,0,0,1523.35048,-873.8100000000486
1489.984569,1,0,0,0,1523.3469,-877.3900000001049
1490.184567,1,0,0,0,1523.34803,-876.260000000002
1490.384565,1,0,0,0,1523.34879,-875.5000000001019
1490.584563,1,0,0,0,1523.34746,-876.8300000001545
1490.784561,1,0,0,0,1523.35048,-873.8100000000486
1490.984559,1,0,0,0,1523.34878,-875.5100000000766
1491.184557,1,0,0,0,1523.35105,-873.2400000001235
1491.384555,1,0,0,0,1523.34633,-877.96000000003
1491.584553,1,0,0,0,1523.34803,-876.260000000002
1491.784551,1,0,0,0,1523.35237,-871.9200000000455
1491.984549,1,0,0,0,1523.34878,-875.5100000000766
1492.184547,1,0,0,0,1523.34992,-874.369999999999
1492.384544,1,0,0,0,1523.34803,-876.260000000002
1492.584542,1,0,0,0,1523.3469,-877.3900000001049
1492.78454,1,0,0,0,1523.34879,-875.5000000001019
1492.984538,1,0,0,0,1523.34917,-875.1200000001518
1493.184536,1,0,0,0,1523.35124,-873.0500000001484
1493.384534,1,0,0,0,1523.34992,-874.369999999999
1493.584532,1,0,0,0,1523.35049,-873.8000000000739
1493.78453,1,0,0,0,1523.35181,-872.4800000002233
1493.984528,1,0,0,0,1523.34993,-874.3600000000242
1494.184526,1,0,0,0,1523.34993,-874.3600000000242
1494.384524,1,0,0,0,1523.34993,-874.3600000000242
1494.584522,1,0,0,0,1523.35049,-873.8000000000739
1494.78452,1,0,0,0,1523.3505,-873.7900000000991
1494.984518,1,0,0,0,1523.34804,-876.2500000000273
1495.184515,1,0,0,0,1523.34766,-876.6300000002047
1495.384513,1,0,0,0,1523.3505,-873.7900000000991
1495.584511,1,0,0,0,1523.3505,-873.7900000000991
1495.784509,1,0,0,0,1523.3505,-873.7900000000991
1495.984508,1,0,0,0,1523.3505,-873.7900000000991
1496.184505,1,0,0,0,1523.34804,-876.2500000000273
1496.384503,1,0,0,0,1523.35238,-871.9100000000708
1496.584501,1,0,0,0,1523.35295,-871.3400000001457
1496.784499,1,0,0,0,1523.35182,-872.4700000000212
1496.984497,1,0,0,0,1523.34993,-874.3600000000242
1497.184495,1,0,0,0,1523.3488,-875.4900000001271
1497.384493,1,0,0,0,1523.34993,-874.3600000000242
1497.584491,1,0,0,0,1523.34937,-874.920000000202
1497.784489,1,0,0,0,1523.35239,-871.900000000096
1497.984487,1,0,0,0,1523.34994,-874.3500000000495
1498.184484,1,0,0,0,1523.3505,-873.7900000000991
1498.384482,1,0,0,0,1523.35107,-873.220000000174
1498.58448,1,0,0,0,1523.35107,-873.220000000174
1498.784478,1,0,0,0,1523.35107,-873.220000000174
1498.984476,1,0,0,0,1523.34937,-874.920000000202
1499.184474,1,0,0,0,1523.3505,-873.7900000000991
1499.384472,1,0,0,0,1523.3488,-875.4900000001271
1499.58447,1,0,0,0,1523.3488,-875.4900000001271
1499.784468,1,0,0,0,1523.3488,-875.4900000001271
1499.984466,1,0,0,0,1523.3488,-875.4900000001271
1500.184464,1,0,0,0,1523.34767,-876.6200000000026
1500.384462,1,0,0,0,1523.3488,-875.4900000001271
1500.58446,1,0,0,0,1523.3488,-875.4900000001271
1500.784457,1,0,0,0,1523.34805,-876.2400000000525
1500.984456,1,0,0,0,1523.34994,-874.3500000000495
1501.184453,1,0,0,0,1523.34691,-877.3800000001302
1501.384451,1,0,0,0,1523.34918,-875.110000000177
1501.584449,1,0,0,0,1523.3488,-875.4900000001271
1501.784447,1,0,0,0,1523.34691,-877.3800000001302
1501.984445,1,0,0,0,1523.34917,-875.1200000001518
1502.184443,1,0,0,0,1523.34993,-874.3600000000242
1502.384441,1,0,0,0,1523.34917,-875.1200000001518
1502.584439,1,0,0,0,1523.34804,-876.2500000000273
1502.784437,1,0,0,0,1523.34804,-876.2500000000273
1502.984435,1,0,0,0,1523.34993,-874.3600000000242
1503.184433,1,0,0,0,1523.3505,-873.7900000000991
1503.384431,1,0,0,0,1523.3488,-875.4900000001271
1503.584429,1,0,0,0,1523.3505,-873.7900000000991
1503.784426,1,0,0,0,1523.3505,-873.7900000000991
1503.984425,1,0,0,0,1523.34993,-874.3600000000242
1504.184422,1,0,0,0,1523.34804,-876.2500000000273
1504.38442,1,0,0,0,1523.3505,-873.7900000000991
1504.584418,1,0,0,0,1523.34804,-876.2500000000273
1504.784416,1,0,0,0,1523.3488,-875.4900000001271
1504.984414,1,0,0,0,1523.3505,-873.7900000000991
1505.184412,1,0,0,0,1523.35182,-872.4700000000212
1505.38441,1,0,0,0,1523.34993,-874.3600000000242
1505.584408,1,0,0,0,1523.3488,-875.4900000001271
1505.784406,1,0,0,0,1523.34918,-875.110000000177
1505.984404,1,0,0,0,1523.3505,-873.7900000000991
1506.184402,1,0,0,0,1523.35182,-872.4700000000212
1506.3844,1,0,0,0,1523.34804,-876.2500000000273
1506.584398,1,0,0,0,1523.3505,-873.7900000000991
1506.784396,1,0,0,0,1523.34917,-875.1200000001518
1506.984393,1,0,0,0,1523.34766,-876.6300000002047
1507.184391,1,0,0,0,1523.34879,-875.5000000001019
1507.384389,1,0,0,0,1523.34992,-874.369999999999
1507.584387,1,0,0,0,1523.35106,-873.2300000001487
1507.784385,1,0,0,0,1523.34992,-874.369999999999
1507.984383,1,0,0,0,1523.34804,-876.2500000000273
1508.184381,1,0,0,0,1523.35124,-873.0500000001484
1508.384379,1,0,0,0,1523.34992,-874.369999999999
1508.584377,1,0,0,0,1523.35106,-873.2300000001487
1508.784375,1,0,0,0,1523.34993,-874.3600000000242
1508.984373,1,0,0,0,1523.3488,-875.4900000001271
1509.184371,1,0,0,0,1523.3488,-875.4900000001271
1509.384369,1,0,0,0,1523.3488,-875.4900000001271
1509.584367,1,0,0,0,1523.35238,-871.9100000000708
1509.784364,1,0,0,0,1523.3488,-875.4900000001271
1509.984362,1,0,0,0,1523.34918,-875.110000000177
1510.18436,1,0,0,0,1523.35238,-871.9100000000708
1510.384358,1,0,0,0,1523.3505,-873.7900000000991
1510.584356,1,0,0,0,1523.3488,-875.4900000001271
1510.784354,1,0,0,0,1523.3505,-873.7900000000991
1510.984352,1,0,0,0,1523.34993,-874.3600000000242
1511.18435,1,0,0,0,1523.34994,-874.3500000000495
1511.384348,1,0,0,0,1523.34994,-874.3500000000495
1511.584346,1,0,0,0,1523.34861,-875.6800000001022
1511.784344,1,0,0,0,1523.35107,-873.220000000174
1511.984342,1,0,0,0,1523.3488,-875.4900000001271
1512.18434,1,0,0,0,1523.3488,-875.4900000001271
1512.384338,1,0,0,0,1523.35182,-872.4700000000212
1512.584336,1,0,0,0,1523.34937,-874.920000000202
1512.784333,1,0,0,0,1523.34918,-875.110000000177
1512.984332,1,0,0,0,1523.34918,-875.110000000177
1513.184329,1,0,0,0,1523.3505,-873.7900000000991
1513.384327,1,0,0,0,1523.3488,-875.4900000001271
1513.584325,1,0,0,0,1523.3488,-875.4900000001271
1513.784323,1,0,0,0,1523.34917,-875.1200000001518
1513.984321,1,0,0,0,1523.3488,-875.4900000001271
1514.184319,1,0,0,0,1523.34691,-877.3800000001302
1514.384317,1,0,0,0,1523.34917,-875.1200000001518
1514.584315,1,0,0,0,1523.35049,-873.8000000000739
1514.784313,1,0,0,0,1523.34879,-875.5000000001019
1514.984311,1,0,0,0,1523.34804,-876.2500000000273
1515.184309,1,0,0,0,1523.35294,-871.3500000001204
1515.384307,1,0,0,0,1523.34935,-874.9400000001515
1515.584305,1,0,0,0,1523.35237,-871.9200000000455
1515.784302,1,0,0,0,1523.34992,-874.369999999999
1515.984301,1,0,0,0,1523.35181,-872.4800000002233
1516.184298,1,0,0,0,1523.35105,-873.2400000001235
1516.384296,1,0,0,0,1523.34992,-874.369999999999
1516.584294,1,0,0,0,1523.34804,-876.2500000000273
1516.784292,1,0,0,0,1523.34992,-874.369999999999
1516.98429,1,0,0,0,1523.35238,-871.9100000000708
1517.184288,1,0,0,0,1523.35181,-872.4800000002233
1517.384286,1,0,0,0,1523.34992,-874.369999999999
1517.584284,1,0,0,0,1523.35181,-872.4800000002233
1517.784282,1,0,0,0,1523.35049,-873.8000000000739
1517.98428,1,0,0,0,1523.35049,-873.8000000000739
1518.184278,1,0,0,0,1523.35049,-873.8000000000739
1518.384276,1,0,0,0,1523.35049,-873.8000000000739
1518.584273,1,0,0,0,1523.35049,-873.8000000000739
1518.784271,1,0,0,0,1523.35011,-874.1800000000239
1518.98427,1,0,0,0,1523.34804,-876.2500000000273
1519.184267,1,0,0,0,1523.35181,-872.4800000002233
1519.384265,1,0,0,0,1523.34992,-874.369999999999
1519.584263,1,0,0,0,1523.35181,-872.4800000002233
1519.784261,1,0,0,0,1523.35181,-872.4800000002233
1519.984259,1,0,0,0,1523.34992,-874.369999999999
1520.184257,1,0,0,0,1523.3503,-873.9900000000489
1520.384255,1,0,0,0,1523.3535,-870.79000000017
1520.584253,1,0,0,0,1523.35237,-871.9200000000455
1520.784251,1,0,0,0,1523.35237,-871.9200000000455
1520.984249,1,0,0,0,1523.35105,-873.2400000001235
1521.184247,1,0,0,0,1523.3535,-870.79000000017
1521.384245,1,0,0,0,1523.3535,-870.79000000017
1521.584243,1,0,0,0,1523.35048,-873.8100000000486
1521.78424,1,0,0,0,1523.35237,-871.9200000000455
1521.984238,1,0,0,0,1523.35237,-871.9200000000455
1522.184236,1,0,0,0,1523.35237,-871.9200000000455
1522.384234,1,0,0,0,1523.3501,-874.1899999999987
1522.584232,1,0,0,0,1523.3518,-872.490000000198
1522.78423,1,0,0,0,1523.35237,-871.9200000000455
1522.984228,1,0,0,0,1523.3518,-872.490000000198
1523.184226,1,0,0,0,1523.35293,-871.3600000000952
1523.384224,1,0,0,0,1523.3518,-872.490000000198
1523.584222,1,0,0,0,1523.35237,-871.9200000000455
1523.78422,1,0,0,0,1523.35105,-873.2400000001235
1523.984218,1,0,0,0,1523.35048,-873.8100000000486
1524.184216,1,0,0,0,1523.34992,-874.369999999999
1524.384214,1,0,0,0,1523.35048,-873.8100000000486
1524.584211,1,0,0,0,1523.34803,-876.260000000002
1524.784209,1,0,0,0,1523.35048,-873.8100000000486
1524.984207,1,0,0,0,1523.34746,-876.8300000001545
1525.184205,1,0,0,0,1523.34991,-874.3800000002011
1525.384203,1,0,0,0,1523.34991,-874.3800000002011
1525.584201,1,0,0,0,1523.34991,-874.3800000002011
1525.784199,1,0,0,0,1523.34878,-875.5100000000766
1525.984197,1,0,0,0,1523.34878,-875.5100000000766
1526.184195,1,0,0,0,1523.35048,-873.8100000000486
1526.384193,1,0,0,0,1523.3518,-872.490000000198
1526.584191,1,0,0,0,1523.35048,-873.8100000000486
1526.784189,1,0,0,0,1523.35048,-873.8100000000486
1526.984186,1,0,0,0,1523.34916,-875.1300000001265
1527.184185,1,0,0,0,1523.34878,-875.5100000000766
1527.384182,1,0,0,0,1523.3518,-872.490000000198
1527.58418,1,0,0,0,1523.34991,-874.3800000002011
1527.784178,1,0,0,0,1523.35236,-871.9300000000203
1527.984176,1,0,0,0,1523.34878,-875.5100000000766
1528.184174,1,0,0,0,1523.34991,-874.3800000002011
1528.384172,1,0,0,0,1523.35047,-873.8200000000234
1528.58417,1,0,0,0,1523.3499,-874.3900000001759
1528.784168,1,0,0,0,1523.35047,-873.8200000000234
1528.984166,1,0,0,0,1523.3499,-874.3900000001759
1529.184164,1,0,0,0,1523.34763,-876.660000000129
1529.384162,1,0,0,0,1523.35292,-871.3700000000699
1529.58416,1,0,0,0,1523.35179,-872.5000000001728
1529.784158,1,0,0,0,1523.3499,-874.3900000001759
1529.984156,1,0,0,0,1523.35348,-870.8100000001195
1530.184154,1,0,0,0,1523.35046,-873.8299999999981
1530.384151,1,0,0,0,1523.35046,-873.8299999999981
1530.584149,1,0,0,0,1523.34877,-875.5200000000514
1530.784147,1,0,0,0,1523.34915,-875.1400000001013
1530.984145,1,0,0,0,1523.3499,-874.3900000001759
1531.184143,1,0,0,0,1523.3499,-874.3900000001759
1531.384142,1,0,0,0,1523.35235,-871.9400000002224
1531.584139,1,0,0,0,1523.3499,-874.3900000001759
1531.784137,1,0,0,0,1523.35047,-873.8200000000234
1531.984135,1,0,0,0,1523.35047,-873.8200000000234
1532.184133,1,0,0,0,1523.35179,-872.5000000001728
1532.384131,1,0,0,0,1523.35292,-871.3700000000699
1532.584129,1,0,0,0,1523.35104,-873.2500000000982
1532.784127,1,0,0,0,1523.35104,-873.2500000000982
1532.984124,1,0,0,0,1523.35311,-871.1800000000949
1533.184122,1,0,0,0,1523.35047,-873.8200000000234
1533.38412,1,0,0,0,1523.35047,-873.8200000000234
1533.584118,1,0,0,0,1523.35123,-873.0600000001232
1533.784116,1,0,0,0,1523.34915,-875.1400000001013
1533.984115,1,0,0,0,1523.3518,-872.490000000198
1534.184112,1,0,0,0,1523.35425,-870.0400000000172
1534.38411,1,0,0,0,1523.35236,-871.9300000000203
1534.584108,1,0,0,0,1523.35047,-873.8200000000234
1534.784106,1,0,0,0,1523.35236,-871.9300000000203
1534.984104,1,0,0,0,1523.35179,-872.5000000001728
1535.184102,1,0,0,0,1523.35179,-872.5000000001728
1535.3841,1,0,0,0,1523.35179,-872.5000000001728
1535.584098,1,0,0,0,1523.35104,-873.2500000000982
1535.784096,1,0,0,0,1523.3518,-872.490000000198
1535.984094,1,0,0,0,1523.34934,-874.9500000001262
1536.184091,1,0,0,0,1523.35538,-868.9100000001417
1536.384089,1,0,0,0,1523.35123,-873.0600000001232
1536.584087,1,0,0,0,1523.35105,-873.2400000001235
1536.784085,1,0,0,0,1523.35236,-871.9300000000203
1536.984083,1,0,0,0,1523.35048,-873.8100000000486
1537.184081,1,0,0,0,1523.34878,-875.5100000000766
1537.384079,1,0,0,0,1523.35048,-873.8100000000486
1537.584077,1,0,0,0,1523.35237,-871.9200000000455
1537.784075,1,0,0,0,1523.34991,-874.3800000002011
1537.984073,1,0,0,0,1523.34878,-875.5100000000766
1538.184071,1,0,0,0,1523.34992,-874.369999999999
1538.384069,1,0,0,0,1523.34878,-875.5100000000766
1538.584067,1,0,0,0,1523.3518,-872.490000000198
1538.784065,1,0,0,0,1523.34803,-876.260000000002
1538.984062,1,0,0,0,1523.34878,-875.5100000000766
1539.18406,1,0,0,0,1523.34991,-874.3800000002011
1539.384058,1,0,0,0,1523.35048,-873.8100000000486
1539.584056,1,0,0,0,1523.34991,-874.3800000002011
1539.784054,1,0,0,0,1523.34878,-875.5100000000766
1539.984052,1,0,0,0,1523.34991,-874.3800000002011
1540.18405,1,0,0,0,1523.34991,-874.3800000002011
1540.384048,1,0,0,0,1523.35105,-873.2400000001235
1540.584046,1,0,0,0,1523.35048,-873.8100000000486
1540.784044,1,0,0,0,1523.35048,-873.8100000000486
1540.984042,1,0,0,0,1523.35048,-873.8100000000486
1541.18404,1,0,0,0,1523.34878,-875.5100000000766
1541.384038,1,0,0,0,1523.34991,-874.3800000002011
1541.584036,1,0,0,0,1523.3518,-872.490000000198
1541.784034,1,0,0,0,1523.35236,-871.9300000000203
1541.984031,1,0,0,0,1523.35349,-870.8000000001448
1542.184029,1,0,0,0,1523.35047,-873.8200000000234
1542.384027,1,0,0,0,1523.35236,-871.9300000000203
1542.584025,1,0,0,0,1523.35236,-871.9300000000203
1542.784023,1,0,0,0,1523.35179,-872.5000000001728
1542.984021,1,0,0,0,1523.3499,-874.3900000001759
1543.184019,1,0,0,0,1523.35047,-873.8200000000234
1543.384017,1,0,0,0,1523.35047,-873.8200000000234
1543.584015,1,0,0,0,1523.34877,-875.5200000000514
1543.784013,1,0,0,0,1523.34878,-875.5100000000766
1543.984011,1,0,0,0,1523.35104,-873.2500000000982
1544.184009,1,0,0,0,1523.35179,-872.5000000001728
1544.384007,1,0,0,0,1523.34991,-874.3800000002011
1544.584005,1,0,0,0,1523.35048,-873.8100000000486
1544.784003,1,0,0,0,1523.34991,-874.3800000002011
1544.984,1,0,0,0,1523.35236,-871.9300000000203
1545.183998,1,0,0,0,1523.3535,-870.79000000017
1545.383996,1,0,0,0,1523.35236,-871.9300000000203
1545.583994,1,0,0,0,1523.35104,-873.2500000000982
1545.783992,1,0,0,0,1523.35236,-871.9300000000203
1545.98399,1,0,0,0,1523.34991,-874.3800000002011
1546.183988,1,0,0,0,1523.3535,-870.79000000017
1546.383986,1,0,0,0,1523.35349,-870.8000000001448
1546.583984,1,0,0,0,1523.35349,-870.8000000001448
1546.783982,1,0,0,0,1523.34991,-874.3800000002011
1546.98398,1,0,0,0,1523.34878,-875.5100000000766
1547.183978,1,0,0,0,1523.35425,-870.0400000000172
1547.383976,1,0,0,0,1523.35236,-871.9300000000203
1547.583974,1,0,0,0,1523.35349,-870.8000000001448
1547.783972,1,0,0,0,1523.35179,-872.5000000001728
1547.983969,1,0,0,0,1523.35104,-873.2500000000982
1548.183967,1,0,0,0,1523.35179,-872.5000000001728
1548.383965,1,0,0,0,1523.35349,-870.8000000001448
1548.583963,1,0,0,0,1523.35179,-872.5000000001728
1548.783961,1,0,0,0,1523.34991,-874.3800000002011
1548.983959,1,0,0,0,1523.34991,-874.3800000002011
1549.183957,1,0,0,0,1523.35048,-873.8100000000486
1549.383955,1,0,0,0,1523.34991,-874.3800000002011
1549.583953,1,0,0,0,1523.34878,-875.5100000000766
1549.783951,1,0,0,0,1523.35236,-871.9300000000203
1549.983949,1,0,0,0,1523.34991,-874.3800000002011
1550.183947,1,0,0,0,1523.34878,-875.5100000000766
1550.383945,1,0,0,0,1523.34765,-876.6400000001795
1550.583942,1,0,0,0,1523.34991,-874.3800000002011
1550.783941,1,0,0,0,1523.34935,-874.9400000001515
1550.983938,1,0,0,0,1523.35105,-873.2400000001235
1551.183936,1,0,0,0,1523.35048,-873.8100000000486
1551.383934,1,0,0,0,1523.34992,-874.369999999999
1551.583932,1,0,0,0,1523.35105,-873.2400000001235
1551.78393,1,0,0,0,1523.3469,-877.3900000001049
1551.983928,1,0,0,0,1523.3518,-872.490000000198
1552.183926,1,0,0,0,1523.3518,-872.490000000198
1552.383924,1,0,0,0,1523.34991,-874.3800000002011
1552.583922,1,0,0,0,1523.35048,-873.8100000000486
1552.78392,1,0,0,0,1523.34991,-874.3800000002011
1552.983918,1,0,0,0,1523.34878,-875.5100000000766
1553.183916,1,0,0,0,1523.34878,-875.5100000000766
1553.383914,1,0,0,0,1523.35105,-873.2400000001235
1553.583911,1,0,0,0,1523.35236,-871.9300000000203
1553.783909,1,0,0,0,1523.35048,-873.8100000000486
1553.983907,1,0,0,0,1523.34878,-875.5100000000766
1554.183905,1,0,0,0,1523.35048,-873.8100000000486
1554.383903,1,0,0,0,1523.3518,-872.490000000198
1554.583901,1,0,0,0,1523.35047,-873.8200000000234
1554.783899,1,0,0,0,1523.35293,-871.3600000000952
1554.983897,1,0,0,0,1523.34991,-874.3800000002011
1555.183895,1,0,0,0,1523.3518,-872.490000000198
1555.383893,1,0,0,0,1523.35047,-873.8200000000234
1555.583891,1,0,0,0,1523.35349,-870.8000000001448
1555.783889,1,0,0,0,1523.35236,-871.9300000000203
1555.983887,1,0,0,0,1523.35236,-871.9300000000203
1556.183885,1,0,0,0,1523.3518,-872.490000000198
1556.383883,1,0,0,0,1523.35104,-873.2500000000982
1556.58388,1,0,0,0,1523.35048,-873.8100000000486
1556.783878,1,0,0,0,1523.35104,-873.2500000000982
1556.983876,1,0,0,0,1523.3518,-872.490000000198
1557.183874,1,0,0,0,1523.35048,-873.8100000000486
1557.383872,1,0,0,0,1523.34916,-875.1300000001265
1557.58387,1,0,0,0,1523.35048,-873.8100000000486
1557.783868,1,0,0,0,1523.35237,-871.9200000000455
1557.983866,1,0,0,0,1523.3518,-872.490000000198
1558.183864,1,0,0,0,1523.35293,-871.3600000000952
1558.383862,1,0,0,0,1523.3535,-870.79000000017
1558.58386,1,0,0,0,1523.35181,-872.4800000002233
1558.783858,1,0,0,0,1523.35313,-871.1600000001454
1558.983856,1,0,0,0,1523.34992,-874.369999999999
1559.183854,1,0,0,0,1523.34992,-874.369999999999
1559.383852,1,0,0,0,1523.35181,-872.4800000002233
1559.583849,1,0,0,0,1523.35426,-870.0300000000425
1559.783848,1,0,0,0,1523.35105,-873.2400000001235
1559.983845,1,0,0,0,1523.35181,-872.4800000002233
1560.183843,1,0,0,0,1523.35181,-872.4800000002233
1560.383841,1,0,0,0,1523.35351,-870.7800000001953
1560.583839,1,0,0,0,1523.35181,-872.4800000002233
1560.783837,1,0,0,0,1523.35237,-871.9200000000455
1560.983835,1,0,0,0,1523.35181,-872.4800000002233
1561.183833,1,0,0,0,1523.34992,-874.369999999999
1561.383831,1,0,0,0,1523.35048,-873.8100000000486
1561.583829,1,0,0,0,1523.35048,-873.8100000000486
1561.783827,1,0,0,0,1523.3535,-870.79000000017
1561.983825,1,0,0,0,1523.35105,-873.2400000001235
1562.183822,1,0,0,0,1523.35048,-873.8100000000486
1562.383821,1,0,0,0,1523.35181,-872.4800000002233
1562.583819,1,0,0,0,1523.34879,-875.5000000001019
1562.783816,1,0,0,0,1523.35049,-873.8000000000739
1562.983814,1,0,0,0,1523.35049,-873.8000000000739
1563.183812,1,0,0,0,1523.35105,-873.2400000001235
1563.38381,1,0,0,0,1523.35181,-872.4800000002233
1563.583808,1,0,0,0,1523.35181,-872.4800000002233
1563.783806,1,0,0,0,1523.35049,-873.8000000000739
1563.983804,1,0,0,0,1523.35049,-873.8000000000739
1564.183802,1,0,0,0,1523.34936,-874.9300000001767
1564.3838,1,0,0,0,1523.35049,-873.8000000000739
1564.583798,1,0,0,0,1523.35049,-873.8000000000739
1564.783796,1,0,0,0,1523.35106,-873.2300000001487
1564.983793,1,0,0,0,1523.34804,-876.2500000000273
1565.183792,1,0,0,0,1523.35182,-872.4700000000212
1565.383789,1,0,0,0,1523.35238,-871.9100000000708
1565.583787,1,0,0,0,1523.34993,-874.3600000000242
1565.783785,1,0,0,0,1523.35182,-872.4700000000212
1565.983783,1,0,0,0,1523.34993,-874.3600000000242
1566.183781,1,0,0,0,1523.3488,-875.4900000001271
1566.383779,1,0,0,0,1523.35125,-873.0400000001737
1566.583777,1,0,0,0,1523.35238,-871.9100000000708
1566.783775,1,0,0,0,1523.35295,-871.3400000001457
1566.983773,1,0,0,0,1523.35238,-871.9100000000708
1567.183771,1,0,0,0,1523.35427,-870.0200000000677
1567.383769,1,0,0,0,1523.35125,-873.0400000001737
1567.583767,1,0,0,0,1523.34992,-874.369999999999
1567.783765,1,0,0,0,1523.35049,-873.8000000000739
1567.983763,1,0,0,0,1523.35181,-872.4800000002233
1568.18376,1,0,0,0,1523.35237,-871.9200000000455
1568.383759,1,0,0,0,1523.35181,-872.4800000002233
1568.583756,1,0,0,0,1523.34917,-875.1200000001518
1568.783754,1,0,0,0,1523.3503,-873.9900000000489
1568.983752,1,0,0,0,1523.35124,-873.0500000001484
1569.18375,1,0,0,0,1523.35181,-872.4800000002233
1569.383748,1,0,0,0,1523.35181,-872.4800000002233
1569.583746,1,0,0,0,1523.35238,-871.9100000000708
1569.783744,1,0,0,0,1523.35049,-873.8000000000739
1569.983742,1,0,0,0,1523.35181,-872.4800000002233
1570.18374,1,0,0,0,1523.35351,-870.7800000001953
1570.383738,1,0,0,0,1523.35426,-870.0300000000425
1570.583736,1,0,0,0,1523.35238,-871.9100000000708
1570.783734,1,0,0,0,1523.35181,-872.4800000002233
1570.983732,1,0,0,0,1523.35106,-873.2300000001487
1571.183729,1,0,0,0,1523.35049,-873.8000000000739
1571.383727,1,0,0,0,1523.35426,-870.0300000000425
1571.583725,1,0,0,0,1523.35181,-872.4800000002233
1571.783723,1,0,0,0,1523.35181,-872.4800000002233
1571.983721,1,0,0,0,1523.35049,-873.8000000000739
1572.183719,1,0,0,0,1523.35124,-873.0500000001484
1572.383717,1,0,0,0,1523.35351,-870.7800000001953
1572.583715,1,0,0,0,1523.35048,-873.8100000000486
1572.783713,1,0,0,0,1523.35181,-872.4800000002233
1572.983711,1,0,0,0,1523.35237,-871.9200000000455
1573.183709,1,0,0,0,1523.3535,-870.79000000017
1573.383707,1,0,0,0,1523.35048,-873.8100000000486
1573.583705,1,0,0,0,1523.34992,-874.369999999999
1573.783703,1,0,0,0,1523.3535,-870.79000000017
1573.983701,1,0,0,0,1523.3518,-872.490000000198
1574.183699,1,0,0,0,1523.34992,-874.369999999999
1574.383696,1,0,0,0,1523.35237,-871.9200000000455
1574.583694,1,0,0,0,1523.35237,-871.9200000000455
1574.783692,1,0,0,0,1523.34803,-876.260000000002
1574.98369,1,0,0,0,1523.34992,-874.369999999999
1575.183688,1,0,0,0,1523.34879,-875.5000000001019
1575.383686,1,0,0,0,1523.35181,-872.4800000002233
1575.583684,1,0,0,0,1523.35181,-872.4800000002233
1575.783682,1,0,0,0,1523.35181,-872.4800000002233
1575.98368,1,0,0,0,1523.35106,-873.2300000001487
1576.183678,1,0,0,0,1523.34992,-874.369999999999
1576.383676,1,0,0,0,1523.35238,-871.9100000000708
1576.583674,1,0,0,0,1523.35294,-871.3500000001204
1576.783671,1,0,0,0,1523.35181,-872.4800000002233
1576.98367,1,0,0,0,1523.35049,-873.8000000000739
1577.183667,1,0,0,0,1523.35124,-873.0500000001484
1577.383665,1,0,0,0,1523.35181,-872.4800000002233
1577.583663,1,0,0,0,1523.35181,-872.4800000002233
1577.783661,1,0,0,0,1523.35294,-871.3500000001204
1577.983659,1,0,0,0,1523.35049,-873.8000000000739
1578.183657,1,0,0,0,1523.35181,-872.4800000002233
1578.383655,1,0,0,0,1523.35237,-871.9200000000455
1578.583653,1,0,0,0,1523.35105,-873.2400000001235
1578.783651,1,0,0,0,1523.35237,-871.9200000000455
1578.983649,1,0,0,0,1523.35351,-870.7800000001953
1579.183647,1,0,0,0,1523.35049,-873.8000000000739
1579.383645,1,0,0,0,1523.35181,-872.4800000002233
1579.583643,1,0,0,0,1523.35294,-871.3500000001204
1579.783641,1,0,0,0,1523.35181,-872.4800000002233
1579.983639,1,0,0,0,1523.35218,-872.1100000000206
1580.183636,1,0,0,0,1523.35482,-869.4700000000921
1580.383634,1,0,0,0,1523.35181,-872.4800000002233
1580.583632,1,0,0,0,1523.35351,-870.7800000001953
1580.78363,1,0,0,0,1523.35048,-873.8100000000486
1580.983628,1,0,0,0,1523.35237,-871.9200000000455
1581.183626,1,0,0,0,1523.35237,-871.9200000000455
1581.383624,1,0,0,0,1523.3535,-870.79000000017
1581.583622,1,0,0,0,1523.35181,-872.4800000002233
1581.78362,1,0,0,0,1523.35181,-872.4800000002233
1581.983618,1,0,0,0,1523.35237,-871.9200000000455
1582.183616,1,0,0,0,1523.35181,-872.4800000002233
1582.383614,1,0,0,0,1523.35426,-870.0300000000425
1582.583611,1,0,0,0,1523.35049,-873.8000000000739
1582.783609,1,0,0,0,1523.35313,-871.1600000001454
1582.983608,1,0,0,0,1523.35426,-870.0300000000425
1583.183605,1,0,0,0,1523.35426,-870.0300000000425
1583.383603,1,0,0,0,1523.35105,-873.2400000001235
1583.583601,1,0,0,0,1523.35237,-871.9200000000455
1583.783599,1,0,0,0,1523.35464,-869.6500000000924
1583.983597,1,0,0,0,1523.34992,-874.369999999999
1584.183595,1,0,0,0,1523.35049,-873.8000000000739
1584.383593,1,0,0,0,1523.35238,-871.9100000000708
1584.583591,1,0,0,0,1523.35351,-870.7800000001953
1584.783589,1,0,0,0,1523.35049,-873.8000000000739
1584.983587,1,0,0,0,1523.35351,-870.7800000001953
1585.183585,1,0,0,0,1523.35351,-870.7800000001953
1585.383583,1,0,0,0,1523.35295,-871.3400000001457
1585.583581,1,0,0,0,1523.35351,-870.7800000001953
1585.783578,1,0,0,0,1523.35351,-870.7800000001953
1585.983576,1,0,0,0,1523.35182,-872.4700000000212
1586.183574,1,0,0,0,1523.3505,-873.7900000000991
1586.383572,1,0,0,0,1523.35427,-870.0200000000677
1586.58357,1,0,0,0,1523.35182,-872.4700000000212
1586.783568,1,0,0,0,1523.35182,-872.4700000000212
1586.983566,1,0,0,0,1523.3505,-873.7900000000991
1587.183564,1,0,0,0,1523.34918,-875.110000000177
1587.383562,1,0,0,0,1523.34993,-874.3600000000242
1587.58356,1,0,0,0,1523.3505,-873.7900000000991
1587.783558,1,0,0,0,1523.35427,-870.0200000000677
1587.983556,1,0,0,0,1523.3505,-873.7900000000991
1588.183554,1,0,0,0,1523.35182,-872.4700000000212
1588.383552,1,0,0,0,1523.3505,-873.7900000000991
1588.583549,1,0,0,0,1523.35031,-873.9800000000741
1588.783547,1,0,0,0,1523.35239,-871.900000000096
1588.983546,1,0,0,0,1523.3505,-873.7900000000991
1589.183544,1,0,0,0,1523.34993,-874.3600000000242
1589.383541,1,0,0,0,1523.34918,-875.110000000177
1589.583539,1,0,0,0,1523.35352,-870.7700000002205
1589.783537,1,0,0,0,1523.35239,-871.900000000096
1589.983535,1,0,0,0,1523.35182,-872.4700000000212
1590.183533,1,0,0,0,1523.34994,-874.3500000000495
1590.383531,1,0,0,0,1523.35239,-871.900000000096
1590.583529,1,0,0,0,1523.35295,-871.3400000001457
1590.783527,1,0,0,0,1523.35182,-872.4700000000212
1590.983525,1,0,0,0,1523.34993,-874.3600000000242
1591.183523,1,0,0,0,1523.35314,-871.1500000001706
1591.383521,1,0,0,0,1523.35295,-871.3400000001457
1591.583519,1,0,0,0,1523.35238,-871.9100000000708
1591.783516,1,0,0,0,1523.35238,-871.9100000000708
1591.983515,1,0,0,0,1523.35238,-871.9100000000708
1592.183512,1,0,0,0,1523.35182,-872.4700000000212
1592.38351,1,0,0,0,1523.35182,-872.4700000000212
1592.583508,1,0,0,0,1523.35427,-870.0200000000677
1592.783506,1,0,0,0,1523.35352,-870.7700000002205
1592.983504,1,0,0,0,1523.35182,-872.4700000000212
1593.183502,1,0,0,0,1523.35238,-871.9100000000708
1593.3835,1,0,0,0,1523.3505,-873.7900000000991
1593.583498,1,0,0,0,1523.35351,-870.7800000001953
1593.783496,1,0,0,0,1523.35295,-871.3400000001457
1593.983494,1,0,0,0,1523.35182,-872.4700000000212
1594.183492,1,0,0,0,1523.3505,-873.7900000000991
1594.383489,1,0,0,0,1523.35352,-870.7700000002205
1594.583488,1,0,0,0,1523.35295,-871.3400000001457
1594.783485,1,0,0,0,1523.35541,-868.8800000002175
1594.983484,1,0,0,0,1523.35239,-871.900000000096
1595.183481,1,0,0,0,1523.35541,-868.8800000002175
1595.383479,1,0,0,0,1523.35314,-871.1500000001706
1595.583477,1,0,0,0,1523.35428,-870.010000000093
1595.783475,1,0,0,0,1523.35182,-872.4700000000212
1595.983473,1,0,0,0,1523.35428,-870.010000000093
1596.183471,1,0,0,0,1523.35541,-868.8800000002175
1596.383469,1,0,0,0,1523.35239,-871.900000000096
1596.583467,1,0,0,0,1523.3505,-873.7900000000991
1596.783465,1,0,0,0,1523.35352,-870.7700000002205
1596.983463,1,0,0,0,1523.35541,-868.8800000002175
1597.183461,1,0,0,0,1523.35352,-870.7700000002205
1597.383459,1,0,0,0,1523.35541,-868.8800000002175
1597.583457,1,0,0,0,1523.35352,-870.7700000002205
1597.783454,1,0,0,0,1523.35654,-867.7500000001146
1597.983452,1,0,0,0,1523.35315,-871.1400000001959
1598.18345,1,0,0,0,1523.35428,-870.010000000093
1598.383448,1,0,0,0,1523.35183,-872.4600000000464
1598.583446,1,0,0,0,1523.35352,-870.7700000002205
1598.783444,1,0,0,0,1523.35239,-871.900000000096
1598.983442,1,0,0,0,1523.35353,-870.7600000000184
1599.18344,1,0,0,0,1523.35183,-872.4600000000464
1599.383438,1,0,0,0,1523.35051,-873.7800000001243
1599.583436,1,0,0,0,1523.35051,-873.7800000001243
1599.783434,1,0,0,0,1523.34994,-874.3500000000495
1599.983432,1,0,0,0,1523.35051,-873.7800000001243
1600.18343,1,0,0,0,1523.35183,-872.4600000000464
1600.383428,1,0,0,0,1523.35051,-873.7800000001243
1600.583426,1,0,0,0,1523.35126,-873.0300000001989
1600.783423,1,0,0,0,1523.3524,-871.8900000001213
1600.983421,1,0,0,0,1523.3524,-871.8900000001213
1601.183419,1,0,0,0,1523.3524,-871.8900000001213
1601.383417,1,0,0,0,1523.35051,-873.7800000001243
1601.583415,1,0,0,0,1523.35221,-872.0800000000963
1601.783413,1,0,0,0,1523.3524,-871.8900000001213
1601.983411,1,0,0,0,1523.35184,-872.4500000000717
1602.183409,1,0,0,0,1523.35316,-871.1300000002211
1602.383407,1,0,0,0,1523.35353,-870.7600000000184
1602.583405,1,0,0,0,1523.35127,-873.0199999999968
1602.783403,1,0,0,0,1523.35184,-872.4500000000717
1602.983401,1,0,0,0,1523.35354,-870.7500000000437
1603.183398,1,0,0,0,1523.35354,-870.7500000000437
1603.383397,1,0,0,0,1523.35429,-870.0000000001182
1603.583395,1,0,0,0,1523.35184,-872.4500000000717
1603.783392,1,0,0,0,1523.35184,-872.4500000000717
1603.98339,1,0,0,0,1523.35184,-872.4500000000717
1604.183388,1,0,0,0,1523.35354,-870.7500000000437
1604.383386,1,0,0,0,1523.35599,-868.3000000000902
1604.583384,1,0,0,0,1523.3543,-869.9900000001435
1604.783382,1,0,0,0,1523.35241,-871.8800000001465
1604.98338,1,0,0,0,1523.35241,-871.8800000001465
1605.183378,1,0,0,0,1523.35241,-871.8800000001465
1605.383376,1,0,0,0,1523.35184,-872.4500000000717
1605.583374,1,0,0,0,1523.35354,-870.7500000000437
1605.783372,1,0,0,0,1523.35354,-870.7500000000437
1605.98337,1,0,0,0,1523.35052,-873.7700000001496
1606.183367,1,0,0,0,1523.35185,-872.4400000000969
1606.383365,1,0,0,0,1523.35185,-872.4400000000969
1606.583363,1,0,0,0,1523.35052,-873.7700000001496
1606.783361,1,0,0,0,1523.35354,-870.7500000000437
1606.983359,1,0,0,0,1523.35298,-871.3100000002214
1607.183357,1,0,0,0,1523.35128,-873.010000000022
1607.383355,1,0,0,0,1523.3543,-869.9900000001435
1607.583353,1,0,0,0,1523.3543,-869.9900000001435
1607.783351,1,0,0,0,1523.35355,-870.7400000000689
1607.983349,1,0,0,0,1523.35185,-872.4400000000969
1608.183347,1,0,0,0,1523.35241,-871.8800000001465
1608.383345,1,0,0,0,1523.35241,-871.8800000001465
1608.583343,1,0,0,0,1523.35317,-871.120000000019
1608.783341,1,0,0,0,1523.35185,-872.4400000000969
1608.983339,1,0,0,0,1523.35298,-871.3100000002214
1609.183337,1,0,0,0,1523.35185,-872.4400000000969
1609.383334,1,0,0,0,1523.3543,-869.9900000001435
1609.583332,1,0,0,0,1523.35354,-870.7500000000437
1609.78333,1,0,0,0,1523.35354,-870.7500000000437
1609.983328,1,0,0,0,1523.35241,-871.8800000001465
1610.183326,1,0,0,0,1523.35241,-871.8800000001465
1610.383324,1,0,0,0,1523.3543,-869.9900000001435
1610.583322,1,0,0,0,1523.35185,-872.4400000000969
1610.78332,1,0,0,0,1523.35355,-870.7400000000689
1610.983318,1,0,0,0,1523.35053,-873.7600000001748
1611.183316,1,0,0,0,1523.35355,-870.7400000000689
1611.383314,1,0,0,0,1523.3494,-874.8900000000503
1611.583312,1,0,0,0,1523.3511,-873.1900000000223
1611.78331,1,0,0,0,1523.35053,-873.7600000001748
1611.983308,1,0,0,0,1523.34883,-875.4600000002029
1612.183306,1,0,0,0,1523.35355,-870.7400000000689
1612.383303,1,0,0,0,1523.34997,-874.3200000001252
1612.583301,1,0,0,0,1523.35468,-869.6100000001934
1612.783299,1,0,0,0,1523.35242,-871.8700000001718
1612.983297,1,0,0,0,1523.34808,-876.2100000001283
1613.183295,1,0,0,0,1523.35186,-872.4300000001222
1613.383293,1,0,0,0,1523.35242,-871.8700000001718
1613.583291,1,0,0,0,1523.35242,-871.8700000001718
1613.783289,1,0,0,0,1523.35186,-872.4300000001222
1613.983287,1,0,0,0,1523.34997,-874.3200000001252
1614.183285,1,0,0,0,1523.35356,-870.7300000000942
1614.383283,1,0,0,0,1523.35129,-873.0000000000473
1614.583281,1,0,0,0,1523.35186,-872.4300000001222
1614.783279,1,0,0,0,1523.34997,-874.3200000001252
1614.983277,1,0,0,0,1523.35129,-873.0000000000473
1615.183275,1,0,0,0,1523.35431,-869.9800000001687
1615.383272,1,0,0,0,1523.35186,-872.4300000001222
1615.58327,1,0,0,0,1523.35129,-873.0000000000473
1615.783268,1,0,0,0,1523.35431,-869.9800000001687
1615.983266,1,0,0,0,1523.34997,-874.3200000001252
1616.183264,1,0,0,0,1523.35299,-871.3000000000193
1616.383262,1,0,0,0,1523.35186,-872.4300000001222
1616.58326,1,0,0,0,1523.35431,-869.9800000001687
1616.783258,1,0,0,0,1523.35242,-871.8700000001718
1616.983256,1,0,0,0,1523.35242,-871.8700000001718
1617.183254,1,0,0,0,1523.35317,-871.120000000019
1617.383252,1,0,0,0,1523.35053,-873.7600000001748
1617.58325,1,0,0,0,1523.35241,-871.8800000001465
1617.783248,1,0,0,0,1523.35298,-871.3100000002214
1617.983245,1,0,0,0,1523.35241,-871.8800000001465
1618.183244,1,0,0,0,1523.35185,-872.4400000000969
1618.383241,1,0,0,0,1523.35355,-870.7400000000689
1618.583239,1,0,0,0,1523.35298,-871.3100000002214
1618.783237,1,0,0,0,1523.35298,-871.3100000002214
1618.983235,1,0,0,0,1523.35185,-872.4400000000969
1619.183233,1,0,0,0,1523.35355,-870.7400000000689
1619.383231,1,0,0,0,1523.3511,-873.1900000000223
1619.583229,1,0,0,0,1523.35242,-871.8700000001718
1619.783227,1,0,0,0,1523.35544,-868.8500000000658
1619.983225,1,0,0,0,1523.35544,-868.8500000000658
1620.183223,1,0,0,0,1523.35431,-869.9800000001687
1620.383221,1,0,0,0,1523.35317,-871.120000000019
1620.583219,1,0,0,0,1523.35242,-871.8700000001718
1620.783216,1,0,0,0,1523.35355,-870.7400000000689
1620.983215,1,0,0,0,1523.35355,-870.7400000000689
1621.183213,1,0,0,0,1523.35431,-869.9800000001687
1621.38321,1,0,0,0,1523.35355,-870.7400000000689
1621.583208,1,0,0,0,1523.35186,-872.4300000001222
1621.783206,1,0,0,0,1523.35544,-868.8500000000658
1621.983204,1,0,0,0,1523.35431,-869.9800000001687
1622.183202,1,0,0,0,1523.35185,-872.4400000000969
1622.3832,1,0,0,0,1523.35544,-868.8500000000658
1622.583198,1,0,0,0,1523.35317,-871.120000000019
1622.783196,1,0,0,0,1523.35355,-870.7400000000689
1622.983194,1,0,0,0,1523.35431,-869.9800000001687
1623.183192,1,0,0,0,1523.35185,-872.4400000000969
1623.38319,1,0,0,0,1523.35053,-873.7600000001748
1623.583188,1,0,0,0,1523.35242,-871.8700000001718
1623.783186,1,0,0,0,1523.35053,-873.7600000001748
1623.983183,1,0,0,0,1523.35223,-872.0600000001468
1624.183181,1,0,0,0,1523.34996,-874.3300000001
1624.383179,1,0,0,0,1523.35053,-873.7600000001748
1624.583177,1,0,0,0,1523.35298,-871.3100000002214
1624.783175,1,0,0,0,1523.35185,-872.4400000000969
1624.983173,1,0,0,0,1523.35185,-872.4400000000969
1625.183171,1,0,0,0,1523.35298,-871.3100000002214
1625.383169,1,0,0,0,1523.35185,-872.4400000000969
1625.583167,1,0,0,0,1523.34808,-876.2100000001283
1625.783165,1,0,0,0,1523.35317,-871.120000000019
1625.983163,1,0,0,0,1523.35242,-871.8700000001718
1626.183161,1,0,0,0,1523.35242,-871.8700000001718
1626.383159,1,0,0,0,1523.35186,-872.4300000001222
1626.583157,1,0,0,0,1523.35186,-872.4300000001222
1626.783154,1,0,0,0,1523.35356,-870.7300000000942
1626.983152,1,0,0,0,1523.35242,-871.8700000001718
1627.183151,1,0,0,0,1523.3511,-873.1900000000223
1627.383148,1,0,0,0,1523.3511,-873.1900000000223
1627.583146,1,0,0,0,1523.35186,-872.4300000001222
1627.783144,1,0,0,0,1523.35186,-872.4300000001222
1627.983142,1,0,0,0,1523.35299,-871.3000000000193
1628.18314,1,0,0,0,1523.35356,-870.7300000000942
1628.383138,1,0,0,0,1523.3511,-873.1900000000223
1628.583136,1,0,0,0,1523.34884,-875.4500000000007
1628.783134,1,0,0,0,1523.35356,-870.7300000000942
1628.983132,1,0,0,0,1523.35243,-871.860000000197
1629.18313,1,0,0,0,1523.35356,-870.7300000000942
1629.383128,1,0,0,0,1523.35469,-869.6000000002186
1629.583126,1,0,0,0,1523.35356,-870.7300000000942
1629.783123,1,0,0,0,1523.35431,-869.9800000001687
1629.983121,1,0,0,0,1523.35356,-870.7300000000942
1630.183119,1,0,0,0,1523.34997,-874.3200000001252
1630.383117,1,0,0,0,1523.35186,-872.4300000001222
1630.583115,1,0,0,0,1523.35318,-871.1100000000442
1630.783113,1,0,0,0,1523.35431,-869.9800000001687
1630.983111,1,0,0,0,1523.35299,-871.3000000000193
1631.183109,1,0,0,0,1523.35053,-873.7600000001748
1631.383107,1,0,0,0,1523.35355,-870.7400000000689
1631.583105,1,0,0,0,1523.3511,-873.1900000000223
1631.783103,1,0,0,0,1523.35053,-873.7600000001748
1631.983101,1,0,0,0,1523.35242,-871.8700000001718
1632.183099,1,0,0,0,1523.35431,-869.9800000001687
1632.383097,1,0,0,0,1523.35242,-871.8700000001718
1632.583094,1,0,0,0,1523.35186,-872.4300000001222
1632.783092,1,0,0,0,1523.35242,-871.8700000001718
1632.98309,1,0,0,0,1523.35053,-873.7600000001748
1633.183088,1,0,0,0,1523.34997,-874.3200000001252
1633.383086,1,0,0,0,1523.35054,-873.7500000002001
1633.583084,1,0,0,0,1523.35242,-871.8700000001718
1633.783082,1,0,0,0,1523.35544,-868.8500000000658
1633.98308,1,0,0,0,1523.35356,-870.7300000000942
1634.183078,1,0,0,0,1523.35469,-869.6000000002186
1634.383076,1,0,0,0,1523.35544,-868.8500000000658
1634.583074,1,0,0,0,1523.35431,-869.9800000001687
1634.783072,1,0,0,0,1523.35186,-872.4300000001222
1634.98307,1,0,0,0,1523.35243,-871.860000000197
1635.183068,1,0,0,0,1523.35243,-871.860000000197
1635.383065,1,0,0,0,1523.35111,-873.1800000000476
1635.583064,1,0,0,0,1523.35243,-871.860000000197
1635.783061,1,0,0,0,1523.35243,-871.860000000197
1635.983059,1,0,0,0,1523.35243,-871.860000000197
1636.183057,1,0,0,0,1523.34922,-875.0700000000506
1636.383055,1,0,0,0,1523.35111,-873.1800000000476
1636.583053,1,0,0,0,1523.35054,-873.7500000002001
1636.783051,1,0,0,0,1523.35054,-873.7500000002001
1636.983049,1,0,0,0,1523.34884,-875.4500000000007
1637.183047,1,0,0,0,1523.34884,-875.4500000000007
1637.383045,1,0,0,0,1523.34997,-874.3200000001252
1637.583043,1,0,0,0,1523.35299,-871.3000000000193
1637.783041,1,0,0,0,1523.35242,-871.8700000001718
1637.983039,1,0,0,0,1523.3511,-873.1900000000223
1638.183037,1,0,0,0,1523.35355,-870.7400000000689
1638.383034,1,0,0,0,1523.35054,-873.7500000002001
1638.583032,1,0,0,0,1523.35242,-871.8700000001718
1638.783031,1,0,0,0,1523.35355,-870.7400000000689
1638.983028,1,0,0,0,1523.35431,-869.9800000001687
1639.183026,1,0,0,0,1523.3511,-873.1900000000223
1639.383024,1,0,0,0,1523.35186,-872.4300000001222
1639.583022,1,0,0,0,1523.35053,-873.7600000001748
1639.78302,1,0,0,0,1523.35186,-872.4300000001222
1639.983018,1,0,0,0,1523.35186,-872.4300000001222
1640.183016,1,0,0,0,1523.34997,-874.3200000001252
1640.383014,1,0,0,0,1523.35299,-871.3000000000193
1640.583012,1,0,0,0,1523.35431,-869.9800000001687
1640.78301,1,0,0,0,1523.35242,-871.8700000001718
1640.983008,1,0,0,0,1523.35355,-870.7400000000689
1641.183006,1,0,0,0,1523.34997,-874.3200000001252
1641.383004,1,0,0,0,1523.35243,-871.860000000197
1641.583002,1,0,0,0,1523.35243,-871.860000000197
1641.783,1,0,0,0,1523.35356,-870.7300000000942
1641.982997,1,0,0,0,1523.35356,-870.7300000000942
1642.182995,1,0,0,0,1523.35054,-873.7500000002001
1642.382993,1,0,0,0,1523.35299,-871.3000000000193
1642.582991,1,0,0,0,1523.35299,-871.3000000000193
1642.782989,1,0,0,0,1523.35432,-869.970000000194
1642.982987,1,0,0,0,1523.35299,-871.3000000000193
1643.182985,1,0,0,0,1523.35243,-871.860000000197
1643.382983,1,0,0,0,1523.35432,-869.970000000194
1643.582981,1,0,0,0,1523.35356,-870.7300000000942
1643.782979,1,0,0,0,1523.35243,-871.860000000197
1643.982977,1,0,0,0,1523.35545,-868.8400000000911
1644.182975,1,0,0,0,1523.35299,-871.3000000000193
1644.382973,1,0,0,0,1523.35243,-871.860000000197
1644.582971,1,0,0,0,1523.35356,-870.7300000000942
1644.782969,1,0,0,0,1523.35432,-869.970000000194
1644.982966,1,0,0,0,1523.35186,-872.4300000001222
1645.182964,1,0,0,0,1523.35186,-872.4300000001222
1645.382962,1,0,0,0,1523.35356,-870.7300000000942
1645.58296,1,0,0,0,1523.35544,-868.8500000000658
1645.782958,1,0,0,0,1523.35299,-871.3000000000193
1645.982956,1,0,0,0,1523.35469,-869.6000000002186
1646.182954,1,0,0,0,1523.35487,-869.4200000002184
1646.382952,1,0,0,0,1523.35355,-870.7400000000689
1646.58295,1,0,0,0,1523.35355,-870.7400000000689
1646.782948,1,0,0,0,1523.35355,-870.7400000000689
1646.982946,1,0,0,0,1523.35242,-871.8700000001718
1647.182944,1,0,0,0,1523.35355,-870.7400000000689
1647.382941,1,0,0,0,1523.35355,-870.7400000000689
1647.58294,1,0,0,0,1523.35185,-872.4400000000969
1647.782937,1,0,0,0,1523.35355,-870.7400000000689
1647.982935,1,0,0,0,1523.35185,-872.4400000000969
1648.182933,1,0,0,0,1523.35053,-873.7600000001748
1648.382931,1,0,0,0,1523.35109,-873.1999999999971
1648.582929,1,0,0,0,1523.35053,-873.7600000001748
1648.782927,1,0,0,0,1523.34996,-874.3300000001
1648.982925,1,0,0,0,1523.35185,-872.4400000000969
1649.182923,1,0,0,0,1523.34996,-874.3300000001
1649.382921,1,0,0,0,1523.35185,-872.4400000000969
1649.582919,1,0,0,0,1523.35128,-873.010000000022
1649.782917,1,0,0,0,1523.35185,-872.4400000000969
1649.982915,1,0,0,0,1523.35298,-871.3100000002214
1650.182913,1,0,0,0,1523.35185,-872.4400000000969
1650.38291,1,0,0,0,1523.35053,-873.7600000001748
1650.582909,1,0,0,0,1523.35298,-871.3100000002214
1650.782906,1,0,0,0,1523.3511,-873.1900000000223
1650.982904,1,0,0,0,1523.35468,-869.6100000001934
1651.182902,1,0,0,0,1523.35242,-871.8700000001718
1651.3829,1,0,0,0,1523.35053,-873.7600000001748
1651.582898,1,0,0,0,1523.35185,-872.4400000000969
1651.782896,1,0,0,0,1523.35355,-870.7400000000689
1651.982894,1,0,0,0,1523.35053,-873.7600000001748
1652.182892,1,0,0,0,1523.35185,-872.4400000000969
1652.38289,1,0,0,0,1523.35355,-870.7400000000689
1652.582888,1,0,0,0,1523.35242,-871.8700000001718
1652.782886,1,0,0,0,1523.35355,-870.7400000000689
1652.982884,1,0,0,0,1523.35355,-870.7400000000689
1653.182882,1,0,0,0,1523.35355,-870.7400000000689
1653.382879,1,0,0,0,1523.35185,-872.4400000000969
1653.582877,1,0,0,0,1523.35355,-870.7400000000689
1653.782875,1,0,0,0,1523.35128,-873.010000000022
1653.982873,1,0,0,0,1523.35109,-873.1999999999971
1654.182871,1,0,0,0,1523.35298,-871.3100000002214
1654.382869,1,0,0,0,1523.35241,-871.8800000001465
1654.582867,1,0,0,0,1523.35355,-870.7400000000689
1654.782865,1,0,0,0,1523.35185,-872.4400000000969
1654.982863,1,0,0,0,1523.35185,-872.4400000000969
1655.182861,1,0,0,0,1523.35241,-871.8800000001465
1655.382859,1,0,0,0,1523.35298,-871.3100000002214
1655.582857,1,0,0,0,1523.35298,-871.3100000002214
1655.782855,1,0,0,0,1523.35241,-871.8800000001465
1655.982853,1,0,0,0,1523.35487,-869.4200000002184
1656.182851,1,0,0,0,1523.35355,-870.7400000000689
1656.382849,1,0,0,0,1523.35298,-871.3100000002214
1656.582847,1,0,0,0,1523.3511,-873.1900000000223
1656.782844,1,0,0,0,1523.35242,-871.8700000001718
1656.982842,1,0,0,0,1523.35298,-871.3100000002214
1657.18284,1,0,0,0,1523.35468,-869.6100000001934
1657.382838,1,0,0,0,1523.3543,-869.9900000001435
1657.582836,1,0,0,0,1523.35355,-870.7400000000689
1657.782834,1,0,0,0,1523.35543,-868.8600000000406
1657.982832,1,0,0,0,1523.35241,-871.8800000001465
1658.18283,1,0,0,0,1523.3543,-869.9900000001435
1658.382828,1,0,0,0,1523.35241,-871.8800000001465
1658.582826,1,0,0,0,1523.35355,-870.7400000000689
1658.782824,1,0,0,0,1523.35355,-870.7400000000689
1658.982821,1,0,0,0,1523.35185,-872.4400000000969
1659.182819,1,0,0,0,1523.35355,-870.7400000000689
1659.382818,1,0,0,0,1523.3543,-869.9900000001435
1659.582815,1,0,0,0,1523.35242,-871.8700000001718
1659.782813,1,0,0,0,1523.35242,-871.8700000001718
1659.982811,1,0,0,0,1523.3543,-869.9900000001435
1660.182809,1,0,0,0,1523.35241,-871.8800000001465
1660.382807,1,0,0,0,1523.35053,-873.7600000001748
1660.582805,1,0,0,0,1523.35355,-870.7400000000689
1660.782803,1,0,0,0,1523.35185,-872.4400000000969
1660.982801,1,0,0,0,1523.35109,-873.1999999999971
1661.182799,1,0,0,0,1523.35052,-873.7700000001496
1661.382797,1,0,0,0,1523.35109,-873.1999999999971
1661.582795,1,0,0,0,1523.34995,-874.3400000000747
1661.782793,1,0,0,0,1523.34996,-874.3300000001
1661.98279,1,0,0,0,1523.35184,-872.4500000000717
1662.182788,1,0,0,0,1523.35184,-872.4500000000717
1662.382786,1,0,0,0,1523.35052,-873.7700000001496
1662.582784,1,0,0,0,1523.34996,-874.3300000001
1662.782782,1,0,0,0,1523.35355,-870.7400000000689
1662.98278,1,0,0,0,1523.35185,-872.4400000000969
1663.182778,1,0,0,0,1523.35241,-871.8800000001465
1663.382776,1,0,0,0,1523.3543,-869.9900000001435
1663.582774,1,0,0,0,1523.35185,-872.4400000000969
1663.782772,1,0,0,0,1523.35185,-872.4400000000969
1663.98277,1,0,0,0,1523.3543,-869.9900000001435
1664.182768,1,0,0,0,1523.3543,-869.9900000001435
1664.382766,1,0,0,0,1523.3543,-869.9900000001435
1664.582764,1,0,0,0,1523.35355,-870.7400000000689
1664.782762,1,0,0,0,1523.35185,-872.4400000000969
1664.982759,1,0,0,0,1523.35185,-872.4400000000969
1665.182757,1,0,0,0,1523.35355,-870.7400000000689
1665.382756,1,0,0,0,1523.35053,-873.7600000001748
1665.582753,1,0,0,0,1523.35543,-868.8600000000406
1665.782751,1,0,0,0,1523.3543,-869.9900000001435
1665.982749,1,0,0,0,1523.35185,-872.4400000000969
1666.182747,1,0,0,0,1523.3543,-869.9900000001435
1666.382745,1,0,0,0,1523.35242,-871.8700000001718
1666.582743,1,0,0,0,1523.35185,-872.4400000000969
1666.782741,1,0,0,0,1523.35185,-872.4400000000969
1666.982739,1,0,0,0,1523.35355,-870.7400000000689
1667.182737,1,0,0,0,1523.35185,-872.4400000000969
1667.382735,1,0,0,0,1523.35468,-869.6100000001934
1667.582733,1,0,0,0,1523.3543,-869.9900000001435
1667.782731,1,0,0,0,1523.35241,-871.8800000001465
1667.982729,1,0,0,0,1523.3543,-869.9900000001435
1668.182726,1,0,0,0,1523.3543,-869.9900000001435
1668.382724,1,0,0,0,1523.35355,-870.7400000000689
1668.582722,1,0,0,0,1523.35543,-868.8600000000406
1668.78272,1,0,0,0,1523.3543,-869.9900000001435
1668.982718,1,0,0,0,1523.35543,-868.8600000000406
1669.182716,1,0,0,0,1523.35355,-870.7400000000689
1669.382714,1,0,0,0,1523.35487,-869.4200000002184
1669.582712,1,0,0,0,1523.35713,-867.1600000000126
1669.78271,1,0,0,0,1523.356,-868.2900000001155
1669.982708,1,0,0,0,1523.35714,-867.1500000000378
1670.182706,1,0,0,0,1523.35355,-870.7400000000689
1670.382704,1,0,0,0,1523.356,-868.2900000001155
1670.582702,1,0,0,0,1523.356,-868.2900000001155
1670.7827,1,0,0,0,1523.35657,-867.7200000001903
1670.982698,1,0,0,0,1523.35469,-869.6000000002186
1671.182695,1,0,0,0,1523.35544,-868.8500000000658
1671.382693,1,0,0,0,1523.35431,-869.9800000001687
1671.582691,1,0,0,0,1523.35714,-867.1500000000378
1671.782689,1,0,0,0,1523.35355,-870.7400000000689
1671.982687,1,0,0,0,1523.35544,-868.8500000000658
1672.182685,1,0,0,0,1523.35431,-869.9800000001687
1672.382683,1,0,0,0,1523.35714,-867.1500000000378
1672.582681,1,0,0,0,1523.35299,-871.3000000000193
1672.782679,1,0,0,0,1523.35186,-872.4300000001222
1672.982677,1,0,0,0,1523.35299,-871.3000000000193
1673.182675,1,0,0,0,1523.35243,-871.860000000197
1673.382673,1,0,0,0,1523.35186,-872.4300000001222
1673.582671,1,0,0,0,1523.35299,-871.3000000000193
1673.782669,1,0,0,0,1523.35186,-872.4300000001222
1673.982667,1,0,0,0,1523.35186,-872.4300000001222
1674.182665,1,0,0,0,1523.35186,-872.4300000001222
1674.382662,1,0,0,0,1523.35186,-872.4300000001222
1674.58266,1,0,0,0,1523.35431,-869.9800000001687
1674.782658,1,0,0,0,1523.34997,-874.3200000001252
1674.982656,1,0,0,0,1523.35186,-872.4300000001222
1675.182654,1,0,0,0,1523.35356,-870.7300000000942
1675.382652,1,0,0,0,1523.35431,-869.9800000001687
1675.58265,1,0,0,0,1523.35299,-871.3000000000193
1675.782648,1,0,0,0,1523.35242,-871.8700000001718
1675.982646,1,0,0,0,1523.35356,-870.7300000000942
1676.182644,1,0,0,0,1523.35356,-870.7300000000942
1676.382642,1,0,0,0,1523.35356,-870.7300000000942
1676.58264,1,0,0,0,1523.35601,-868.2800000001407
1676.782637,1,0,0,0,1523.35355,-870.7400000000689
1676.982636,1,0,0,0,1523.35355,-870.7400000000689
1677.182633,1,0,0,0,1523.35317,-871.120000000019
1677.382631,1,0,0,0,1523.35298,-871.3100000002214
1677.582629,1,0,0,0,1523.35355,-870.7400000000689
1677.782627,1,0,0,0,1523.35431,-869.9800000001687
1677.982625,1,0,0,0,1523.35185,-872.4400000000969
1678.182623,1,0,0,0,1523.35544,-868.8500000000658
1678.382621,1,0,0,0,1523.35299,-871.3000000000193
1678.582619,1,0,0,0,1523.35355,-870.7400000000689
1678.782617,1,0,0,0,1523.35431,-869.9800000001687
1678.982615,1,0,0,0,1523.35355,-870.7400000000689
1679.182613,1,0,0,0,1523.35469,-869.6000000002186
1679.382611,1,0,0,0,1523.35544,-868.8500000000658
1679.582608,1,0,0,0,1523.35355,-870.7400000000689
1679.782607,1,0,0,0,1523.35431,-869.9800000001687
1679.982605,1,0,0,0,1523.35355,-870.7400000000689
1680.182602,1,0,0,0,1523.35355,-870.7400000000689
1680.3826,1,0,0,0,1523.35242,-871.8700000001718
1680.582598,1,0,0,0,1523.35431,-869.9800000001687
1680.782596,1,0,0,0,1523.35242,-871.8700000001718
1680.982594,1,0,0,0,1523.35544,-868.8500000000658
1681.182592,1,0,0,0,1523.35356,-870.7300000000942
1681.38259,1,0,0,0,1523.35356,-870.7300000000942
1681.582588,1,0,0,0,1523.35488,-869.4100000000162
1681.782586,1,0,0,0,1523.35242,-871.8700000001718
1681.982584,1,0,0,0,1523.3579,-866.3900000001377
1682.182582,1,0,0,0,1523.35356,-870.7300000000942
1682.38258,1,0,0,0,1523.35431,-869.9800000001687
1682.582578,1,0,0,0,1523.35544,-868.8500000000658
1682.782575,1,0,0,0,1523.35677,-867.5200000000132
1682.982574,1,0,0,0,1523.35582,-868.4700000001158
1683.182571,1,0,0,0,1523.35601,-868.2800000001407
1683.382569,1,0,0,0,1523.35544,-868.8500000000658
1683.582567,1,0,0,0,1523.35544,-868.8500000000658
1683.782565,1,0,0,0,1523.35676,-867.5300000002153
1683.982563,1,0,0,0,1523.35469,-869.6000000002186
1684.182561,1,0,0,0,1523.35186,-872.4300000001222
1684.382559,1,0,0,0,1523.35544,-868.8500000000658
1684.582557,1,0,0,0,1523.35544,-868.8500000000658
1684.782555,1,0,0,0,1523.35299,-871.3000000000193
1684.982553,1,0,0,0,1523.35356,-870.7300000000942
1685.182551,1,0,0,0,1523.35356,-870.7300000000942
1685.382549,1,0,0,0,1523.35356,-870.7300000000942
1685.582546,1,0,0,0,1523.35544,-868.8500000000658
1685.782544,1,0,0,0,1523.35356,-870.7300000000942
1685.982543,1,0,0,0,1523.35431,-869.9800000001687
1686.18254,1,0,0,0,1523.35356,-870.7300000000942
1686.382538,1,0,0,0,1523.35111,-873.1800000000476
1686.582536,1,0,0,0,1523.35054,-873.7500000002001
1686.782534,1,0,0,0,1523.35432,-869.970000000194
1686.982532,1,0,0,0,1523.35356,-870.7300000000942
1687.18253,1,0,0,0,1523.353,-871.2900000000445
1687.382528,1,0,0,0,1523.35356,-870.7300000000942
1687.582526,1,0,0,0,1523.35187,-872.4200000001474
1687.782524,1,0,0,0,1523.3547,-869.5900000000165
1687.982522,1,0,0,0,1523.35545,-868.8400000000911
1688.18252,1,0,0,0,1523.35243,-871.860000000197
1688.382518,1,0,0,0,1523.35243,-871.860000000197
1688.582515,1,0,0,0,1523.35186,-872.4300000001222
1688.782513,1,0,0,0,1523.34997,-874.3200000001252
1688.982512,1,0,0,0,1523.35186,-872.4300000001222
1689.182509,1,0,0,0,1523.35243,-871.860000000197
1689.382507,1,0,0,0,1523.35356,-870.7300000000942
1689.582505,1,0,0,0,1523.35186,-872.4300000001222
1689.782503,1,0,0,0,1523.35432,-869.970000000194
1689.982501,1,0,0,0,1523.35243,-871.860000000197
1690.182499,1,0,0,0,1523.35299,-871.3000000000193
1690.382497,1,0,0,0,1523.35469,-869.6000000002186
1690.582495,1,0,0,0,1523.35356,-870.7300000000942
1690.782493,1,0,0,0,1523.35356,-870.7300000000942
1690.982491,1,0,0,0,1523.35187,-872.4200000001474
1691.182489,1,0,0,0,1523.353,-871.2900000000445
1691.382487,1,0,0,0,1523.35055,-873.739999999998
1691.582484,1,0,0,0,1523.35357,-870.7200000001194
1691.782482,1,0,0,0,1523.35715,-867.1400000000631
1691.98248,1,0,0,0,1523.35357,-870.7200000001194
1692.182478,1,0,0,0,1523.35357,-870.7200000001194
1692.382476,1,0,0,0,1523.35432,-869.970000000194
1692.582474,1,0,0,0,1523.35545,-868.8400000000911
1692.782472,1,0,0,0,1523.35357,-870.7200000001194
1692.98247,1,0,0,0,1523.35545,-868.8400000000911
1693.182468,1,0,0,0,1523.35545,-868.8400000000911
1693.382466,1,0,0,0,1523.35432,-869.970000000194
1693.582464,1,0,0,0,1523.35545,-868.8400000000911
1693.782462,1,0,0,0,1523.35489,-869.4000000000415
1693.98246,1,0,0,0,1523.35489,-869.4000000000415
1694.182458,1,0,0,0,1523.35546,-868.8300000001163
1694.382456,1,0,0,0,1523.35546,-868.8300000001163
1694.582453,1,0,0,0,1523.35357,-870.7200000001194
1694.782451,1,0,0,0,1523.35602,-868.270000000166
1694.982449,1,0,0,0,1523.35357,-870.7200000001194
1695.182447,1,0,0,0,1523.35357,-870.7200000001194
1695.382445,1,0,0,0,1523.35376,-870.5300000001444
1695.582443,1,0,0,0,1523.35602,-868.270000000166
1695.782441,1,0,0,0,1523.35546,-868.8300000001163
1695.982439,1,0,0,0,1523.35357,-870.7200000001194
1696.182437,1,0,0,0,1523.35546,-868.8300000001163
1696.382435,1,0,0,0,1523.35715,-867.1400000000631
1696.582433,1,0,0,0,1523.35659,-867.7000000000135
1696.782431,1,0,0,0,1523.35357,-870.7200000001194
1696.982429,1,0,0,0,1523.3547,-869.5900000000165
1697.182427,1,0,0,0,1523.35489,-869.4000000000415
1697.382424,1,0,0,0,1523.35545,-868.8400000000911
1697.582422,1,0,0,0,1523.35545,-868.8400000000911
1697.78242,1,0,0,0,1523.35357,-870.7200000001194
1697.982418,1,0,0,0,1523.35545,-868.8400000000911
1698.182416,1,0,0,0,1523.35187,-872.4200000001474
1698.382414,1,0,0,0,1523.35432,-869.970000000194
1698.582412,1,0,0,0,1523.35357,-870.7200000001194
1698.78241,1,0,0,0,1523.35357,-870.7200000001194
1698.982408,1,0,0,0,1523.35432,-869.970000000194
1699.182406,1,0,0,0,1523.35357,-870.7200000001194
1699.382404,1,0,0,0,1523.35432,-869.970000000194
1699.582402,1,0,0,0,1523.35432,-869.970000000194
1699.7824,1,0,0,0,1523.35602,-868.270000000166
1699.982398,1,0,0,0,1523.35187,-872.4200000001474
1700.182396,1,0,0,0,1523.35357,-870.7200000001194
1700.382394,1,0,0,0,1523.3547,-869.5900000000165
1700.582392,1,0,0,0,1523.35357,-870.7200000001194
1700.782389,1,0,0,0,1523.35357,-870.7200000001194
1700.982387,1,0,0,0,1523.35602,-868.270000000166
1701.182385,1,0,0,0,1523.35357,-870.7200000001194
1701.382383,1,0,0,0,1523.35357,-870.7200000001194
1701.582381,1,0,0,0,1523.3513,-872.9900000000725
1701.782379,1,0,0,0,1523.35243,-871.860000000197
1701.982377,1,0,0,0,1523.35357,-870.7200000001194
1702.182375,1,0,0,0,1523.35357,-870.7200000001194
1702.382373,1,0,0,0,1523.35432,-869.970000000194
1702.582371,1,0,0,0,1523.35545,-868.8400000000911
1702.782369,1,0,0,0,1523.35432,-869.970000000194
1702.982367,1,0,0,0,1523.35357,-870.7200000001194
1703.182364,1,0,0,0,1523.35432,-869.970000000194
1703.382362,1,0,0,0,1523.35413,-870.160000000169
1703.58236,1,0,0,0,1523.35357,-870.7200000001194
1703.782358,1,0,0,0,1523.35357,-870.7200000001194
1703.982356,1,0,0,0,1523.35244,-871.8500000002223
1704.182354,1,0,0,0,1523.35357,-870.7200000001194
1704.382352,1,0,0,0,1523.3547,-869.5900000000165
1704.58235,1,0,0,0,1523.35112,-873.1700000000728
1704.782348,1,0,0,0,1523.35546,-868.8300000001163
1704.982346,1,0,0,0,1523.35716,-867.1300000000883
1705.182344,1,0,0,0,1523.35433,-869.9600000002192
1705.382342,1,0,0,0,1523.35358,-870.7100000001446
1705.58234,1,0,0,0,1523.35546,-868.8300000001163
1705.782338,1,0,0,0,1523.35546,-868.8300000001163
1705.982336,1,0,0,0,1523.3549,-869.3900000000667
1706.182334,1,0,0,0,1523.35546,-868.8300000001163
1706.382332,1,0,0,0,1523.35358,-870.7100000001446
1706.58233,1,0,0,0,1523.35678,-867.5100000000384
1706.782327,1,0,0,0,1523.35433,-869.9600000002192
1706.982325,1,0,0,0,1523.35716,-867.1300000000883
1707.182323,1,0,0,0,1523.35716,-867.1300000000883
1707.382321,1,0,0,0,1523.35678,-867.5100000000384
1707.582319,1,0,0,0,1523.35358,-870.7100000001446
1707.782317,1,0,0,0,1523.35547,-868.8200000001416
1707.982315,1,0,0,0,1523.3566,-867.6900000000387
1708.182313,1,0,0,0,1523.35433,-869.9600000002192
1708.382311,1,0,0,0,1523.35433,-869.9600000002192
1708.582309,1,0,0,0,1523.35547,-868.8200000001416
1708.782307,1,0,0,0,1523.35603,-868.2600000001912
1708.982305,1,0,0,0,1523.35358,-870.7100000001446
1709.182302,1,0,0,0,1523.35434,-869.9500000000171
1709.3823,1,0,0,0,1523.35547,-868.8200000001416
1709.582298,1,0,0,0,1523.3566,-867.6900000000387
1709.782296,1,0,0,0,1523.3566,-867.6900000000387
1709.982294,1,0,0,0,1523.35358,-870.7100000001446
1710.182292,1,0,0,0,1523.35358,-870.7100000001446
1710.38229,1,0,0,0,1523.35358,-870.7100000001446
1710.582288,1,0,0,0,1523.35433,-869.9600000002192
1710.782286,1,0,0,0,1523.3532,-871.0900000000947
1710.982284,1,0,0,0,1523.35188,-872.4100000001727
1711.182282,1,0,0,0,1523.35358,-870.7100000001446
1711.38228,1,0,0,0,1523.35358,-870.7100000001446
1711.582278,1,0,0,0,1523.35433,-869.9600000002192
1711.782276,1,0,0,0,1523.35301,-871.2800000000698
1711.982274,1,0,0,0,1523.35301,-871.2800000000698
1712.182271,1,0,0,0,1523.35358,-870.7100000001446
1712.382269,1,0,0,0,1523.35358,-870.7100000001446
1712.582268,1,0,0,0,1523.35358,-870.7100000001446
1712.782265,1,0,0,0,1523.35188,-872.4100000001727
1712.982263,1,0,0,0,1523.35301,-871.2800000000698
1713.182261,1,0,0,0,1523.35188,-872.4100000001727
1713.382259,1,0,0,0,1523.35188,-872.4100000001727
1713.582257,1,0,0,0,1523.35357,-870.7200000001194
1713.782255,1,0,0,0,1523.35603,-868.2600000001912
1713.982253,1,0,0,0,1523.35357,-870.7200000001194
1714.182251,1,0,0,0,1523.35357,-870.7200000001194
1714.382249,1,0,0,0,1523.35187,-872.4200000001474
1714.582247,1,0,0,0,1523.35244,-871.8500000002223
1714.782245,1,0,0,0,1523.35433,-869.9600000002192
1714.982243,1,0,0,0,1523.35188,-872.4100000001727
1715.18224,1,0,0,0,1523.35357,-870.7200000001194
1715.382238,1,0,0,0,1523.35433,-869.9600000002192
1715.582236,1,0,0,0,1523.35546,-868.8300000001163
1715.782234,1,0,0,0,1523.35546,-868.8300000001163
1715.982232,1,0,0,0,1523.35546,-868.8300000001163
1716.18223,1,0,0,0,1523.35301,-871.2800000000698
1716.382228,1,0,0,0,1523.35603,-868.2600000001912
1716.582226,1,0,0,0,1523.35433,-869.9600000002192
1716.782224,1,0,0,0,1523.35546,-868.8300000001163
1716.982222,1,0,0,0,1523.35433,-869.9600000002192
1717.18222,1,0,0,0,1523.35433,-869.9600000002192
1717.382218,1,0,0,0,1523.35546,-868.8300000001163
1717.582216,1,0,0,0,1523.35433,-869.9600000002192
1717.782214,1,0,0,0,1523.35433,-869.9600000002192
1717.982212,1,0,0,0,1523.35546,-868.8300000001163
1718.182209,1,0,0,0,1523.35471,-869.5800000000418
1718.382207,1,0,0,0,1523.35546,-868.8300000001163
1718.582205,1,0,0,0,1523.35546,-868.8300000001163
1718.782203,1,0,0,0,1523.35358,-870.7100000001446
1718.982201,1,0,0,0,1523.35358,-870.7100000001446
1719.1822,1,0,0,0,1523.35433,-869.9600000002192
1719.382197,1,0,0,0,1523.35433,-869.9600000002192
1719.582195,1,0,0,0,1523.35603,-868.2600000001912
1719.782193,1,0,0,0,1523.35489,-869.4000000000415
1719.982191,1,0,0,0,1523.3549,-869.3900000000667
1720.182189,1,0,0,0,1523.35433,-869.9600000002192
1720.382187,1,0,0,0,1523.35358,-870.7100000001446
1720.582185,1,0,0,0,1523.35358,-870.7100000001446
1720.782183,1,0,0,0,1523.35357,-870.7200000001194
1720.982181,1,0,0,0,1523.35357,-870.7200000001194
1721.182178,1,0,0,0,1523.35546,-868.8300000001163
1721.382176,1,0,0,0,1523.35433,-869.9600000002192
1721.582174,1,0,0,0,1523.35602,-868.270000000166
1721.782172,1,0,0,0,1523.35432,-869.970000000194
1721.98217,1,0,0,0,1523.35357,-870.7200000001194
1722.182168,1,0,0,0,1523.35357,-870.7200000001194
1722.382166,1,0,0,0,1523.35357,-870.7200000001194
1722.582164,1,0,0,0,1523.35301,-871.2800000000698
1722.782162,1,0,0,0,1523.35187,-872.4200000001474
1722.98216,1,0,0,0,1523.35187,-872.4200000001474
1723.182158,1,0,0,0,1523.35055,-873.739999999998
1723.382156,1,0,0,0,1523.35244,-871.8500000002223
1723.582154,1,0,0,0,1523.35244,-871.8500000002223
1723.782152,1,0,0,0,1523.35131,-872.9800000000978
1723.98215,1,0,0,0,1523.35244,-871.8500000002223
1724.182148,1,0,0,0,1523.35357,-870.7200000001194
1724.382145,1,0,0,0,1523.3532,-871.0900000000947
1724.582143,1,0,0,0,1523.35357,-870.7200000001194
1724.782141,1,0,0,0,1523.35188,-872.4100000001727
1724.982139,1,0,0,0,1523.35244,-871.8500000002223
1725.182137,1,0,0,0,1523.35358,-870.7100000001446
1725.382135,1,0,0,0,1523.35188,-872.4100000001727
1725.582133,1,0,0,0,1523.35244,-871.8500000002223
1725.782131,1,0,0,0,1523.35357,-870.7200000001194
1725.982129,1,0,0,0,1523.35188,-872.4100000001727
1726.182127,1,0,0,0,1523.35244,-871.8500000002223
1726.382125,1,0,0,0,1523.35244,-871.8500000002223
1726.582123,1,0,0,0,1523.35357,-870.7200000001194
1726.782121,1,0,0,0,1523.35244,-871.8500000002223
1726.982119,1,0,0,0,1523.35357,-870.7200000001194
1727.182116,1,0,0,0,1523.35432,-869.970000000194
1727.382114,1,0,0,0,1523.3547,-869.5900000000165
1727.582112,1,0,0,0,1523.35357,-870.7200000001194
1727.78211,1,0,0,0,1523.35545,-868.8400000000911
1727.982108,1,0,0,0,1523.35243,-871.860000000197
1728.182106,1,0,0,0,1523.35243,-871.860000000197
1728.382104,1,0,0,0,1523.35432,-869.970000000194
1728.582102,1,0,0,0,1523.35243,-871.860000000197
1728.7821,1,0,0,0,1523.35187,-872.4200000001474
1728.982098,1,0,0,0,1523.35243,-871.860000000197
1729.182096,1,0,0,0,1523.35356,-870.7300000000942
1729.382094,1,0,0,0,1523.35356,-870.7300000000942
1729.582092,1,0,0,0,1523.35545,-868.8400000000911
1729.782089,1,0,0,0,1523.35545,-868.8400000000911
1729.982087,1,0,0,0,1523.35432,-869.970000000194
1730.182085,1,0,0,0,1523.35243,-871.860000000197
1730.382084,1,0,0,0,1523.35187,-872.4200000001474
1730.582081,1,0,0,0,1523.35545,-868.8400000000911
1730.782079,1,0,0,0,1523.35111,-873.1800000000476
1730.982077,1,0,0,0,1523.35545,-868.8400000000911
1731.182075,1,0,0,0,1523.35432,-869.970000000194
1731.382073,1,0,0,0,1523.35357,-870.7200000001194
1731.582071,1,0,0,0,1523.35545,-868.8400000000911
1731.782069,1,0,0,0,1523.35357,-870.7200000001194
1731.982067,1,0,0,0,1523.3547,-869.5900000000165
1732.182065,1,0,0,0,1523.35319,-871.1000000000695
1732.382063,1,0,0,0,1523.35602,-868.270000000166
1732.582061,1,0,0,0,1523.35546,-868.8300000001163
1732.782058,1,0,0,0,1523.35357,-870.7200000001194
1732.982056,1,0,0,0,1523.35357,-870.7200000001194
1733.182054,1,0,0,0,1523.35546,-868.8300000001163
1733.382052,1,0,0,0,1523.35659,-867.7000000000135
1733.58205,1,0,0,0,1523.35244,-871.8500000002223
1733.782048,1,0,0,0,1523.35357,-870.7200000001194
1733.982046,1,0,0,0,1523.35357,-870.7200000001194
1734.182044,1,0,0,0,1523.35433,-869.9600000002192
1734.382042,1,0,0,0,1523.35433,-869.9600000002192
1734.58204,1,0,0,0,1523.35433,-869.9600000002192
1734.782038,1,0,0,0,1523.35188,-872.4100000001727
1734.982036,1,0,0,0,1523.35188,-872.4100000001727
1735.182034,1,0,0,0,1523.35301,-871.2800000000698
1735.382032,1,0,0,0,1523.35357,-870.7200000001194
1735.58203,1,0,0,0,1523.35112,-873.1700000000728
1735.782027,1,0,0,0,1523.35188,-872.4100000001727
1735.982025,1,0,0,0,1523.35358,-870.7100000001446
1736.182023,1,0,0,0,1523.35433,-869.9600000002192
1736.382021,1,0,0,0,1523.35358,-870.7100000001446
1736.582019,1,0,0,0,1523.35056,-873.7300000000232
1736.782017,1,0,0,0,1523.35433,-869.9600000002192
1736.982015,1,0,0,0,1523.35056,-873.7300000000232
1737.182013,1,0,0,0,1523.35358,-870.7100000001446
1737.382011,1,0,0,0,1523.35433,-869.9600000002192
1737.582009,1,0,0,0,1523.35358,-870.7100000001446
1737.782007,1,0,0,0,1523.35358,-870.7100000001446
1737.982005,1,0,0,0,1523.35433,-869.9600000002192
1738.182003,1,0,0,0,1523.35471,-869.5800000000418
1738.382,1,0,0,0,1523.35112,-873.1700000000728
1738.581999,1,0,0,0,1523.35244,-871.8500000002223
1738.781996,1,0,0,0,1523.35188,-872.4100000001727
1738.981994,1,0,0,0,1523.3566,-867.6900000000387
1739.181992,1,0,0,0,1523.35358,-870.7100000001446
1739.38199,1,0,0,0,1523.35358,-870.7100000001446
1739.581988,1,0,0,0,1523.35188,-872.4100000001727
1739.781986,1,0,0,0,1523.35358,-870.7100000001446
1739.981984,1,0,0,0,1523.35603,-868.2600000001912
1740.181982,1,0,0,0,1523.35433,-869.9600000002192
1740.38198,1,0,0,0,1523.35433,-869.9600000002192
1740.581978,1,0,0,0,1523.35471,-869.5800000000418
1740.781976,1,0,0,0,1523.35433,-869.9600000002192
1740.981974,1,0,0,0,1523.35358,-870.7100000001446
1741.181972,1,0,0,0,1523.35433,-869.9600000002192
1741.381969,1,0,0,0,1523.35547,-868.8200000001416
1741.581968,1,0,0,0,1523.35603,-868.2600000001912
1741.781965,1,0,0,0,1523.35471,-869.5800000000418
1741.981964,1,0,0,0,1523.35547,-868.8200000001416
1742.181961,1,0,0,0,1523.35301,-871.2800000000698
1742.381959,1,0,0,0,1523.35547,-868.8200000001416
1742.581958,1,0,0,0,1523.35358,-870.7100000001446
1742.781955,1,0,0,0,1523.3532,-871.0900000000947
1742.981953,1,0,0,0,1523.35547,-868.8200000001416
1743.181951,1,0,0,0,1523.35547,-868.8200000001416
1743.381949,1,0,0,0,1523.35603,-868.2600000001912
1743.581947,1,0,0,0,1523.35547,-868.8200000001416
1743.781945,1,0,0,0,1523.35547,-868.8200000001416
1743.981943,1,0,0,0,1523.35358,-870.7100000001446
1744.181941,1,0,0,0,1523.3549,-869.3900000000667
1744.381938,1,0,0,0,1523.3549,-869.3900000000667
1744.581936,1,0,0,0,1523.35434,-869.9500000000171
1744.781934,1,0,0,0,1523.35358,-870.7100000001446
1744.981932,1,0,0,0,1523.35604,-868.2500000002165
1745.18193,1,0,0,0,1523.35547,-868.8200000001416
1745.381928,1,0,0,0,1523.35604,-868.2500000002165
1745.581926,1,0,0,0,1523.35434,-869.9500000000171
1745.781924,1,0,0,0,1523.35604,-868.2500000002165
1745.981922,1,0,0,0,1523.35302,-871.270000000095
1746.18192,1,0,0,0,1523.35471,-869.5800000000418
1746.381918,1,0,0,0,1523.35433,-869.9600000002192
1746.581916,1,0,0,0,1523.35547,-868.8200000001416
1746.781914,1,0,0,0,1523.3549,-869.3900000000667
1746.981912,1,0,0,0,1523.35358,-870.7100000001446
1747.18191,1,0,0,0,1523.35433,-869.9600000002192
1747.381907,1,0,0,0,1523.35358,-870.7100000001446
1747.581905,1,0,0,0,1523.35358,-870.7100000001446
1747.781903,1,0,0,0,1523.35188,-872.4100000001727
1747.981901,1,0,0,0,1523.35056,-873.7300000000232
1748.181899,1,0,0,0,1523.35358,-870.7100000001446
1748.381897,1,0,0,0,1523.35188,-872.4100000001727
1748.581895,1,0,0,0,1523.35245,-871.8400000000202
1748.781893,1,0,0,0,1523.34999,-874.3000000001757
1748.981891,1,0,0,0,1523.35358,-870.7100000001446
1749.181889,1,0,0,0,1523.35547,-868.8200000001416
1749.381887,1,0,0,0,1523.35547,-868.8200000001416
1749.581885,1,0,0,0,1523.35358,-870.7100000001446
1749.781883,1,0,0,0,1523.35245,-871.8400000000202
1749.981881,1,0,0,0,1523.35547,-868.8200000001416
1750.181879,1,0,0,0,1523.35301,-871.2800000000698
1750.381876,1,0,0,0,1523.35358,-870.7100000001446
1750.581875,1,0,0,0,1523.35471,-869.5800000000418
1750.781872,1,0,0,0,1523.35471,-869.5800000000418
1750.98187,1,0,0,0,1523.35603,-868.2600000001912
1751.181868,1,0,0,0,1523.35434,-869.9500000000171
1751.381866,1,0,0,0,1523.35188,-872.4100000001727
1751.581864,1,0,0,0,1523.35471,-869.5800000000418
1751.781862,1,0,0,0,1523.35434,-869.9500000000171
1751.98186,1,0,0,0,1523.35434,-869.9500000000171
1752.181858,1,0,0,0,1523.35547,-868.8200000001416
1752.381857,1,0,0,0,1523.35547,-868.8200000001416
1752.581854,1,0,0,0,1523.35434,-869.9500000000171
1752.781852,1,0,0,0,1523.35547,-868.8200000001416
1752.98185,1,0,0,0,1523.35604,-868.2500000002165
1753.181848,1,0,0,0,1523.35434,-869.9500000000171
1753.381845,1,0,0,0,1523.35358,-870.7100000001446
1753.581843,1,0,0,0,1523.35472,-869.570000000067
1753.781841,1,0,0,0,1523.35434,-869.9500000000171
1753.981839,1,0,0,0,1523.35604,-868.2500000002165
1754.181837,1,0,0,0,1523.35547,-868.8200000001416
1754.381835,1,0,0,0,1523.35434,-869.9500000000171
1754.581833,1,0,0,0,1523.35547,-868.8200000001416
1754.781831,1,0,0,0,1523.35774,-866.5500000001884
1754.981829,1,0,0,0,1523.35472,-869.570000000067
1755.181827,1,0,0,0,1523.35547,-868.8200000001416
1755.381825,1,0,0,0,1523.35792,-866.3700000001882
1755.581823,1,0,0,0,1523.35434,-869.9500000000171
1755.781821,1,0,0,0,1523.35792,-866.3700000001882
1755.981819,1,0,0,0,1523.35547,-868.8200000001416
1756.181817,1,0,0,0,1523.35604,-868.2500000002165
1756.381814,1,0,0,0,1523.35604,-868.2500000002165
1756.581812,1,0,0,0,1523.35717,-867.1200000001136
1756.78181,1,0,0,0,1523.35604,-868.2500000002165
1756.981808,1,0,0,0,1523.35245,-871.8400000000202
1757.181806,1,0,0,0,1523.35604,-868.2500000002165
1757.381804,1,0,0,0,1523.35472,-869.570000000067
1757.581802,1,0,0,0,1523.35604,-868.2500000002165
1757.7818,1,0,0,0,1523.35434,-869.9500000000171
1757.981798,1,0,0,0,1523.35547,-868.8200000001416
1758.181796,1,0,0,0,1523.35547,-868.8200000001416
1758.381794,1,0,0,0,1523.35717,-867.1200000001136
1758.581792,1,0,0,0,1523.35604,-868.2500000002165
1758.78179,1,0,0,0,1523.35547,-868.8200000001416
1758.981788,1,0,0,0,1523.35547,-868.8200000001416
1759.181785,1,0,0,0,1523.35661,-867.680000000064
1759.381783,1,0,0,0,1523.35547,-868.8200000001416
1759.581781,1,0,0,0,1523.35472,-869.570000000067
1759.781779,1,0,0,0,1523.35547,-868.8200000001416
1759.981777,1,0,0,0,1523.35434,-869.9500000000171
1760.181775,1,0,0,0,1523.35434,-869.9500000000171
1760.381773,1,0,0,0,1523.35245,-871.8400000000202
1760.581771,1,0,0,0,1523.35358,-870.7100000001446
1760.781769,1,0,0,0,1523.35472,-869.570000000067
1760.981767,1,0,0,0,1523.35188,-872.4100000001727
1761.181765,1,0,0,0,1523.35717,-867.1200000001136
1761.381763,1,0,0,0,1523.35188,-872.4100000001727
1761.581761,1,0,0,0,1523.35717,-867.1200000001136
1761.781759,1,0,0,0,1523.35547,-868.8200000001416
1761.981756,1,0,0,0,1523.35358,-870.7100000001446
1762.181755,1,0,0,0,1523.35358,-870.7100000001446
1762.381752,1,0,0,0,1523.35434,-869.9500000000171
1762.58175,1,0,0,0,1523.35434,-869.9500000000171
1762.781748,1,0,0,0,1523.35547,-868.8200000001416
1762.981746,1,0,0,0,1523.35302,-871.270000000095
1763.181744,1,0,0,0,1523.35358,-870.7100000001446
1763.381742,1,0,0,0,1523.35189,-872.4000000001979
1763.58174,1,0,0,0,1523.35302,-871.270000000095
1763.781738,1,0,0,0,1523.35547,-868.8200000001416
1763.981736,1,0,0,0,1523.35415,-870.1400000002195
1764.181734,1,0,0,0,1523.35302,-871.270000000095
1764.381732,1,0,0,0,1523.35434,-869.9500000000171
1764.58173,1,0,0,0,1523.35547,-868.8200000001416
1764.781728,1,0,0,0,1523.35547,-868.8200000001416
1764.981725,1,0,0,0,1523.35661,-867.680000000064
1765.181724,1,0,0,0,1523.35547,-868.8200000001416
1765.381721,1,0,0,0,1523.35359,-870.7000000001699
1765.581719,1,0,0,0,1523.35434,-869.9500000000171
1765.781717,1,0,0,0,1523.35057,-873.7200000000485
1765.981715,1,0,0,0,1523.35548,-868.8100000001668
1766.181713,1,0,0,0,1523.35717,-867.1200000001136
1766.381711,1,0,0,0,1523.35548,-868.8100000001668
1766.581709,1,0,0,0,1523.35189,-872.4000000001979
1766.781707,1,0,0,0,1523.35604,-868.2500000002165
1766.981705,1,0,0,0,1523.35548,-868.8100000001668
1767.181703,1,0,0,0,1523.35548,-868.8100000001668
1767.381701,1,0,0,0,1523.35189,-872.4000000001979
1767.581699,1,0,0,0,1523.35434,-869.9500000000171
1767.781697,1,0,0,0,1523.35548,-868.8100000001668
1767.981695,1,0,0,0,1523.35434,-869.9500000000171
1768.181692,1,0,0,0,1523.35548,-868.8100000001668
1768.381691,1,0,0,0,1523.35718,-867.1100000001388
1768.581688,1,0,0,0,1523.35548,-868.8100000001668
1768.781686,1,0,0,0,1523.35548,-868.8100000001668
1768.981684,1,0,0,0,1523.35604,-868.2500000002165
1769.181682,1,0,0,0,1523.35302,-871.270000000095
1769.38168,1,0,0,0,1523.35548,-868.8100000001668
1769.581678,1,0,0,0,1523.35717,-867.1200000001136
1769.781676,1,0,0,0,1523.35604,-868.2500000002165
1769.981674,1,0,0,0,1523.35548,-868.8100000001668
1770.181672,1,0,0,0,1523.35604,-868.2500000002165
1770.38167,1,0,0,0,1523.35472,-869.570000000067
1770.581668,1,0,0,0,1523.3568,-867.4900000000889
1770.781666,1,0,0,0,1523.35548,-868.8100000001668
1770.981664,1,0,0,0,1523.35359,-870.7000000001699
1771.181661,1,0,0,0,1523.35717,-867.1200000001136
1771.381659,1,0,0,0,1523.35548,-868.8100000001668
1771.581657,1,0,0,0,1523.35604,-868.2500000002165
1771.781655,1,0,0,0,1523.35359,-870.7000000001699
1771.981653,1,0,0,0,1523.35434,-869.9500000000171
1772.181651,1,0,0,0,1523.35246,-871.8300000000454
1772.381649,1,0,0,0,1523.35359,-870.7000000001699
1772.581647,1,0,0,0,1523.35057,-873.7200000000485
1772.781645,1,0,0,0,1523.35435,-869.9400000000423
1772.981643,1,0,0,0,1523.35303,-871.2600000001203
1773.181641,1,0,0,0,1523.35359,-870.7000000001699
1773.381639,1,0,0,0,1523.35359,-870.7000000001699
1773.581637,1,0,0,0,1523.35246,-871.8300000000454
1773.781635,1,0,0,0,1523.35548,-868.8100000001668
1773.981632,1,0,0,0,1523.35435,-869.9400000000423
1774.18163,1,0,0,0,1523.35359,-870.7000000001699
1774.381629,1,0,0,0,1523.35548,-868.8100000001668
1774.581626,1,0,0,0,1523.35359,-870.7000000001699
1774.781624,1,0,0,0,1523.35435,-869.9400000000423
1774.981622,1,0,0,0,1523.35057,-873.7200000000485
1775.18162,1,0,0,0,1523.35548,-868.8100000001668
1775.381618,1,0,0,0,1523.35435,-869.9400000000423
1775.581616,1,0,0,0,1523.35491,-869.380000000092
1775.781614,1,0,0,0,1523.35435,-869.9400000000423
1775.981612,1,0,0,0,1523.35359,-870.7000000001699
1776.18161,1,0,0,0,1523.35435,-869.9400000000423
1776.381608,1,0,0,0,1523.3519,-872.3900000002232
1776.581606,1,0,0,0,1523.3536,-870.6900000001951
1776.781604,1,0,0,0,1523.35492,-869.3700000001172
1776.981601,1,0,0,0,1523.35435,-869.9400000000423
1777.181599,1,0,0,0,1523.3519,-872.3900000002232
1777.381597,1,0,0,0,1523.35548,-868.8100000001668
1777.581596,1,0,0,0,1523.35435,-869.9400000000423
1777.781593,1,0,0,0,1523.35435,-869.9400000000423
1777.981591,1,0,0,0,1523.35435,-869.9400000000423
1778.181589,1,0,0,0,1523.35415,-870.1400000002195
1778.381587,1,0,0,0,1523.35359,-870.7000000001699
1778.581585,1,0,0,0,1523.35548,-868.8100000001668
1778.781583,1,0,0,0,1523.35604,-868.2500000002165
1778.981582,1,0,0,0,1523.35321,-871.08000000012
1779.181579,1,0,0,0,1523.35547,-868.8200000001416
1779.381577,1,0,0,0,1523.35302,-871.270000000095
1779.581575,1,0,0,0,1523.35434,-869.9500000000171
1779.781572,1,0,0,0,1523.35302,-871.270000000095
1779.98157,1,0,0,0,1523.35359,-870.7000000001699
1780.181569,1,0,0,0,1523.35547,-868.8200000001416
1780.381566,1,0,0,0,1523.35302,-871.270000000095
1780.581564,1,0,0,0,1523.35246,-871.8300000000454
1780.781562,1,0,0,0,1523.35434,-869.9500000000171
1780.98156,1,0,0,0,1523.35547,-868.8200000001416
1781.181558,1,0,0,0,1523.35547,-868.8200000001416
1781.381556,1,0,0,0,1523.35472,-869.570000000067
1781.581554,1,0,0,0,1523.35359,-870.7000000001699
1781.781552,1,0,0,0,1523.35717,-867.1200000001136
1781.98155,1,0,0,0,1523.35548,-868.8100000001668
1782.181548,1,0,0,0,1523.35321,-871.08000000012
1782.381546,1,0,0,0,1523.35189,-872.4000000001979
1782.581543,1,0,0,0,1523.35435,-869.9400000000423
1782.781542,1,0,0,0,1523.35435,-869.9400000000423
1782.981539,1,0,0,0,1523.35548,-868.8100000001668
1783.181537,1,0,0,0,1523.35434,-869.9500000000171
1783.381535,1,0,0,0,1523.35359,-870.7000000001699
1783.581533,1,0,0,0,1523.35359,-870.7000000001699
1783.781531,1,0,0,0,1523.35359,-870.7000000001699
1783.981529,1,0,0,0,1523.35303,-871.2600000001203
1784.181527,1,0,0,0,1523.35189,-872.4000000001979
1784.381525,1,0,0,0,1523.35548,-868.8100000001668
1784.581523,1,0,0,0,1523.35189,-872.4000000001979
1784.781521,1,0,0,0,1523.35246,-871.8300000000454
1784.981519,1,0,0,0,1523.35359,-870.7000000001699
1785.181517,1,0,0,0,1523.35359,-870.7000000001699
1785.381515,1,0,0,0,1523.35359,-870.7000000001699
1785.581513,1,0,0,0,1523.35246,-871.8300000000454
1785.781511,1,0,0,0,1523.35604,-868.2500000002165
1785.981508,1,0,0,0,1523.35133,-872.9600000001483
1786.181506,1,0,0,0,1523.35057,-873.7200000000485
1786.381504,1,0,0,0,1523.35473,-869.5600000000923
1786.581502,1,0,0,0,1523.3519,-872.3900000002232
1786.7815,1,0,0,0,1523.35435,-869.9400000000423
1786.981498,1,0,0,0,1523.35359,-870.7000000001699
1787.181496,1,0,0,0,1523.35058,-873.7100000000737
1787.381494,1,0,0,0,1523.35303,-871.2600000001203
1787.581492,1,0,0,0,1523.3519,-872.3900000002232
1787.78149,1,0,0,0,1523.35246,-871.8300000000454
1787.981488,1,0,0,0,1523.3536,-870.6900000001951
1788.181486,1,0,0,0,1523.3519,-872.3900000002232
1788.381484,1,0,0,0,1523.35303,-871.2600000001203
1788.581481,1,0,0,0,1523.3519,-872.3900000002232
1788.78148,1,0,0,0,1523.3519,-872.3900000002232
1788.981477,1,0,0,0,1523.35303,-871.2600000001203
1789.181475,1,0,0,0,1523.35303,-871.2600000001203
1789.381473,1,0,0,0,1523.3519,-872.3900000002232
1789.581471,1,0,0,0,1523.35133,-872.9600000001483
1789.781469,1,0,0,0,1523.35058,-873.7100000000737
1789.981467,1,0,0,0,1523.35303,-871.2600000001203
1790.181465,1,0,0,0,1523.35435,-869.9400000000423
1790.381463,1,0,0,0,1523.3536,-870.6900000001951
1790.581461,1,0,0,0,1523.3519,-872.3900000002232
1790.781459,1,0,0,0,1523.35246,-871.8300000000454
1790.981457,1,0,0,0,1523.3536,-870.6900000001951
1791.181455,1,0,0,0,1523.35435,-869.9400000000423
1791.381453,1,0,0,0,1523.35246,-871.8300000000454
1791.581451,1,0,0,0,1523.35492,-869.3700000001172
1791.781448,1,0,0,0,1523.3519,-872.3900000002232
1791.981446,1,0,0,0,1523.35001,-874.2799999999988
1792.181444,1,0,0,0,1523.35303,-871.2600000001203
1792.381442,1,0,0,0,1523.35435,-869.9400000000423
1792.58144,1,0,0,0,1523.35246,-871.8300000000454
1792.781438,1,0,0,0,1523.35605,-868.2400000000143
1792.981436,1,0,0,0,1523.35472,-869.570000000067
1793.181434,1,0,0,0,1523.35359,-870.7000000001699
1793.381432,1,0,0,0,1523.35472,-869.570000000067
1793.58143,1,0,0,0,1523.35548,-868.8100000001668
1793.781428,1,0,0,0,1523.35359,-870.7000000001699
1793.981426,1,0,0,0,1523.35359,-870.7000000001699
1794.181424,1,0,0,0,1523.35359,-870.7000000001699
1794.381422,1,0,0,0,1523.35359,-870.7000000001699
1794.581419,1,0,0,0,1523.35547,-868.8200000001416
1794.781417,1,0,0,0,1523.35359,-870.7000000001699
1794.981415,1,0,0,0,1523.35359,-870.7000000001699
1795.181413,1,0,0,0,1523.35359,-870.7000000001699
1795.381411,1,0,0,0,1523.35434,-869.9500000000171
1795.581409,1,0,0,0,1523.35359,-870.7000000001699
1795.781407,1,0,0,0,1523.35302,-871.270000000095
1795.981405,1,0,0,0,1523.35189,-872.4000000001979
1796.181403,1,0,0,0,1523.35604,-868.2500000002165
1796.381401,1,0,0,0,1523.35,-874.290000000201
1796.581399,1,0,0,0,1523.35302,-871.270000000095
1796.781397,1,0,0,0,1523.35434,-869.9500000000171
1796.981395,1,0,0,0,1523.35057,-873.7200000000485
1797.181393,1,0,0,0,1523.35189,-872.4000000001979
1797.381391,1,0,0,0,1523.35057,-873.7200000000485
1797.581388,1,0,0,0,1523.35189,-872.4000000001979
1797.781386,1,0,0,0,1523.35359,-870.7000000001699
1797.981384,1,0,0,0,1523.3519,-872.3900000002232
1798.181382,1,0,0,0,1523.35435,-869.9400000000423
1798.38138,1,0,0,0,1523.35359,-870.7000000001699
1798.581378,1,0,0,0,1523.35303,-871.2600000001203
1798.781376,1,0,0,0,1523.3519,-872.3900000002232
1798.981374,1,0,0,0,1523.35435,-869.9400000000423
1799.181372,1,0,0,0,1523.3519,-872.3900000002232
1799.38137,1,0,0,0,1523.35322,-871.0700000001452
1799.581368,1,0,0,0,1523.35605,-868.2400000000143
1799.781366,1,0,0,0,1523.3519,-872.3900000002232
1799.981364,1,0,0,0,1523.35435,-869.9400000000423
1800.181361,1,0,0,0,1523.35359,-870.7000000001699
1800.38136,1,0,0,0,1523.35303,-871.2600000001203
1800.581357,1,0,0,0,1523.35359,-870.7000000001699
1800.781355,1,0,0,0,1523.35435,-869.9400000000423
1800.981353,1,0,0,0,1523.35359,-870.7000000001699
1801.181351,1,0,0,0,1523.35359,-870.7000000001699
1801.381349,1,0,0,0,1523.35359,-870.7000000001699
1801.581347,1,0,0,0,1523.35001,-874.2799999999988
1801.781345,1,0,0,0,1523.35246,-871.8300000000454
1801.981343,1,0,0,0,1523.35359,-870.7000000001699
1802.181341,1,0,0,0,1523.35359,-870.7000000001699
1802.381339,1,0,0,0,1523.35359,-870.7000000001699
1802.581337,1,0,0,0,1523.35246,-871.8300000000454
1802.781335,1,0,0,0,1523.35359,-870.7000000001699
1802.981333,1,0,0,0,1523.35435,-869.9400000000423
1803.18133,1,0,0,0,1523.35359,-870.7000000001699
1803.381328,1,0,0,0,1523.35359,-870.7000000001699
1803.581326,1,0,0,0,1523.35434,-869.9500000000171
1803.781324,1,0,0,0,1523.35359,-870.7000000001699
1803.981322,1,0,0,0,1523.35302,-871.270000000095
1804.18132,1,0,0,0,1523.35133,-872.9600000001483
1804.381318,1,0,0,0,1523.35548,-868.8100000001668
1804.581316,1,0,0,0,1523.35435,-869.9400000000423
1804.781314,1,0,0,0,1523.35548,-868.8100000001668
1804.981312,1,0,0,0,1523.35472,-869.570000000067
1805.18131,1,0,0,0,1523.35548,-868.8100000001668
1805.381308,1,0,0,0,1523.35359,-870.7000000001699
1805.581306,1,0,0,0,1523.35548,-868.8100000001668
1805.781304,1,0,0,0,1523.35359,-870.7000000001699
1805.981302,1,0,0,0,1523.35435,-869.9400000000423
1806.181299,1,0,0,0,1523.35359,-870.7000000001699
1806.381297,1,0,0,0,1523.35605,-868.2400000000143
1806.581295,1,0,0,0,1523.35605,-868.2400000000143
1806.781294,1,0,0,0,1523.35548,-868.8100000001668
1806.981291,1,0,0,0,1523.3536,-870.6900000001951
1807.181289,1,0,0,0,1523.3536,-870.6900000001951
1807.381287,1,0,0,0,1523.35435,-869.9400000000423
1807.581285,1,0,0,0,1523.35605,-868.2400000000143
1807.781283,1,0,0,0,1523.35548,-868.8100000001668
1807.981281,1,0,0,0,1523.3536,-870.6900000001951
1808.181279,1,0,0,0,1523.35435,-869.9400000000423
1808.381277,1,0,0,0,1523.35473,-869.5600000000923
1808.581275,1,0,0,0,1523.3519,-872.3900000002232
1808.781273,1,0,0,0,1523.35322,-871.0700000001452
1808.981271,1,0,0,0,1523.35246,-871.8300000000454
1809.181269,1,0,0,0,1523.35246,-871.8300000000454
1809.381266,1,0,0,0,1523.3519,-872.3900000002232
1809.581264,1,0,0,0,1523.3519,-872.3900000002232
1809.781262,1,0,0,0,1523.3519,-872.3900000002232
1809.98126,1,0,0,0,1523.35435,-869.9400000000423
1810.181258,1,0,0,0,1523.35473,-869.5600000000923
1810.381256,1,0,0,0,1523.35605,-868.2400000000143
1810.581254,1,0,0,0,1523.3536,-870.6900000001951
1810.781252,1,0,0,0,1523.35605,-868.2400000000143
1810.98125,1,0,0,0,1523.35058,-873.7100000000737
1811.181248,1,0,0,0,1523.3519,-872.3900000002232
1811.381246,1,0,0,0,1523.35661,-867.680000000064
1811.581244,1,0,0,0,1523.35548,-868.8100000001668
1811.781242,1,0,0,0,1523.35548,-868.8100000001668
1811.98124,1,0,0,0,1523.35359,-870.7000000001699
1812.181237,1,0,0,0,1523.35548,-868.8100000001668
1812.381235,1,0,0,0,1523.35548,-868.8100000001668
1812.581234,1,0,0,0,1523.35472,-869.570000000067
