Time,CH1,CH2,CH3,CH4,Wavelength,delta_lambda_pm
0.199998,1,0,0,0,1524.60998,0.0
0.399996,1,0,0,0,1524.60847,-1.510000000052969
0.599994,1,0,0,0,1524.60809,-1.890000000003056
0.799991,1,0,0,0,1524.60809,-1.890000000003056
0.999989,1,0,0,0,1524.60998,0.0
1.199987,1,0,0,0,1524.60998,0.0
1.399985,1,0,0,0,1524.60809,-1.890000000003056
1.599983,1,0,0,0,1524.60903,-0.9499999998752173
1.799981,1,0,0,0,1524.6062,-3.780000000006112
1.999979,1,0,0,0,1524.60846,-1.5200000000277214
2.199976,1,0,0,0,1524.60998,0.0
2.399975,1,0,0,0,1524.60998,0.0
2.599972,1,0,0,0,1524.6062,-3.780000000006112
2.79997,1,0,0,0,1524.60998,0.0
2.999968,1,0,0,0,1524.60998,0.0
3.199966,1,0,0,0,1524.60846,-1.5200000000277214
3.399964,1,0,0,0,1524.60808,-1.8999999999778083
3.599961,1,0,0,0,1524.60846,-1.5200000000277214
3.79996,1,0,0,0,1524.60487,-5.11000000005879
3.999957,1,0,0,0,1524.60846,-1.5200000000277214
4.199955,1,0,0,0,1524.61035,0.3699999999753345
4.399953,1,0,0,0,1524.60808,-1.8999999999778083
4.599951,1,0,0,0,1524.60846,-1.5200000000277214
4.799948,1,0,0,0,1524.60846,-1.5200000000277214
4.999947,1,0,0,0,1524.60808,-1.8999999999778083
5.199944,1,0,0,0,1524.60714,-2.8399999998782732
5.399942,1,0,0,0,1524.60808,-1.8999999999778083
5.599941,1,0,0,0,1524.60808,-1.8999999999778083
5.799938,1,0,0,0,1524.60619,-3.7899999999808642
5.999936,1,0,0,0,1524.60997,-0.009999999974752427
6.199934,1,0,0,0,1524.60676,-3.220000000055734
6.399931,1,0,0,0,1524.60846,-1.5200000000277214
6.599929,1,0,0,0,1524.60997,-0.009999999974752427
6.799927,1,0,0,0,1524.60846,-1.5200000000277214
6.999925,1,0,0,0,1524.60997,-0.009999999974752427
7.199923,1,0,0,0,1524.60619,-3.7899999999808642
7.399921,1,0,0,0,1524.60997,-0.009999999974752427
7.599919,1,0,0,0,1524.60808,-1.8999999999778083
7.799917,1,0,0,0,1524.60941,-0.5699999999251304
7.999914,1,0,0,0,1524.60676,-3.220000000055734
8.199912,1,0,0,0,1524.60997,-0.009999999974752427
8.39991,1,0,0,0,1524.60525,-4.729999999881329
8.599908,1,0,0,0,1524.60619,-3.7899999999808642
8.799906,1,0,0,0,1524.61035,0.3699999999753345
8.999904,1,0,0,0,1524.61035,0.3699999999753345
9.199902,1,0,0,0,1524.60997,-0.009999999974752427
9.399899,1,0,0,0,1524.60941,-0.5699999999251304
9.599897,1,0,0,0,1524.60808,-1.8999999999778083
9.799895,1,0,0,0,1524.60808,-1.8999999999778083
9.999893,1,0,0,0,1524.60808,-1.8999999999778083
10.199891,1,0,0,0,1524.60619,-3.7899999999808642
10.399889,1,0,0,0,1524.60676,-3.220000000055734
10.599887,1,0,0,0,1524.60808,-1.8999999999778083
10.799884,1,0,0,0,1524.60997,-0.009999999974752427
10.999882,1,0,0,0,1524.60808,-1.8999999999778083
11.19988,1,0,0,0,1524.60846,-1.5200000000277214
11.399878,1,0,0,0,1524.6094,-0.5799999998998828
11.599876,1,0,0,0,1524.60808,-1.8999999999778083
11.799874,1,0,0,0,1524.60997,-0.009999999974752427
11.999871,1,0,0,0,1524.60997,-0.009999999974752427
12.199869,1,0,0,0,1524.60997,-0.009999999974752427
12.399867,1,0,0,0,1524.60808,-1.8999999999778083
12.599865,1,0,0,0,1524.60846,-1.5200000000277214
12.799863,1,0,0,0,1524.60846,-1.5200000000277214
12.999861,1,0,0,0,1524.60676,-3.220000000055734
13.199859,1,0,0,0,1524.60808,-1.8999999999778083
13.399857,1,0,0,0,1524.60808,-1.8999999999778083
13.599854,1,0,0,0,1524.60997,-0.009999999974752427
13.799852,1,0,0,0,1524.60808,-1.8999999999778083
13.99985,1,0,0,0,1524.60808,-1.8999999999778083
14.199848,1,0,0,0,1524.60808,-1.8999999999778083
14.399846,1,0,0,0,1524.60997,-0.009999999974752427
14.599844,1,0,0,0,1524.60845,-1.5300000000024738
14.799841,1,0,0,0,1524.60997,-0.009999999974752427
14.999839,1,0,0,0,1524.60808,-1.8999999999778083
15.199837,1,0,0,0,1524.60619,-3.7899999999808642
15.399835,1,0,0,0,1524.60845,-1.5300000000024738
15.599833,1,0,0,0,1524.60845,-1.5300000000024738
15.799831,1,0,0,0,1524.61034,0.3600000000005821
15.999829,1,0,0,0,1524.60807,-1.9099999999525608
16.199826,1,0,0,0,1524.60845,-1.5300000000024738
16.399824,1,0,0,0,1524.60845,-1.5300000000024738
16.599822,1,0,0,0,1524.60845,-1.5300000000024738
16.79982,1,0,0,0,1524.60807,-1.9099999999525608
16.999818,1,0,0,0,1524.60675,-3.2300000000304863
17.199816,1,0,0,0,1524.60807,-1.9099999999525608
17.399814,1,0,0,0,1524.60845,-1.5300000000024738
17.599812,1,0,0,0,1524.60675,-3.2300000000304863
17.799809,1,0,0,0,1524.60807,-1.9099999999525608
17.999807,1,0,0,0,1524.60997,-0.009999999974752427
18.199805,1,0,0,0,1524.60486,-5.120000000033542
18.399803,1,0,0,0,1524.60675,-3.2300000000304863
18.599801,1,0,0,0,1524.60618,-3.7999999999556167
18.799799,1,0,0,0,1524.60675,-3.2300000000304863
18.999797,1,0,0,0,1524.60996,-0.019999999949504854
19.199795,1,0,0,0,1524.60807,-1.9099999999525608
19.399792,1,0,0,0,1524.60996,-0.019999999949504854
19.59979,1,0,0,0,1524.60807,-1.9099999999525608
19.799788,1,0,0,0,1524.61034,0.3600000000005821
19.999786,1,0,0,0,1524.60845,-1.5300000000024738
20.199784,1,0,0,0,1524.60807,-1.9099999999525608
20.399782,1,0,0,0,1524.60845,-1.5300000000024738
20.59978,1,0,0,0,1524.60751,-2.4699999999029387
20.799777,1,0,0,0,1524.60675,-3.2300000000304863
20.999775,1,0,0,0,1524.60845,-1.5300000000024738
21.199773,1,0,0,0,1524.60675,-3.2300000000304863
21.399771,1,0,0,0,1524.61034,0.3600000000005821
21.599769,1,0,0,0,1524.60618,-3.7999999999556167
21.799767,1,0,0,0,1524.60807,-1.9099999999525608
21.999765,1,0,0,0,1524.6075,-2.479999999877691
22.199762,1,0,0,0,1524.60807,-1.9099999999525608
22.39976,1,0,0,0,1524.61034,0.3600000000005821
22.599758,1,0,0,0,1524.60618,-3.7999999999556167
22.799756,1,0,0,0,1524.60845,-1.5300000000024738
22.999756,1,0,0,0,1524.60845,-1.5300000000024738
23.199752,1,0,0,0,1524.60675,-3.2300000000304863
23.39975,1,0,0,0,1524.60845,-1.5300000000024738
23.599747,1,0,0,0,1524.60845,-1.5300000000024738
23.799745,1,0,0,0,1524.60807,-1.9099999999525608
23.999743,1,0,0,0,1524.61034,0.3600000000005821
24.199741,1,0,0,0,1524.60939,-0.5899999998746353
24.399739,1,0,0,0,1524.60996,-0.019999999949504854
24.599737,1,0,0,0,1524.60675,-3.2300000000304863
24.799734,1,0,0,0,1524.60845,-1.5300000000024738
24.999732,1,0,0,0,1524.60939,-0.5899999998746353
25.19973,1,0,0,0,1524.6075,-2.479999999877691
25.399728,1,0,0,0,1524.60845,-1.5300000000024738
25.599726,1,0,0,0,1524.61033,0.35000000002582965
25.799724,1,0,0,0,1524.60845,-1.5300000000024738
25.999722,1,0,0,0,1524.60807,-1.9099999999525608
26.199719,1,0,0,0,1524.60996,-0.019999999949504854
26.399717,1,0,0,0,1524.60845,-1.5300000000024738
26.599715,1,0,0,0,1524.61033,0.35000000002582965
26.799713,1,0,0,0,1524.60618,-3.7999999999556167
26.999711,1,0,0,0,1524.60807,-1.9099999999525608
27.199709,1,0,0,0,1524.60996,-0.019999999949504854
27.399707,1,0,0,0,1524.60996,-0.019999999949504854
27.599705,1,0,0,0,1524.60674,-3.2400000000052387
27.799702,1,0,0,0,1524.60845,-1.5300000000024738
27.9997,1,0,0,0,1524.60674,-3.2400000000052387
28.199698,1,0,0,0,1524.60807,-1.9099999999525608
28.399696,1,0,0,0,1524.60712,-2.8600000000551518
28.599694,1,0,0,0,1524.60845,-1.5300000000024738
28.799692,1,0,0,0,1524.60996,-0.019999999949504854
28.99969,1,0,0,0,1524.60844,-1.5399999999772263
29.199687,1,0,0,0,1524.60806,-1.9199999999273132
29.399685,1,0,0,0,1524.61033,0.35000000002582965
29.599683,1,0,0,0,1524.60806,-1.9199999999273132
29.799681,1,0,0,0,1524.60806,-1.9199999999273132
29.999679,1,0,0,0,1524.60996,-0.019999999949504854
30.199677,1,0,0,0,1524.60996,-0.019999999949504854
30.399674,1,0,0,0,1524.60674,-3.2400000000052387
30.599672,1,0,0,0,1524.60806,-1.9199999999273132
30.79967,1,0,0,0,1524.61166,1.6800000000785076
30.999668,1,0,0,0,1524.60844,-1.5399999999772263
31.199666,1,0,0,0,1524.60995,-0.02999999992425728
31.399666,1,0,0,0,1524.60806,-1.9199999999273132
31.599662,1,0,0,0,1524.61033,0.35000000002582965
31.799659,1,0,0,0,1524.60674,-3.2400000000052387
31.999657,1,0,0,0,1524.60674,-3.2400000000052387
32.199655,1,0,0,0,1524.60617,-3.809999999930369
32.399653,1,0,0,0,1524.60674,-3.2400000000052387
32.599651,1,0,0,0,1524.60806,-1.9199999999273132
32.799649,1,0,0,0,1524.60939,-0.5899999998746353
32.999647,1,0,0,0,1524.61033,0.35000000002582965
33.199644,1,0,0,0,1524.60674,-3.2400000000052387
33.399642,1,0,0,0,1524.60995,-0.02999999992425728
33.59964,1,0,0,0,1524.60844,-1.5399999999772263
33.799638,1,0,0,0,1524.60806,-1.9199999999273132
33.999636,1,0,0,0,1524.60806,-1.9199999999273132
34.199634,1,0,0,0,1524.60806,-1.9199999999273132
34.399632,1,0,0,0,1524.60712,-2.8600000000551518
34.59963,1,0,0,0,1524.60995,-0.02999999992425728
34.799628,1,0,0,0,1524.60806,-1.9199999999273132
34.999625,1,0,0,0,1524.60844,-1.5399999999772263
35.199623,1,0,0,0,1524.60844,-1.5399999999772263
35.399621,1,0,0,0,1524.60844,-1.5399999999772263
35.599619,1,0,0,0,1524.60938,-0.5999999998493877
35.799617,1,0,0,0,1524.61033,0.35000000002582965
35.999614,1,0,0,0,1524.60806,-1.9199999999273132
36.199612,1,0,0,0,1524.60806,-1.9199999999273132
36.39961,1,0,0,0,1524.61165,1.6700000001037552
36.599611,1,0,0,0,1524.60844,-1.5399999999772263
36.799606,1,0,0,0,1524.60844,-1.5399999999772263
36.999604,1,0,0,0,1524.60617,-3.809999999930369
37.199602,1,0,0,0,1524.61165,1.6700000001037552
37.3996,1,0,0,0,1524.60995,-0.02999999992425728
37.599597,1,0,0,0,1524.60844,-1.5399999999772263
37.799595,1,0,0,0,1524.60806,-1.9199999999273132
37.999593,1,0,0,0,1524.60674,-3.2400000000052387
38.199591,1,0,0,0,1524.60674,-3.2400000000052387
38.399589,1,0,0,0,1524.60806,-1.9199999999273132
38.599586,1,0,0,0,1524.60674,-3.2400000000052387
38.799584,1,0,0,0,1524.60938,-0.5999999998493877
38.999582,1,0,0,0,1524.60749,-2.4899999998524436
39.19958,1,0,0,0,1524.60844,-1.5399999999772263
39.399578,1,0,0,0,1524.60938,-0.5999999998493877
39.599576,1,0,0,0,1524.60806,-1.9199999999273132
39.799574,1,0,0,0,1524.60995,-0.02999999992425728
39.999572,1,0,0,0,1524.60938,-0.5999999998493877
40.19957,1,0,0,0,1524.60843,-1.5499999999519787
40.399567,1,0,0,0,1524.60806,-1.9199999999273132
40.599565,1,0,0,0,1524.60673,-3.249999999979991
40.799563,1,0,0,0,1524.60843,-1.5499999999519787
40.999561,1,0,0,0,1524.60805,-1.9299999999020656
41.199559,1,0,0,0,1524.60673,-3.249999999979991
41.399557,1,0,0,0,1524.61032,0.3400000000510772
41.599555,1,0,0,0,1524.60805,-1.9299999999020656
41.799552,1,0,0,0,1524.60994,-0.03999999989900971
41.99955,1,0,0,0,1524.60994,-0.03999999989900971
42.199548,1,0,0,0,1524.60805,-1.9299999999020656
42.399546,1,0,0,0,1524.60994,-0.03999999989900971
42.599544,1,0,0,0,1524.60805,-1.9299999999020656
42.799541,1,0,0,0,1524.60673,-3.249999999979991
42.99954,1,0,0,0,1524.60843,-1.5499999999519787
43.199537,1,0,0,0,1524.60843,-1.5499999999519787
43.399535,1,0,0,0,1524.60994,-0.03999999989900971
43.599533,1,0,0,0,1524.60994,-0.03999999989900971
43.799531,1,0,0,0,1524.61032,0.3400000000510772
43.999529,1,0,0,0,1524.60994,-0.03999999989900971
44.199527,1,0,0,0,1524.60805,-1.9299999999020656
44.399525,1,0,0,0,1524.60805,-1.9299999999020656
44.599523,1,0,0,0,1524.60994,-0.03999999989900971
44.79952,1,0,0,0,1524.60994,-0.03999999989900971
44.999518,1,0,0,0,1524.60843,-1.5499999999519787
45.199516,1,0,0,0,1524.60616,-3.8199999999051215
45.399514,1,0,0,0,1524.60843,-1.5499999999519787
45.599512,1,0,0,0,1524.61032,0.3400000000510772
45.799511,1,0,0,0,1524.60994,-0.03999999989900971
45.999507,1,0,0,0,1524.60994,-0.03999999989900971
46.199505,1,0,0,0,1524.60994,-0.03999999989900971
46.399503,1,0,0,0,1524.60994,-0.03999999989900971
46.599501,1,0,0,0,1524.61126,1.2799999999515421
46.799499,1,0,0,0,1524.60805,-1.9299999999020656
46.999496,1,0,0,0,1524.60937,-0.6100000000515138
47.199494,1,0,0,0,1524.61032,0.3400000000510772
47.399492,1,0,0,0,1524.60843,-1.5499999999519787
47.59949,1,0,0,0,1524.60994,-0.03999999989900971
47.799488,1,0,0,0,1524.60843,-1.5499999999519787
47.999486,1,0,0,0,1524.60994,-0.03999999989900971
48.199484,1,0,0,0,1524.61126,1.2799999999515421
48.399482,1,0,0,0,1524.61032,0.3400000000510772
48.599479,1,0,0,0,1524.60994,-0.03999999989900971
48.799477,1,0,0,0,1524.60994,-0.03999999989900971
48.999475,1,0,0,0,1524.60843,-1.5499999999519787
49.199473,1,0,0,0,1524.60672,-3.2599999999547435
49.399471,1,0,0,0,1524.60994,-0.03999999989900971
49.599469,1,0,0,0,1524.60843,-1.5499999999519787
49.799467,1,0,0,0,1524.60843,-1.5499999999519787
49.999465,1,0,0,0,1524.60994,-0.03999999989900971
50.199462,1,0,0,0,1524.60994,-0.03999999989900971
50.399461,1,0,0,0,1524.60994,-0.03999999989900971
50.599458,1,0,0,0,1524.60994,-0.03999999989900971
50.799456,1,0,0,0,1524.60805,-1.9299999999020656
50.999454,1,0,0,0,1524.60843,-1.5499999999519787
51.199451,1,0,0,0,1524.60805,-1.9299999999020656
51.399449,1,0,0,0,1524.60994,-0.03999999989900971
51.599447,1,0,0,0,1524.60994,-0.03999999989900971
51.799445,1,0,0,0,1524.60994,-0.03999999989900971
51.999443,1,0,0,0,1524.60842,-1.559999999926731
52.199441,1,0,0,0,1524.60842,-1.559999999926731
52.399439,1,0,0,0,1524.60994,-0.03999999989900971
52.599437,1,0,0,0,1524.60842,-1.559999999926731
52.799434,1,0,0,0,1524.60672,-3.2599999999547435
52.999432,1,0,0,0,1524.60993,-0.049999999873762135
53.19943,1,0,0,0,1524.60993,-0.049999999873762135
53.399428,1,0,0,0,1524.61031,0.3300000000763248
53.599426,1,0,0,0,1524.60899,-0.9900000000016007
53.799424,1,0,0,0,1524.60804,-1.939999999876818
53.999421,1,0,0,0,1524.60993,-0.049999999873762135
54.199419,1,0,0,0,1524.60993,-0.049999999873762135
54.399417,1,0,0,0,1524.61031,0.3300000000763248
54.599415,1,0,0,0,1524.60804,-1.939999999876818
54.799413,1,0,0,0,1524.60804,-1.939999999876818
54.999411,1,0,0,0,1524.60672,-3.2599999999547435
55.199409,1,0,0,0,1524.60804,-1.939999999876818
55.399407,1,0,0,0,1524.60842,-1.559999999926731
55.599404,1,0,0,0,1524.60842,-1.559999999926731
55.799402,1,0,0,0,1524.60993,-0.049999999873762135
55.9994,1,0,0,0,1524.60804,-1.939999999876818
56.199398,1,0,0,0,1524.60993,-0.049999999873762135
56.399396,1,0,0,0,1524.60804,-1.939999999876818
56.599394,1,0,0,0,1524.61031,0.3300000000763248
56.799392,1,0,0,0,1524.60842,-1.559999999926731
56.999389,1,0,0,0,1524.60615,-3.829999999879874
57.199387,1,0,0,0,1524.60672,-3.2599999999547435
57.399385,1,0,0,0,1524.61031,0.3300000000763248
57.599383,1,0,0,0,1524.60993,-0.049999999873762135
57.799381,1,0,0,0,1524.60804,-1.939999999876818
57.999379,1,0,0,0,1524.60993,-0.049999999873762135
58.199377,1,0,0,0,1524.60842,-1.559999999926731
58.399374,1,0,0,0,1524.60842,-1.559999999926731
58.599372,1,0,0,0,1524.60709,-2.889999999979409
58.79937,1,0,0,0,1524.60804,-1.939999999876818
58.999368,1,0,0,0,1524.61031,0.3300000000763248
59.199366,1,0,0,0,1524.60936,-0.6200000000262662
59.399364,1,0,0,0,1524.60993,-0.049999999873762135
59.599362,1,0,0,0,1524.61031,0.3300000000763248
59.799359,1,0,0,0,1524.61163,1.6500000001542503
59.999357,1,0,0,0,1524.60993,-0.049999999873762135
60.199355,1,0,0,0,1524.61031,0.3300000000763248
60.399353,1,0,0,0,1524.60898,-0.9999999999763531
60.599351,1,0,0,0,1524.60936,-0.6200000000262662
60.799349,1,0,0,0,1524.60709,-2.889999999979409
60.999346,1,0,0,0,1524.60993,-0.049999999873762135
61.199344,1,0,0,0,1524.60842,-1.559999999926731
61.399342,1,0,0,0,1524.60993,-0.049999999873762135
61.59934,1,0,0,0,1524.60936,-0.6200000000262662
61.799338,1,0,0,0,1524.60804,-1.939999999876818
61.999336,1,0,0,0,1524.60993,-0.049999999873762135
62.199334,1,0,0,0,1524.60841,-1.5699999999014835
62.399331,1,0,0,0,1524.60993,-0.049999999873762135
62.599329,1,0,0,0,1524.6103,0.32000000010157237
62.799327,1,0,0,0,1524.6103,0.32000000010157237
62.999325,1,0,0,0,1524.60841,-1.5699999999014835
63.199323,1,0,0,0,1524.60803,-1.9499999998515705
63.399321,1,0,0,0,1524.61163,1.6500000001542503
63.599319,1,0,0,0,1524.60803,-1.9499999998515705
63.799316,1,0,0,0,1524.60992,-0.05999999984851456
63.999314,1,0,0,0,1524.60709,-2.889999999979409
64.199312,1,0,0,0,1524.60841,-1.5699999999014835
64.39931,1,0,0,0,1524.60936,-0.6200000000262662
64.599308,1,0,0,0,1524.60671,-3.269999999929496
64.799306,1,0,0,0,1524.60803,-1.9499999998515705
64.999304,1,0,0,0,1524.60841,-1.5699999999014835
65.199301,1,0,0,0,1524.60841,-1.5699999999014835
65.399299,1,0,0,0,1524.60841,-1.5699999999014835
65.599297,1,0,0,0,1524.60747,-2.510000000029322
65.799295,1,0,0,0,1524.6103,0.32000000010157237
65.999293,1,0,0,0,1524.60992,-0.05999999984851456
66.199291,1,0,0,0,1524.61162,1.6399999999521242
66.399289,1,0,0,0,1524.60803,-1.9499999998515705
66.599287,1,0,0,0,1524.60841,-1.5699999999014835
66.799284,1,0,0,0,1524.60671,-3.269999999929496
66.999282,1,0,0,0,1524.60803,-1.9499999998515705
67.19928,1,0,0,0,1524.60747,-2.510000000029322
67.399278,1,0,0,0,1524.60992,-0.05999999984851456
67.599276,1,0,0,0,1524.60803,-1.9499999998515705
67.799273,1,0,0,0,1524.60841,-1.5699999999014835
67.999272,1,0,0,0,1524.60841,-1.5699999999014835
68.199269,1,0,0,0,1524.60803,-1.9499999998515705
68.399267,1,0,0,0,1524.60841,-1.5699999999014835
68.599265,1,0,0,0,1524.60841,-1.5699999999014835
68.799263,1,0,0,0,1524.60803,-1.9499999998515705
68.999261,1,0,0,0,1524.60671,-3.269999999929496
69.199259,1,0,0,0,1524.60803,-1.9499999998515705
69.399256,1,0,0,0,1524.60671,-3.269999999929496
69.599254,1,0,0,0,1524.60803,-1.9499999998515705
69.799252,1,0,0,0,1524.60614,-3.8399999998546264
69.99925,1,0,0,0,1524.60841,-1.5699999999014835
70.199248,1,0,0,0,1524.60671,-3.269999999929496
70.399246,1,0,0,0,1524.60803,-1.9499999998515705
70.599244,1,0,0,0,1524.60671,-3.269999999929496
70.799242,1,0,0,0,1524.60671,-3.269999999929496
70.999239,1,0,0,0,1524.60614,-3.8399999998546264
71.199237,1,0,0,0,1524.60803,-1.9499999998515705
71.399235,1,0,0,0,1524.60671,-3.269999999929496
71.599233,1,0,0,0,1524.60671,-3.269999999929496
71.799231,1,0,0,0,1524.60841,-1.5699999999014835
71.999229,1,0,0,0,1524.60803,-1.9499999998515705
72.199227,1,0,0,0,1524.60671,-3.269999999929496
72.399224,1,0,0,0,1524.60841,-1.5699999999014835
72.599222,1,0,0,0,1524.60746,-2.5200000000040745
72.79922,1,0,0,0,1524.60746,-2.5200000000040745
72.999218,1,0,0,0,1524.60803,-1.9499999998515705
73.199216,1,0,0,0,1524.60746,-2.5200000000040745
73.399214,1,0,0,0,1524.60671,-3.269999999929496
73.599211,1,0,0,0,1524.60671,-3.269999999929496
73.799209,1,0,0,0,1524.60671,-3.269999999929496
73.999207,1,0,0,0,1524.60841,-1.5699999999014835
74.199205,1,0,0,0,1524.60803,-1.9499999998515705
74.399203,1,0,0,0,1524.60671,-3.269999999929496
74.599201,1,0,0,0,1524.6067,-3.2799999999042484
74.799199,1,0,0,0,1524.60803,-1.9499999998515705
74.999197,1,0,0,0,1524.60614,-3.8399999998546264
75.199194,1,0,0,0,1524.60614,-3.8399999998546264
75.399192,1,0,0,0,1524.60614,-3.8399999998546264
75.59919,1,0,0,0,1524.6067,-3.2799999999042484
75.799188,1,0,0,0,1524.60614,-3.8399999998546264
75.999186,1,0,0,0,1524.60614,-3.8399999998546264
76.199184,1,0,0,0,1524.60746,-2.5200000000040745
76.399182,1,0,0,0,1524.60614,-3.8399999998546264
76.59918,1,0,0,0,1524.60614,-3.8399999998546264
76.799177,1,0,0,0,1524.6067,-3.2799999999042484
76.999175,1,0,0,0,1524.60613,-3.8500000000567525
77.199173,1,0,0,0,1524.6067,-3.2799999999042484
77.399171,1,0,0,0,1524.6067,-3.2799999999042484
77.599169,1,0,0,0,1524.6067,-3.2799999999042484
77.799166,1,0,0,0,1524.60613,-3.8500000000567525
77.999165,1,0,0,0,1524.60425,-5.729999999857682
78.199162,1,0,0,0,1524.6067,-3.2799999999042484
78.39916,1,0,0,0,1524.60708,-2.8999999999541615
78.599158,1,0,0,0,1524.60481,-5.169999999907304
78.799156,1,0,0,0,1524.6016,-8.379999999988286
78.999154,1,0,0,0,1524.60746,-2.5200000000040745
79.199152,1,0,0,0,1524.6067,-3.2799999999042484
79.399149,1,0,0,0,1524.60746,-2.5200000000040745
79.599148,1,0,0,0,1524.60425,-5.729999999857682
79.799145,1,0,0,0,1524.60481,-5.169999999907304
79.999143,1,0,0,0,1524.60613,-3.8500000000567525
80.199141,1,0,0,0,1524.60481,-5.169999999907304
80.399139,1,0,0,0,1524.60425,-5.729999999857682
80.599137,1,0,0,0,1524.6067,-3.2799999999042484
80.799135,1,0,0,0,1524.60425,-5.729999999857682
80.999133,1,0,0,0,1524.60292,-7.05999999991036
81.19913,1,0,0,0,1524.6067,-3.2799999999042484
81.399128,1,0,0,0,1524.60613,-3.8500000000567525
81.599126,1,0,0,0,1524.6067,-3.2799999999042484
81.799124,1,0,0,0,1524.60613,-3.8500000000567525
81.999122,1,0,0,0,1524.60613,-3.8500000000567525
82.19912,1,0,0,0,1524.60613,-3.8500000000567525
82.399117,1,0,0,0,1524.60424,-5.740000000059808
82.599115,1,0,0,0,1524.60235,-7.630000000062864
82.799113,1,0,0,0,1524.60481,-5.169999999907304
82.999111,1,0,0,0,1524.6067,-3.2799999999042484
83.199109,1,0,0,0,1524.60613,-3.8500000000567525
83.399107,1,0,0,0,1524.60481,-5.169999999907304
83.599105,1,0,0,0,1524.60802,-1.9600000000536966
83.799102,1,0,0,0,1524.60519,-4.789999999957217
83.9991,1,0,0,0,1524.60613,-3.8500000000567525
84.199098,1,0,0,0,1524.60613,-3.8500000000567525
84.399096,1,0,0,0,1524.60802,-1.9600000000536966
84.599094,1,0,0,0,1524.60613,-3.8500000000567525
84.799092,1,0,0,0,1524.60424,-5.740000000059808
84.99909,1,0,0,0,1524.60613,-3.8500000000567525
85.199087,1,0,0,0,1524.60745,-2.529999999978827
85.399085,1,0,0,0,1524.60424,-5.740000000059808
85.599083,1,0,0,0,1524.60481,-5.169999999907304
85.799081,1,0,0,0,1524.60556,-4.419999999981883
85.999079,1,0,0,0,1524.60481,-5.169999999907304
86.199077,1,0,0,0,1524.60613,-3.8500000000567525
86.399075,1,0,0,0,1524.60613,-3.8500000000567525
86.599072,1,0,0,0,1524.60481,-5.169999999907304
86.79907,1,0,0,0,1524.60424,-5.740000000059808
86.999068,1,0,0,0,1524.60481,-5.169999999907304
87.199066,1,0,0,0,1524.60481,-5.169999999907304
87.399064,1,0,0,0,1524.60481,-5.169999999907304
87.599062,1,0,0,0,1524.60424,-5.740000000059808
87.79906,1,0,0,0,1524.60292,-7.05999999991036
87.999058,1,0,0,0,1524.60481,-5.169999999907304
88.199055,1,0,0,0,1524.60613,-3.8500000000567525
88.399053,1,0,0,0,1524.60481,-5.169999999907304
88.599051,1,0,0,0,1524.60481,-5.169999999907304
88.799049,1,0,0,0,1524.60292,-7.05999999991036
88.999047,1,0,0,0,1524.60481,-5.169999999907304
89.199045,1,0,0,0,1524.60481,-5.169999999907304
89.399043,1,0,0,0,1524.60481,-5.169999999907304
89.599041,1,0,0,0,1524.60424,-5.740000000059808
89.799038,1,0,0,0,1524.60424,-5.740000000059808
89.999036,1,0,0,0,1524.60235,-7.630000000062864
90.199034,1,0,0,0,1524.6067,-3.2799999999042484
90.399032,1,0,0,0,1524.60802,-1.9600000000536966
90.59903,1,0,0,0,1524.60481,-5.169999999907304
90.799028,1,0,0,0,1524.60481,-5.169999999907304
90.999025,1,0,0,0,1524.6067,-3.2799999999042484
91.199023,1,0,0,0,1524.60424,-5.740000000059808
91.399021,1,0,0,0,1524.6067,-3.2799999999042484
91.599019,1,0,0,0,1524.6067,-3.2799999999042484
91.799017,1,0,0,0,1524.60991,-0.07000000005064066
91.999015,1,0,0,0,1524.6067,-3.2799999999042484
92.199013,1,0,0,0,1524.60518,-4.79999999993197
92.39901,1,0,0,0,1524.60613,-3.8500000000567525
92.599009,1,0,0,0,1524.60424,-5.740000000059808
92.799006,1,0,0,0,1524.60424,-5.740000000059808
92.999004,1,0,0,0,1524.60613,-3.8500000000567525
93.199002,1,0,0,0,1524.6048,-5.179999999882057
93.399,1,0,0,0,1524.6048,-5.179999999882057
93.598998,1,0,0,0,1524.60613,-3.8500000000567525
93.798995,1,0,0,0,1524.60424,-5.740000000059808
93.998993,1,0,0,0,1524.60424,-5.740000000059808
94.198991,1,0,0,0,1524.6067,-3.2799999999042484
94.398989,1,0,0,0,1524.6048,-5.179999999882057
94.598987,1,0,0,0,1524.6067,-3.2799999999042484
94.798985,1,0,0,0,1524.6048,-5.179999999882057
94.998983,1,0,0,0,1524.60802,-1.9600000000536966
95.198981,1,0,0,0,1524.60613,-3.8500000000567525
95.398978,1,0,0,0,1524.60424,-5.740000000059808
95.598976,1,0,0,0,1524.60291,-7.069999999885113
95.798975,1,0,0,0,1524.60801,-1.970000000028449
95.998972,1,0,0,0,1524.60424,-5.740000000059808
96.19897,1,0,0,0,1524.60556,-4.419999999981883
96.398968,1,0,0,0,1524.6067,-3.2799999999042484
96.598966,1,0,0,0,1524.60745,-2.529999999978827
96.798964,1,0,0,0,1524.60613,-3.8500000000567525
96.998961,1,0,0,0,1524.60518,-4.79999999993197
97.198959,1,0,0,0,1524.60613,-3.8500000000567525
97.398957,1,0,0,0,1524.60291,-7.069999999885113
97.598955,1,0,0,0,1524.60291,-7.069999999885113
97.798953,1,0,0,0,1524.60613,-3.8500000000567525
97.998951,1,0,0,0,1524.60613,-3.8500000000567525
98.198949,1,0,0,0,1524.6048,-5.179999999882057
98.398947,1,0,0,0,1524.6048,-5.179999999882057
98.598944,1,0,0,0,1524.60801,-1.970000000028449
98.798942,1,0,0,0,1524.60801,-1.970000000028449
98.99894,1,0,0,0,1524.60707,-2.909999999928914
99.198938,1,0,0,0,1524.60669,-3.289999999879001
99.398936,1,0,0,0,1524.60839,-1.5899999998509884
99.598934,1,0,0,0,1524.60839,-1.5899999998509884
99.798932,1,0,0,0,1524.60423,-5.750000000034561
99.998929,1,0,0,0,1524.60612,-3.860000000031505
100.198927,1,0,0,0,1524.6048,-5.179999999882057
100.398925,1,0,0,0,1524.6048,-5.179999999882057
100.598923,1,0,0,0,1524.60612,-3.860000000031505
100.798921,1,0,0,0,1524.60669,-3.289999999879001
100.998919,1,0,0,0,1524.60612,-3.860000000031505
101.198916,1,0,0,0,1524.60745,-2.529999999978827
101.398914,1,0,0,0,1524.60612,-3.860000000031505
101.598912,1,0,0,0,1524.60424,-5.740000000059808
101.79891,1,0,0,0,1524.6048,-5.179999999882057
101.998908,1,0,0,0,1524.60745,-2.529999999978827
102.198906,1,0,0,0,1524.60424,-5.740000000059808
102.398904,1,0,0,0,1524.60801,-1.970000000028449
102.598902,1,0,0,0,1524.60613,-3.8500000000567525
102.798899,1,0,0,0,1524.60801,-1.970000000028449
102.998897,1,0,0,0,1524.60801,-1.970000000028449
103.198895,1,0,0,0,1524.60669,-3.289999999879001
103.398893,1,0,0,0,1524.60424,-5.740000000059808
103.598891,1,0,0,0,1524.60613,-3.8500000000567525
103.798889,1,0,0,0,1524.60613,-3.8500000000567525
103.998887,1,0,0,0,1524.60801,-1.970000000028449
104.198884,1,0,0,0,1524.60613,-3.8500000000567525
104.398882,1,0,0,0,1524.60613,-3.8500000000567525
104.59888,1,0,0,0,1524.60669,-3.289999999879001
104.798878,1,0,0,0,1524.6048,-5.179999999882057
104.998876,1,0,0,0,1524.6048,-5.179999999882057
105.198874,1,0,0,0,1524.6048,-5.179999999882057
105.398872,1,0,0,0,1524.60613,-3.8500000000567525
105.59887,1,0,0,0,1524.6048,-5.179999999882057
105.798867,1,0,0,0,1524.61028,0.3000000001520675
105.998865,1,0,0,0,1524.60669,-3.289999999879001
106.198863,1,0,0,0,1524.60613,-3.8500000000567525
106.398861,1,0,0,0,1524.60613,-3.8500000000567525
106.598859,1,0,0,0,1524.6048,-5.179999999882057
106.798857,1,0,0,0,1524.60613,-3.8500000000567525
106.998855,1,0,0,0,1524.60801,-1.970000000028449
107.198852,1,0,0,0,1524.60613,-3.8500000000567525
107.39885,1,0,0,0,1524.60745,-2.529999999978827
107.598848,1,0,0,0,1524.6048,-5.179999999882057
107.798846,1,0,0,0,1524.60612,-3.860000000031505
107.998844,1,0,0,0,1524.60839,-1.5899999998509884
108.198842,1,0,0,0,1524.60745,-2.529999999978827
108.39884,1,0,0,0,1524.60801,-1.970000000028449
108.598837,1,0,0,0,1524.60839,-1.5899999998509884
108.798835,1,0,0,0,1524.60612,-3.860000000031505
108.998833,1,0,0,0,1524.60612,-3.860000000031505
109.198831,1,0,0,0,1524.60801,-1.970000000028449
109.398829,1,0,0,0,1524.60669,-3.289999999879001
109.598827,1,0,0,0,1524.60801,-1.970000000028449
109.798825,1,0,0,0,1524.60612,-3.860000000031505
109.998822,1,0,0,0,1524.6048,-5.179999999882057
110.19882,1,0,0,0,1524.60801,-1.970000000028449
110.398818,1,0,0,0,1524.60801,-1.970000000028449
110.598816,1,0,0,0,1524.6048,-5.179999999882057
110.798814,1,0,0,0,1524.60839,-1.5899999998509884
110.998812,1,0,0,0,1524.60839,-1.5899999998509884
111.19881,1,0,0,0,1524.6099,-0.08000000002539309
111.398808,1,0,0,0,1524.60745,-2.529999999978827
111.598805,1,0,0,0,1524.60669,-3.289999999879001
111.798803,1,0,0,0,1524.60423,-5.750000000034561
111.998801,1,0,0,0,1524.60669,-3.289999999879001
112.198799,1,0,0,0,1524.60669,-3.289999999879001
112.398797,1,0,0,0,1524.60612,-3.860000000031505
112.598795,1,0,0,0,1524.6048,-5.179999999882057
112.798793,1,0,0,0,1524.60669,-3.289999999879001
112.998791,1,0,0,0,1524.60669,-3.289999999879001
113.198788,1,0,0,0,1524.60801,-1.970000000028449
113.398786,1,0,0,0,1524.60669,-3.289999999879001
113.598784,1,0,0,0,1524.60669,-3.289999999879001
113.798782,1,0,0,0,1524.60612,-3.860000000031505
113.99878,1,0,0,0,1524.60801,-1.970000000028449
114.198778,1,0,0,0,1524.60801,-1.970000000028449
114.398776,1,0,0,0,1524.60801,-1.970000000028449
114.598773,1,0,0,0,1524.60669,-3.289999999879001
114.798771,1,0,0,0,1524.60745,-2.529999999978827
114.998769,1,0,0,0,1524.60612,-3.860000000031505
115.198767,1,0,0,0,1524.60612,-3.860000000031505
115.398765,1,0,0,0,1524.60801,-1.970000000028449
115.598763,1,0,0,0,1524.60745,-2.529999999978827
115.798761,1,0,0,0,1524.60801,-1.970000000028449
115.998759,1,0,0,0,1524.60669,-3.289999999879001
116.198756,1,0,0,0,1524.60669,-3.289999999879001
116.398755,1,0,0,0,1524.60669,-3.289999999879001
116.598752,1,0,0,0,1524.60933,-0.6499999999505235
116.79875,1,0,0,0,1524.60801,-1.970000000028449
116.998748,1,0,0,0,1524.60801,-1.970000000028449
117.198746,1,0,0,0,1524.60839,-1.5899999998509884
117.398743,1,0,0,0,1524.60669,-3.289999999879001
117.598742,1,0,0,0,1524.60744,-2.5399999999535794
117.798739,1,0,0,0,1524.60801,-1.970000000028449
117.998737,1,0,0,0,1524.60801,-1.970000000028449
118.198735,1,0,0,0,1524.60423,-5.750000000034561
118.398733,1,0,0,0,1524.60669,-3.289999999879001
118.598731,1,0,0,0,1524.60612,-3.860000000031505
118.798729,1,0,0,0,1524.60801,-1.970000000028449
118.998727,1,0,0,0,1524.60839,-1.5899999998509884
119.198724,1,0,0,0,1524.6099,-0.08000000002539309
119.398722,1,0,0,0,1524.60801,-1.970000000028449
119.59872,1,0,0,0,1524.60423,-5.750000000034561
119.798718,1,0,0,0,1524.60612,-3.860000000031505
119.998716,1,0,0,0,1524.60744,-2.5399999999535794
120.198714,1,0,0,0,1524.60706,-2.9199999999036663
120.398711,1,0,0,0,1524.61122,1.2400000000525324
120.59871,1,0,0,0,1524.60801,-1.970000000028449
120.798707,1,0,0,0,1524.60801,-1.970000000028449
120.998705,1,0,0,0,1524.60669,-3.289999999879001
121.198703,1,0,0,0,1524.60933,-0.6499999999505235
121.398701,1,0,0,0,1524.60801,-1.970000000028449
121.598699,1,0,0,0,1524.60612,-3.860000000031505
121.798697,1,0,0,0,1524.60612,-3.860000000031505
121.998694,1,0,0,0,1524.60839,-1.5899999998509884
122.198692,1,0,0,0,1524.60612,-3.860000000031505
122.39869,1,0,0,0,1524.60839,-1.5899999998509884
122.598688,1,0,0,0,1524.60801,-1.970000000028449
122.798686,1,0,0,0,1524.60669,-3.289999999879001
122.998684,1,0,0,0,1524.60801,-1.970000000028449
123.198682,1,0,0,0,1524.60801,-1.970000000028449
123.398679,1,0,0,0,1524.60706,-2.9199999999036663
123.598677,1,0,0,0,1524.60801,-1.970000000028449
123.798675,1,0,0,0,1524.60933,-0.6499999999505235
123.998673,1,0,0,0,1524.60612,-3.860000000031505
124.198671,1,0,0,0,1524.60801,-1.970000000028449
124.398669,1,0,0,0,1524.60669,-3.289999999879001
124.598667,1,0,0,0,1524.60801,-1.970000000028449
124.798665,1,0,0,0,1524.60479,-5.189999999856809
124.998662,1,0,0,0,1524.60801,-1.970000000028449
125.19866,1,0,0,0,1524.6099,-0.08000000002539309
125.398659,1,0,0,0,1524.61311,3.1300000000555883
125.598656,1,0,0,0,1524.64997,39.98999999998887
125.798654,1,0,0,0,1524.57134,-38.639999999986685
125.998652,1,0,0,0,1524.60423,-5.750000000034561
126.19865,1,0,0,0,1524.58249,-27.489999999943393
126.398648,1,0,0,0,1524.6339,23.920000000089203
126.598645,1,0,0,0,1524.49878,-111.20000000005348
126.798643,1,0,0,0,1524.6511,41.12000000009175
126.998641,1,0,0,0,1524.71234,102.36000000008971
127.198639,1,0,0,0,1524.63258,22.600000000011278
127.398637,1,0,0,0,1524.55452,-55.460000000039145
127.598635,1,0,0,0,1524.63447,24.490000000014334
127.798633,1,0,0,0,1524.64751,37.53000000006068
127.99863,1,0,0,0,1524.62653,16.550000000052023
128.198628,1,0,0,0,1524.59307,-16.910000000052605
128.398626,1,0,0,0,1524.58759,-22.389999999859356
128.598624,1,0,0,0,1524.60801,-1.970000000028449
128.798622,1,0,0,0,1524.63503,25.04999999996471
128.99862,1,0,0,0,1524.59459,-15.390000000024884
129.198618,1,0,0,0,1524.6029,-7.079999999859865
129.398615,1,0,0,0,1524.61538,5.400000000008731
129.598613,1,0,0,0,1524.59554,-14.439999999922293
129.798611,1,0,0,0,1524.58249,-27.489999999943393
129.998609,1,0,0,0,1524.59308,-16.89999999985048
130.198607,1,0,0,0,1524.58438,-25.599999999940337
130.398605,1,0,0,0,1524.54508,-64.8999999998523
130.598603,1,0,0,0,1524.55642,-53.560000000061336
130.7986,1,0,0,0,1524.56908,-40.899999999965075
130.998598,1,0,0,0,1524.59913,-10.849999999891224
131.198596,1,0,0,0,1524.59138,-18.59999999987849
131.398594,1,0,0,0,1524.50237,-107.61000000002241
131.598592,1,0,0,0,1524.47874,-131.2399999999343
131.79859,1,0,0,0,1524.47648,-133.4999999999127
131.998588,1,0,0,0,1524.47837,-131.60999999990963
132.198586,1,0,0,0,1524.47667,-133.30999999993765
132.398584,1,0,0,0,1524.47647,-133.50999999988744
132.598581,1,0,0,0,1524.47647,-133.50999999988744
132.798579,1,0,0,0,1524.47667,-133.30999999993765
132.998577,1,0,0,0,1524.47837,-131.60999999990963
133.198575,1,0,0,0,1524.47837,-131.60999999990963
133.398573,1,0,0,0,1524.47647,-133.50999999988744
133.598571,1,0,0,0,1524.47647,-133.50999999988744
133.798568,1,0,0,0,1524.47666,-133.3199999999124
133.998566,1,0,0,0,1524.47685,-133.12999999993735
134.198564,1,0,0,0,1524.47666,-133.3199999999124
134.398562,1,0,0,0,1524.47667,-133.30999999993765
134.59856,1,0,0,0,1524.47667,-133.30999999993765
134.798558,1,0,0,0,1524.47477,-135.20999999991545
134.998556,1,0,0,0,1524.47477,-135.20999999991545
135.198554,1,0,0,0,1524.47478,-135.1999999999407
135.398551,1,0,0,0,1524.47667,-133.30999999993765
135.598549,1,0,0,0,1524.47818,-131.79999999988468
135.798547,1,0,0,0,1524.47667,-133.30999999993765
135.998545,1,0,0,0,1524.47837,-131.60999999990963
136.198543,1,0,0,0,1524.47837,-131.60999999990963
136.398541,1,0,0,0,1524.47648,-133.4999999999127
136.598539,1,0,0,0,1524.47837,-131.60999999990963
136.798537,1,0,0,0,1524.47667,-133.30999999993765
136.998534,1,0,0,0,1524.47477,-135.20999999991545
137.198532,1,0,0,0,1524.47647,-133.50999999988744
137.39853,1,0,0,0,1524.47647,-133.50999999988744
137.598528,1,0,0,0,1524.47837,-131.60999999990963
137.798526,1,0,0,0,1524.47836,-131.61999999988439
137.998524,1,0,0,0,1524.47666,-133.3199999999124
138.198522,1,0,0,0,1524.47666,-133.3199999999124
138.39852,1,0,0,0,1524.47628,-133.69999999986248
138.598517,1,0,0,0,1524.47667,-133.30999999993765
138.798515,1,0,0,0,1524.47837,-131.60999999990963
138.998513,1,0,0,0,1524.47685,-133.12999999993735
139.198511,1,0,0,0,1524.47667,-133.30999999993765
139.398509,1,0,0,0,1524.47856,-131.4199999999346
139.598507,1,0,0,0,1524.47648,-133.4999999999127
139.798505,1,0,0,0,1524.47667,-133.30999999993765
139.998502,1,0,0,0,1524.47648,-133.4999999999127
140.1985,1,0,0,0,1524.47477,-135.20999999991545
140.398498,1,0,0,0,1524.47874,-131.2399999999343
140.598496,1,0,0,0,1524.47647,-133.50999999988744
140.798494,1,0,0,0,1524.47837,-131.60999999990963
140.998492,1,0,0,0,1524.47666,-133.3199999999124
141.19849,1,0,0,0,1524.47647,-133.50999999988744
141.398487,1,0,0,0,1524.47666,-133.3199999999124
141.598485,1,0,0,0,1524.47836,-131.61999999988439
141.798483,1,0,0,0,1524.47855,-131.42999999990934
141.998481,1,0,0,0,1524.47855,-131.42999999990934
142.198479,1,0,0,0,1524.47667,-133.30999999993765
142.398477,1,0,0,0,1524.47477,-135.20999999991545
142.598475,1,0,0,0,1524.47818,-131.79999999988468
142.798473,1,0,0,0,1524.47837,-131.60999999990963
142.99847,1,0,0,0,1524.47855,-131.42999999990934
143.198468,1,0,0,0,1524.47837,-131.60999999990963
143.398466,1,0,0,0,1524.47647,-133.50999999988744
143.598464,1,0,0,0,1524.47855,-131.42999999990934
143.798462,1,0,0,0,1524.47818,-131.79999999988468
143.99846,1,0,0,0,1524.47647,-133.50999999988744
144.198458,1,0,0,0,1524.47836,-131.61999999988439
144.398456,1,0,0,0,1524.47836,-131.61999999988439
144.598453,1,0,0,0,1524.47647,-133.50999999988744
144.798451,1,0,0,0,1524.47628,-133.69999999986248
144.998449,1,0,0,0,1524.47458,-135.3999999998905
145.198447,1,0,0,0,1524.47666,-133.3199999999124
145.398445,1,0,0,0,1524.47666,-133.3199999999124
145.598443,1,0,0,0,1524.47818,-131.79999999988468
145.79844,1,0,0,0,1524.47837,-131.60999999990963
145.998439,1,0,0,0,1524.47667,-133.30999999993765
146.198436,1,0,0,0,1524.47837,-131.60999999990963
146.398434,1,0,0,0,1524.47667,-133.30999999993765
146.598432,1,0,0,0,1524.47647,-133.50999999988744
146.79843,1,0,0,0,1524.47837,-131.60999999990963
146.998428,1,0,0,0,1524.47837,-131.60999999990963
147.198426,1,0,0,0,1524.47647,-133.50999999988744
147.398424,1,0,0,0,1524.47837,-131.60999999990963
147.598421,1,0,0,0,1524.47477,-135.20999999991545
147.798419,1,0,0,0,1524.47837,-131.60999999990963
147.998417,1,0,0,0,1524.47855,-131.42999999990934
148.198415,1,0,0,0,1524.47647,-133.50999999988744
148.398413,1,0,0,0,1524.47856,-131.4199999999346
148.598411,1,0,0,0,1524.47648,-133.4999999999127
148.798409,1,0,0,0,1524.47837,-131.60999999990963
148.998407,1,0,0,0,1524.47648,-133.4999999999127
149.198404,1,0,0,0,1524.47837,-131.60999999990963
149.398402,1,0,0,0,1524.47667,-133.30999999993765
149.5984,1,0,0,0,1524.47837,-131.60999999990963
149.798398,1,0,0,0,1524.47837,-131.60999999990963
149.998396,1,0,0,0,1524.47458,-135.3999999998905
150.198394,1,0,0,0,1524.47666,-133.3199999999124
150.398391,1,0,0,0,1524.47666,-133.3199999999124
150.598389,1,0,0,0,1524.47666,-133.3199999999124
150.798387,1,0,0,0,1524.47647,-133.50999999988744
150.998385,1,0,0,0,1524.47836,-131.61999999988439
151.198383,1,0,0,0,1524.47818,-131.79999999988468
151.398381,1,0,0,0,1524.47647,-133.50999999988744
151.598379,1,0,0,0,1524.47855,-131.42999999990934
151.798377,1,0,0,0,1524.47477,-135.20999999991545
151.998374,1,0,0,0,1524.47647,-133.50999999988744
152.198372,1,0,0,0,1524.47855,-131.42999999990934
152.39837,1,0,0,0,1524.47818,-131.79999999988468
152.598368,1,0,0,0,1524.47837,-131.60999999990963
152.798366,1,0,0,0,1524.47667,-133.30999999993765
152.998364,1,0,0,0,1524.47837,-131.60999999990963
153.198362,1,0,0,0,1524.47647,-133.50999999988744
153.39836,1,0,0,0,1524.47477,-135.20999999991545
153.598357,1,0,0,0,1524.48025,-129.72999999988133
153.798355,1,0,0,0,1524.47855,-131.42999999990934
153.998353,1,0,0,0,1524.47836,-131.61999999988439
154.198351,1,0,0,0,1524.47836,-131.61999999988439
154.398349,1,0,0,0,1524.47647,-133.50999999988744
154.598347,1,0,0,0,1524.47836,-131.61999999988439
154.798345,1,0,0,0,1524.47836,-131.61999999988439
154.998343,1,0,0,0,1524.47836,-131.61999999988439
155.19834,1,0,0,0,1524.47855,-131.42999999990934
155.398338,1,0,0,0,1524.47855,-131.42999999990934
155.598336,1,0,0,0,1524.47855,-131.42999999990934
155.798334,1,0,0,0,1524.47837,-131.60999999990963
155.998332,1,0,0,0,1524.47837,-131.60999999990963
156.19833,1,0,0,0,1524.47837,-131.60999999990963
156.398328,1,0,0,0,1524.48025,-129.72999999988133
156.598325,1,0,0,0,1524.48025,-129.72999999988133
156.798323,1,0,0,0,1524.47837,-131.60999999990963
156.998321,1,0,0,0,1524.47837,-131.60999999990963
157.198319,1,0,0,0,1524.47855,-131.42999999990934
157.398317,1,0,0,0,1524.47836,-131.61999999988439
157.598315,1,0,0,0,1524.47666,-133.3199999999124
157.798313,1,0,0,0,1524.47666,-133.3199999999124
157.998311,1,0,0,0,1524.47685,-133.12999999993735
158.198308,1,0,0,0,1524.47667,-133.30999999993765
158.398306,1,0,0,0,1524.47837,-131.60999999990963
158.598304,1,0,0,0,1524.47647,-133.50999999988744
158.798302,1,0,0,0,1524.47647,-133.50999999988744
158.9983,1,0,0,0,1524.47837,-131.60999999990963
159.198298,1,0,0,0,1524.47648,-133.4999999999127
159.398295,1,0,0,0,1524.48026,-129.71999999990658
159.598293,1,0,0,0,1524.47648,-133.4999999999127
159.798291,1,0,0,0,1524.47837,-131.60999999990963
159.998289,1,0,0,0,1524.47856,-131.4199999999346
160.198287,1,0,0,0,1524.47856,-131.4199999999346
160.398285,1,0,0,0,1524.47648,-133.4999999999127
160.598283,1,0,0,0,1524.47856,-131.4199999999346
160.798281,1,0,0,0,1524.47856,-131.4199999999346
160.998278,1,0,0,0,1524.47856,-131.4199999999346
161.198276,1,0,0,0,1524.47837,-131.60999999990963
161.398274,1,0,0,0,1524.47667,-133.30999999993765
161.598272,1,0,0,0,1524.47818,-131.79999999988468
161.79827,1,0,0,0,1524.47856,-131.4199999999346
161.998268,1,0,0,0,1524.47648,-133.4999999999127
162.198266,1,0,0,0,1524.47477,-135.20999999991545
162.398263,1,0,0,0,1524.47837,-131.60999999990963
162.598262,1,0,0,0,1524.47837,-131.60999999990963
162.798259,1,0,0,0,1524.47837,-131.60999999990963
162.998257,1,0,0,0,1524.47818,-131.79999999988468
163.198255,1,0,0,0,1524.47837,-131.60999999990963
163.398253,1,0,0,0,1524.47837,-131.60999999990963
163.598251,1,0,0,0,1524.47855,-131.42999999990934
163.798249,1,0,0,0,1524.47818,-131.79999999988468
163.998246,1,0,0,0,1524.47647,-133.50999999988744
164.198245,1,0,0,0,1524.47647,-133.50999999988744
164.398242,1,0,0,0,1524.47837,-131.60999999990963
164.59824,1,0,0,0,1524.47685,-133.12999999993735
164.798238,1,0,0,0,1524.47837,-131.60999999990963
164.998236,1,0,0,0,1524.47647,-133.50999999988744
165.198234,1,0,0,0,1524.47667,-133.30999999993765
165.398232,1,0,0,0,1524.47837,-131.60999999990963
165.598229,1,0,0,0,1524.47837,-131.60999999990963
165.798227,1,0,0,0,1524.47837,-131.60999999990963
165.998225,1,0,0,0,1524.47667,-133.30999999993765
166.198223,1,0,0,0,1524.47837,-131.60999999990963
166.398221,1,0,0,0,1524.47666,-133.3199999999124
166.598219,1,0,0,0,1524.47666,-133.3199999999124
166.798217,1,0,0,0,1524.47855,-131.42999999990934
166.998214,1,0,0,0,1524.47666,-133.3199999999124
167.198212,1,0,0,0,1524.47458,-135.3999999998905
167.39821,1,0,0,0,1524.47666,-133.3199999999124
167.598208,1,0,0,0,1524.47836,-131.61999999988439
167.798206,1,0,0,0,1524.47647,-133.50999999988744
167.998204,1,0,0,0,1524.47837,-131.60999999990963
168.198202,1,0,0,0,1524.47647,-133.50999999988744
168.3982,1,0,0,0,1524.47667,-133.30999999993765
168.598197,1,0,0,0,1524.47837,-131.60999999990963
168.798195,1,0,0,0,1524.48025,-129.72999999988133
168.998193,1,0,0,0,1524.47459,-135.38999999991574
169.198191,1,0,0,0,1524.47855,-131.42999999990934
169.398189,1,0,0,0,1524.47667,-133.30999999993765
169.598187,1,0,0,0,1524.47647,-133.50999999988744
169.798185,1,0,0,0,1524.47685,-133.12999999993735
169.998183,1,0,0,0,1524.47667,-133.30999999993765
170.19818,1,0,0,0,1524.47647,-133.50999999988744
170.398178,1,0,0,0,1524.47496,-135.0199999999404
170.598176,1,0,0,0,1524.47837,-131.60999999990963
170.798174,1,0,0,0,1524.47667,-133.30999999993765
170.998172,1,0,0,0,1524.47667,-133.30999999993765
171.19817,1,0,0,0,1524.47837,-131.60999999990963
171.398168,1,0,0,0,1524.47685,-133.12999999993735
171.598166,1,0,0,0,1524.47855,-131.42999999990934
171.798163,1,0,0,0,1524.47647,-133.50999999988744
171.998161,1,0,0,0,1524.47837,-131.60999999990963
172.198159,1,0,0,0,1524.47685,-133.12999999993735
172.398157,1,0,0,0,1524.47667,-133.30999999993765
172.598155,1,0,0,0,1524.48007,-129.90999999988162
172.798153,1,0,0,0,1524.47667,-133.30999999993765
172.998151,1,0,0,0,1524.47647,-133.50999999988744
173.198148,1,0,0,0,1524.47647,-133.50999999988744
173.398146,1,0,0,0,1524.47477,-135.20999999991545
173.598144,1,0,0,0,1524.47667,-133.30999999993765
173.798142,1,0,0,0,1524.47666,-133.3199999999124
173.99814,1,0,0,0,1524.47647,-133.50999999988744
174.198138,1,0,0,0,1524.47855,-131.42999999990934
174.398136,1,0,0,0,1524.47666,-133.3199999999124
174.598134,1,0,0,0,1524.47647,-133.50999999988744
174.798131,1,0,0,0,1524.47837,-131.60999999990963
174.998129,1,0,0,0,1524.48025,-129.72999999988133
175.198127,1,0,0,0,1524.47477,-135.20999999991545
175.398125,1,0,0,0,1524.47837,-131.60999999990963
175.598123,1,0,0,0,1524.47818,-131.79999999988468
175.798121,1,0,0,0,1524.47667,-133.30999999993765
175.998119,1,0,0,0,1524.47818,-131.79999999988468
176.198117,1,0,0,0,1524.47459,-135.38999999991574
176.398114,1,0,0,0,1524.47685,-133.12999999993735
176.598113,1,0,0,0,1524.47837,-131.60999999990963
176.79811,1,0,0,0,1524.47685,-133.12999999993735
176.998108,1,0,0,0,1524.47837,-131.60999999990963
177.198106,1,0,0,0,1524.47667,-133.30999999993765
177.398104,1,0,0,0,1524.47647,-133.50999999988744
177.598102,1,0,0,0,1524.47874,-131.2399999999343
177.7981,1,0,0,0,1524.47855,-131.42999999990934
177.998097,1,0,0,0,1524.47837,-131.60999999990963
178.198095,1,0,0,0,1524.47837,-131.60999999990963
178.398093,1,0,0,0,1524.47837,-131.60999999990963
178.598091,1,0,0,0,1524.47667,-133.30999999993765
178.798089,1,0,0,0,1524.47837,-131.60999999990963
178.998087,1,0,0,0,1524.47837,-131.60999999990963
179.198085,1,0,0,0,1524.47856,-131.4199999999346
179.398082,1,0,0,0,1524.47477,-135.20999999991545
179.59808,1,0,0,0,1524.47685,-133.12999999993735
179.798078,1,0,0,0,1524.47667,-133.30999999993765
179.998076,1,0,0,0,1524.47818,-131.79999999988468
180.198074,1,0,0,0,1524.47837,-131.60999999990963
180.398072,1,0,0,0,1524.47667,-133.30999999993765
180.59807,1,0,0,0,1524.47855,-131.42999999990934
180.798067,1,0,0,0,1524.47667,-133.30999999993765
180.998065,1,0,0,0,1524.47837,-131.60999999990963
181.198063,1,0,0,0,1524.47856,-131.4199999999346
181.398061,1,0,0,0,1524.47837,-131.60999999990963
181.598059,1,0,0,0,1524.47856,-131.4199999999346
181.798057,1,0,0,0,1524.47856,-131.4199999999346
181.998055,1,0,0,0,1524.47856,-131.4199999999346
182.198052,1,0,0,0,1524.47667,-133.30999999993765
182.398051,1,0,0,0,1524.47667,-133.30999999993765
182.598048,1,0,0,0,1524.47667,-133.30999999993765
182.798046,1,0,0,0,1524.47667,-133.30999999993765
182.998044,1,0,0,0,1524.47459,-135.38999999991574
183.198042,1,0,0,0,1524.48025,-129.72999999988133
183.39804,1,0,0,0,1524.47685,-133.12999999993735
183.598038,1,0,0,0,1524.47855,-131.42999999990934
183.798035,1,0,0,0,1524.47647,-133.50999999988744
183.998033,1,0,0,0,1524.47647,-133.50999999988744
184.198031,1,0,0,0,1524.47667,-133.30999999993765
184.398029,1,0,0,0,1524.47837,-131.60999999990963
184.598027,1,0,0,0,1524.47667,-133.30999999993765
184.798025,1,0,0,0,1524.47837,-131.60999999990963
184.998023,1,0,0,0,1524.48007,-129.90999999988162
185.19802,1,0,0,0,1524.47855,-131.42999999990934
185.398019,1,0,0,0,1524.47855,-131.42999999990934
185.598016,1,0,0,0,1524.47855,-131.42999999990934
185.798014,1,0,0,0,1524.47647,-133.50999999988744
185.998012,1,0,0,0,1524.47855,-131.42999999990934
186.19801,1,0,0,0,1524.47836,-131.61999999988439
186.398008,1,0,0,0,1524.47647,-133.50999999988744
186.598006,1,0,0,0,1524.47647,-133.50999999988744
186.798003,1,0,0,0,1524.47477,-135.20999999991545
186.998001,1,0,0,0,1524.47855,-131.42999999990934
187.197999,1,0,0,0,1524.47855,-131.42999999990934
187.397997,1,0,0,0,1524.47647,-133.50999999988744
187.597995,1,0,0,0,1524.47647,-133.50999999988744
187.797993,1,0,0,0,1524.48195,-128.02999999985332
187.997991,1,0,0,0,1524.47855,-131.42999999990934
188.197989,1,0,0,0,1524.47855,-131.42999999990934
188.397987,1,0,0,0,1524.47855,-131.42999999990934
188.597984,1,0,0,0,1524.47647,-133.50999999988744
188.797982,1,0,0,0,1524.47836,-131.61999999988439
188.99798,1,0,0,0,1524.47836,-131.61999999988439
189.197978,1,0,0,0,1524.47836,-131.61999999988439
189.397976,1,0,0,0,1524.47837,-131.60999999990963
189.597974,1,0,0,0,1524.48007,-129.90999999988162
189.797972,1,0,0,0,1524.47667,-133.30999999993765
189.99797,1,0,0,0,1524.47837,-131.60999999990963
190.197967,1,0,0,0,1524.47837,-131.60999999990963
190.397965,1,0,0,0,1524.47818,-131.79999999988468
190.597963,1,0,0,0,1524.47837,-131.60999999990963
190.797961,1,0,0,0,1524.47667,-133.30999999993765
190.997959,1,0,0,0,1524.48025,-129.72999999988133
191.197957,1,0,0,0,1524.47818,-131.79999999988468
191.397954,1,0,0,0,1524.47855,-131.42999999990934
191.597952,1,0,0,0,1524.47836,-131.61999999988439
191.797951,1,0,0,0,1524.47667,-133.30999999993765
191.997948,1,0,0,0,1524.47837,-131.60999999990963
192.197946,1,0,0,0,1524.47855,-131.42999999990934
192.397944,1,0,0,0,1524.48025,-129.72999999988133
192.597942,1,0,0,0,1524.47477,-135.20999999991545
192.79794,1,0,0,0,1524.47855,-131.42999999990934
192.997938,1,0,0,0,1524.47837,-131.60999999990963
193.197936,1,0,0,0,1524.47667,-133.30999999993765
193.397933,1,0,0,0,1524.47837,-131.60999999990963
193.597931,1,0,0,0,1524.47837,-131.60999999990963
193.797929,1,0,0,0,1524.47685,-133.12999999993735
193.997927,1,0,0,0,1524.47855,-131.42999999990934
194.197925,1,0,0,0,1524.47647,-133.50999999988744
194.397923,1,0,0,0,1524.47647,-133.50999999988744
194.597921,1,0,0,0,1524.47855,-131.42999999990934
194.797918,1,0,0,0,1524.47855,-131.42999999990934
194.997916,1,0,0,0,1524.48025,-129.72999999988133
195.197914,1,0,0,0,1524.48025,-129.72999999988133
195.397912,1,0,0,0,1524.47647,-133.50999999988744
195.59791,1,0,0,0,1524.47837,-131.60999999990963
195.797908,1,0,0,0,1524.47836,-131.61999999988439
195.997905,1,0,0,0,1524.47685,-133.12999999993735
196.197903,1,0,0,0,1524.47666,-133.3199999999124
196.397901,1,0,0,0,1524.47855,-131.42999999990934
196.597899,1,0,0,0,1524.47855,-131.42999999990934
196.797897,1,0,0,0,1524.47647,-133.50999999988744
196.997895,1,0,0,0,1524.48006,-129.91999999985637
197.197893,1,0,0,0,1524.47836,-131.61999999988439
197.397891,1,0,0,0,1524.47855,-131.42999999990934
197.597888,1,0,0,0,1524.47836,-131.61999999988439
197.797886,1,0,0,0,1524.47836,-131.61999999988439
197.997884,1,0,0,0,1524.47855,-131.42999999990934
198.197882,1,0,0,0,1524.48025,-129.72999999988133
198.39788,1,0,0,0,1524.47667,-133.30999999993765
198.597878,1,0,0,0,1524.47837,-131.60999999990963
198.797876,1,0,0,0,1524.47855,-131.42999999990934
198.997874,1,0,0,0,1524.47667,-133.30999999993765
199.197871,1,0,0,0,1524.47855,-131.42999999990934
199.397869,1,0,0,0,1524.47855,-131.42999999990934
199.597867,1,0,0,0,1524.47647,-133.50999999988744
199.797865,1,0,0,0,1524.47836,-131.61999999988439
199.997863,1,0,0,0,1524.48025,-129.72999999988133
200.197861,1,0,0,0,1524.47855,-131.42999999990934
200.397859,1,0,0,0,1524.47836,-131.61999999988439
200.597857,1,0,0,0,1524.47836,-131.61999999988439
200.797854,1,0,0,0,1524.47818,-131.79999999988468
200.997853,1,0,0,0,1524.47666,-133.3199999999124
201.19785,1,0,0,0,1524.47855,-131.42999999990934
201.397848,1,0,0,0,1524.47855,-131.42999999990934
201.597846,1,0,0,0,1524.48025,-129.72999999988133
201.797844,1,0,0,0,1524.47836,-131.61999999988439
201.997842,1,0,0,0,1524.47647,-133.50999999988744
202.197839,1,0,0,0,1524.47836,-131.61999999988439
202.397837,1,0,0,0,1524.47855,-131.42999999990934
202.597835,1,0,0,0,1524.47855,-131.42999999990934
202.797833,1,0,0,0,1524.47647,-133.50999999988744
202.997831,1,0,0,0,1524.47647,-133.50999999988744
203.197829,1,0,0,0,1524.48007,-129.90999999988162
203.397827,1,0,0,0,1524.47855,-131.42999999990934
203.597825,1,0,0,0,1524.47855,-131.42999999990934
203.797822,1,0,0,0,1524.47837,-131.60999999990963
203.99782,1,0,0,0,1524.47818,-131.79999999988468
204.197818,1,0,0,0,1524.47667,-133.30999999993765
204.397816,1,0,0,0,1524.47667,-133.30999999993765
204.597814,1,0,0,0,1524.47837,-131.60999999990963
204.797812,1,0,0,0,1524.47818,-131.79999999988468
204.99781,1,0,0,0,1524.47666,-133.3199999999124
205.197808,1,0,0,0,1524.47836,-131.61999999988439
205.397805,1,0,0,0,1524.47836,-131.61999999988439
205.597803,1,0,0,0,1524.47836,-131.61999999988439
205.797801,1,0,0,0,1524.47836,-131.61999999988439
205.997799,1,0,0,0,1524.47818,-131.79999999988468
206.197797,1,0,0,0,1524.48025,-129.72999999988133
206.397795,1,0,0,0,1524.47836,-131.61999999988439
206.597793,1,0,0,0,1524.47855,-131.42999999990934
206.797791,1,0,0,0,1524.47855,-131.42999999990934
206.997788,1,0,0,0,1524.47647,-133.50999999988744
207.197786,1,0,0,0,1524.47837,-131.60999999990963
207.397784,1,0,0,0,1524.47818,-131.79999999988468
207.597782,1,0,0,0,1524.47647,-133.50999999988744
207.79778,1,0,0,0,1524.48025,-129.72999999988133
207.997778,1,0,0,0,1524.47666,-133.3199999999124
208.197776,1,0,0,0,1524.47836,-131.61999999988439
208.397774,1,0,0,0,1524.47836,-131.61999999988439
208.597771,1,0,0,0,1524.47647,-133.50999999988744
208.797769,1,0,0,0,1524.47855,-131.42999999990934
208.997767,1,0,0,0,1524.47855,-131.42999999990934
209.197765,1,0,0,0,1524.47855,-131.42999999990934
209.397763,1,0,0,0,1524.47647,-133.50999999988744
209.597761,1,0,0,0,1524.47855,-131.42999999990934
209.797759,1,0,0,0,1524.47836,-131.61999999988439
209.997756,1,0,0,0,1524.47666,-133.3199999999124
210.197754,1,0,0,0,1524.47647,-133.50999999988744
210.397752,1,0,0,0,1524.47855,-131.42999999990934
210.59775,1,0,0,0,1524.47836,-131.61999999988439
210.797748,1,0,0,0,1524.47666,-133.3199999999124
210.997746,1,0,0,0,1524.48025,-129.72999999988133
211.197744,1,0,0,0,1524.47647,-133.50999999988744
211.397742,1,0,0,0,1524.47817,-131.80999999985943
211.597739,1,0,0,0,1524.47647,-133.50999999988744
211.797737,1,0,0,0,1524.47647,-133.50999999988744
211.997735,1,0,0,0,1524.47836,-131.61999999988439
212.197733,1,0,0,0,1524.47855,-131.42999999990934
212.397731,1,0,0,0,1524.47836,-131.61999999988439
212.597729,1,0,0,0,1524.48006,-129.91999999985637
212.797727,1,0,0,0,1524.47647,-133.50999999988744
212.997725,1,0,0,0,1524.48025,-129.72999999988133
213.197722,1,0,0,0,1524.48025,-129.72999999988133
213.39772,1,0,0,0,1524.47836,-131.61999999988439
213.597718,1,0,0,0,1524.48006,-129.91999999985637
213.797716,1,0,0,0,1524.47666,-133.3199999999124
213.997714,1,0,0,0,1524.47647,-133.50999999988744
214.197712,1,0,0,0,1524.47666,-133.3199999999124
214.39771,1,0,0,0,1524.47666,-133.3199999999124
214.597708,1,0,0,0,1524.47836,-131.61999999988439
214.797705,1,0,0,0,1524.47836,-131.61999999988439
214.997703,1,0,0,0,1524.47647,-133.50999999988744
215.197701,1,0,0,0,1524.47647,-133.50999999988744
215.397699,1,0,0,0,1524.47836,-131.61999999988439
215.597697,1,0,0,0,1524.47647,-133.50999999988744
215.797695,1,0,0,0,1524.48025,-129.72999999988133
215.997693,1,0,0,0,1524.47855,-131.42999999990934
216.19769,1,0,0,0,1524.47836,-131.61999999988439
216.397688,1,0,0,0,1524.48025,-129.72999999988133
216.597686,1,0,0,0,1524.48044,-129.53999999990629
216.797684,1,0,0,0,1524.47647,-133.50999999988744
216.997682,1,0,0,0,1524.47836,-131.61999999988439
217.19768,1,0,0,0,1524.47836,-131.61999999988439
217.397678,1,0,0,0,1524.47818,-131.79999999988468
217.597676,1,0,0,0,1524.47836,-131.61999999988439
217.797673,1,0,0,0,1524.47647,-133.50999999988744
217.997671,1,0,0,0,1524.47647,-133.50999999988744
218.197669,1,0,0,0,1524.48025,-129.72999999988133
218.397667,1,0,0,0,1524.48025,-129.72999999988133
218.597665,1,0,0,0,1524.47837,-131.60999999990963
218.797663,1,0,0,0,1524.47837,-131.60999999990963
218.997661,1,0,0,0,1524.47837,-131.60999999990963
219.197659,1,0,0,0,1524.47837,-131.60999999990963
219.397656,1,0,0,0,1524.47647,-133.50999999988744
219.597654,1,0,0,0,1524.47837,-131.60999999990963
219.797652,1,0,0,0,1524.48044,-129.53999999990629
219.99765,1,0,0,0,1524.47837,-131.60999999990963
220.197648,1,0,0,0,1524.47667,-133.30999999993765
220.397646,1,0,0,0,1524.47836,-131.61999999988439
220.597644,1,0,0,0,1524.47836,-131.61999999988439
220.797642,1,0,0,0,1524.47855,-131.42999999990934
220.997639,1,0,0,0,1524.47836,-131.61999999988439
221.197637,1,0,0,0,1524.48006,-129.91999999985637
221.397635,1,0,0,0,1524.48025,-129.72999999988133
221.597633,1,0,0,0,1524.47836,-131.61999999988439
221.797631,1,0,0,0,1524.47836,-131.61999999988439
221.997629,1,0,0,0,1524.47855,-131.42999999990934
222.197627,1,0,0,0,1524.47836,-131.61999999988439
222.397624,1,0,0,0,1524.47647,-133.50999999988744
222.597622,1,0,0,0,1524.47666,-133.3199999999124
222.79762,1,0,0,0,1524.47855,-131.42999999990934
222.997618,1,0,0,0,1524.47666,-133.3199999999124
223.197616,1,0,0,0,1524.47855,-131.42999999990934
223.397614,1,0,0,0,1524.47666,-133.3199999999124
223.597612,1,0,0,0,1524.47836,-131.61999999988439
223.79761,1,0,0,0,1524.47836,-131.61999999988439
223.997607,1,0,0,0,1524.47855,-131.42999999990934
224.197605,1,0,0,0,1524.47855,-131.42999999990934
224.397603,1,0,0,0,1524.47836,-131.61999999988439
224.597601,1,0,0,0,1524.47628,-133.69999999986248
224.797599,1,0,0,0,1524.47836,-131.61999999988439
224.997597,1,0,0,0,1524.47836,-131.61999999988439
225.197595,1,0,0,0,1524.48025,-129.72999999988133
225.397593,1,0,0,0,1524.47855,-131.42999999990934
225.59759,1,0,0,0,1524.47666,-133.3199999999124
225.797588,1,0,0,0,1524.47855,-131.42999999990934
225.997586,1,0,0,0,1524.48025,-129.72999999988133
226.197584,1,0,0,0,1524.47855,-131.42999999990934
226.397582,1,0,0,0,1524.47855,-131.42999999990934
226.59758,1,0,0,0,1524.47855,-131.42999999990934
226.797578,1,0,0,0,1524.47855,-131.42999999990934
226.997576,1,0,0,0,1524.47647,-133.50999999988744
227.197573,1,0,0,0,1524.47666,-133.3199999999124
227.397571,1,0,0,0,1524.48025,-129.72999999988133
227.597569,1,0,0,0,1524.47666,-133.3199999999124
227.797567,1,0,0,0,1524.47855,-131.42999999990934
227.997565,1,0,0,0,1524.47855,-131.42999999990934
228.197563,1,0,0,0,1524.47836,-131.61999999988439
228.397561,1,0,0,0,1524.47836,-131.61999999988439
228.597558,1,0,0,0,1524.47855,-131.42999999990934
228.797556,1,0,0,0,1524.48025,-129.72999999988133
228.997554,1,0,0,0,1524.47666,-133.3199999999124
229.197552,1,0,0,0,1524.47836,-131.61999999988439
229.39755,1,0,0,0,1524.47836,-131.61999999988439
229.597548,1,0,0,0,1524.47647,-133.50999999988744
229.797546,1,0,0,0,1524.47836,-131.61999999988439
229.997544,1,0,0,0,1524.47855,-131.42999999990934
230.197541,1,0,0,0,1524.47818,-131.79999999988468
230.397539,1,0,0,0,1524.47837,-131.60999999990963
230.597537,1,0,0,0,1524.48025,-129.72999999988133
230.797535,1,0,0,0,1524.47855,-131.42999999990934
230.997533,1,0,0,0,1524.47855,-131.42999999990934
231.197531,1,0,0,0,1524.47667,-133.30999999993765
231.397529,1,0,0,0,1524.47647,-133.50999999988744
231.597527,1,0,0,0,1524.47667,-133.30999999993765
231.797524,1,0,0,0,1524.47837,-131.60999999990963
231.997522,1,0,0,0,1524.47836,-131.61999999988439
232.19752,1,0,0,0,1524.47836,-131.61999999988439
232.397518,1,0,0,0,1524.47666,-133.3199999999124
232.597516,1,0,0,0,1524.48006,-129.91999999985637
232.797514,1,0,0,0,1524.47836,-131.61999999988439
232.997512,1,0,0,0,1524.47855,-131.42999999990934
233.19751,1,0,0,0,1524.48044,-129.53999999990629
233.397507,1,0,0,0,1524.48044,-129.53999999990629
233.597505,1,0,0,0,1524.47818,-131.79999999988468
233.797503,1,0,0,0,1524.47837,-131.60999999990963
233.997501,1,0,0,0,1524.47629,-133.68999999988773
234.197499,1,0,0,0,1524.47667,-133.30999999993765
234.397497,1,0,0,0,1524.47837,-131.60999999990963
234.597495,1,0,0,0,1524.47837,-131.60999999990963
234.797492,1,0,0,0,1524.47855,-131.42999999990934
234.99749,1,0,0,0,1524.47837,-131.60999999990963
235.197488,1,0,0,0,1524.47837,-131.60999999990963
235.397486,1,0,0,0,1524.47667,-133.30999999993765
235.597484,1,0,0,0,1524.48025,-129.72999999988133
235.797482,1,0,0,0,1524.47667,-133.30999999993765
235.99748,1,0,0,0,1524.48025,-129.72999999988133
236.197477,1,0,0,0,1524.48025,-129.72999999988133
236.397475,1,0,0,0,1524.47837,-131.60999999990963
236.597473,1,0,0,0,1524.47837,-131.60999999990963
236.797471,1,0,0,0,1524.47836,-131.61999999988439
236.997469,1,0,0,0,1524.47836,-131.61999999988439
237.197467,1,0,0,0,1524.47855,-131.42999999990934
237.397465,1,0,0,0,1524.47666,-133.3199999999124
237.597463,1,0,0,0,1524.47837,-131.60999999990963
237.797461,1,0,0,0,1524.47855,-131.42999999990934
237.997458,1,0,0,0,1524.48025,-129.72999999988133
238.197456,1,0,0,0,1524.48215,-127.82999999990352
238.397454,1,0,0,0,1524.47856,-131.4199999999346
238.597452,1,0,0,0,1524.47648,-133.4999999999127
238.79745,1,0,0,0,1524.47856,-131.4199999999346
238.997448,1,0,0,0,1524.47648,-133.4999999999127
239.197446,1,0,0,0,1524.48026,-129.71999999990658
239.397444,1,0,0,0,1524.47837,-131.60999999990963
239.597441,1,0,0,0,1524.47856,-131.4199999999346
239.797439,1,0,0,0,1524.47837,-131.60999999990963
239.997437,1,0,0,0,1524.47667,-133.30999999993765
240.197435,1,0,0,0,1524.47856,-131.4199999999346
240.397433,1,0,0,0,1524.47667,-133.30999999993765
240.597431,1,0,0,0,1524.47648,-133.4999999999127
240.797429,1,0,0,0,1524.47667,-133.30999999993765
240.997427,1,0,0,0,1524.47837,-131.60999999990963
241.197424,1,0,0,0,1524.47837,-131.60999999990963
241.397422,1,0,0,0,1524.47837,-131.60999999990963
241.59742,1,0,0,0,1524.47667,-133.30999999993765
241.797418,1,0,0,0,1524.48045,-129.52999999993153
241.997416,1,0,0,0,1524.47667,-133.30999999993765
242.197414,1,0,0,0,1524.47856,-131.4199999999346
242.397412,1,0,0,0,1524.47648,-133.4999999999127
242.597409,1,0,0,0,1524.47837,-131.60999999990963
242.797407,1,0,0,0,1524.48026,-129.71999999990658
242.997405,1,0,0,0,1524.47856,-131.4199999999346
243.197403,1,0,0,0,1524.47648,-133.4999999999127
243.397401,1,0,0,0,1524.47497,-135.00999999996566
243.597399,1,0,0,0,1524.48007,-129.90999999988162
243.797397,1,0,0,0,1524.47837,-131.60999999990963
243.997395,1,0,0,0,1524.47856,-131.4199999999346
244.197392,1,0,0,0,1524.47686,-133.1199999999626
244.39739,1,0,0,0,1524.47856,-131.4199999999346
244.597388,1,0,0,0,1524.47856,-131.4199999999346
244.797386,1,0,0,0,1524.47856,-131.4199999999346
244.997384,1,0,0,0,1524.47478,-135.1999999999407
245.197382,1,0,0,0,1524.48026,-129.71999999990658
245.39738,1,0,0,0,1524.47856,-131.4199999999346
245.597377,1,0,0,0,1524.47856,-131.4199999999346
245.797375,1,0,0,0,1524.47818,-131.79999999988468
245.997373,1,0,0,0,1524.47648,-133.4999999999127
246.197371,1,0,0,0,1524.47856,-131.4199999999346
246.397369,1,0,0,0,1524.47837,-131.60999999990963
246.597367,1,0,0,0,1524.47837,-131.60999999990963
246.797365,1,0,0,0,1524.47837,-131.60999999990963
246.997363,1,0,0,0,1524.48196,-128.01999999987856
247.197361,1,0,0,0,1524.47837,-131.60999999990963
247.397358,1,0,0,0,1524.47856,-131.4199999999346
247.597356,1,0,0,0,1524.47837,-131.60999999990963
247.797354,1,0,0,0,1524.48045,-129.52999999993153
247.997352,1,0,0,0,1524.48385,-126.12999999987551
248.19735,1,0,0,0,1524.48593,-124.04999999989741
248.397348,1,0,0,0,1524.4967,-113.28000000003158
248.597346,1,0,0,0,1524.49292,-117.06000000003769
248.797343,1,0,0,0,1524.51938,-90.5999999999949
248.997341,1,0,0,0,1524.49519,-114.78999999985717
249.197339,1,0,0,0,1524.51163,-98.34999999998217
249.397337,1,0,0,0,1524.57135,-38.63000000001193
249.597335,1,0,0,0,1524.55396,-56.01999999998952
249.797333,1,0,0,0,1524.58571,-24.26999999988766
249.997331,1,0,0,0,1524.60612,-3.860000000031505
250.197329,1,0,0,0,1524.62465,14.67000000002372
250.397326,1,0,0,0,1524.60669,-3.289999999879001
250.597324,1,0,0,0,1524.61917,9.189999999989595
250.797322,1,0,0,0,1524.60612,-3.860000000031505
250.99732,1,0,0,0,1524.6116,1.6200000000026193
251.197318,1,0,0,0,1524.59686,-13.119999999844367
251.397316,1,0,0,0,1524.63636,26.38000000001739
251.597314,1,0,0,0,1524.71991,109.93000000007669
251.797312,1,0,0,0,1524.63693,26.94999999994252
251.997309,1,0,0,0,1524.65243,42.45000000014443
252.197307,1,0,0,0,1524.75507,145.08999999998196
252.397305,1,0,0,0,1524.74032,130.34000000016022
252.597303,1,0,0,0,1524.70308,93.10000000004948
252.797301,1,0,0,0,1524.6511,41.12000000009175
252.997299,1,0,0,0,1524.59138,-18.59999999987849
253.197297,1,0,0,0,1524.5636,-46.3799999999992
253.397295,1,0,0,0,1524.61028,0.3000000001520675
253.597292,1,0,0,0,1524.62086,10.880000000042855
253.79729,1,0,0,0,1524.69326,83.28000000005886
253.997288,1,0,0,0,1524.70951,99.52999999995882
254.197286,1,0,0,0,1524.69571,85.7300000000123
254.397284,1,0,0,0,1524.72104,111.0599999999522
254.597282,1,0,0,0,1524.67284,62.86000000000058
254.79728,1,0,0,0,1524.72104,111.0599999999522
254.997277,1,0,0,0,1524.708,98.02000000013322
255.197275,1,0,0,0,1524.67341,63.430000000153086
255.397273,1,0,0,0,1524.7012,91.22000000002117
255.597271,1,0,0,0,1524.6821,72.12000000004082
255.797269,1,0,0,0,1524.74316,133.1800000000385
255.997267,1,0,0,0,1524.6288,18.820000000005166
256.197265,1,0,0,0,1524.63202,22.0400000000609
256.397263,1,0,0,0,1524.56719,-42.78999999996813
256.59726,1,0,0,0,1524.65243,42.45000000014443
256.797258,1,0,0,0,1524.64865,38.670000000138316
256.997256,1,0,0,0,1524.62275,12.770000000045911
257.197254,1,0,0,0,1524.62464,14.660000000048967
257.397252,1,0,0,0,1524.67284,62.86000000000058
257.59725,1,0,0,0,1524.70422,94.24000000012711
257.797248,1,0,0,0,1524.64638,36.3999999999578
257.997246,1,0,0,0,1524.67152,61.54000000015003
258.197243,1,0,0,0,1524.65054,40.56000000014137
258.397241,1,0,0,0,1524.653,43.02000000006956
258.597239,1,0,0,0,1524.65621,46.23000000015054
258.797237,1,0,0,0,1524.6358,25.82000000006701
258.997235,1,0,0,0,1524.51371,-96.27000000000407
259.197233,1,0,0,0,1524.49292,-117.06000000003769
259.397231,1,0,0,0,1524.48555,-124.4299999998475
259.597229,1,0,0,0,1524.50086,-109.119999999848
259.797226,1,0,0,0,1524.50048,-109.50000000002547
259.997224,1,0,0,0,1524.49311,-116.87000000006265
260.197222,1,0,0,0,1524.46004,-149.94000000001506
260.39722,1,0,0,0,1524.4967,-113.28000000003158
260.597218,1,0,0,0,1524.45419,-155.79000000002452
260.797216,1,0,0,0,1524.4727,-137.2799999999188
260.997214,1,0,0,0,1524.5173,-92.679999999973
261.197212,1,0,0,0,1524.57418,-35.79999999988104
261.397209,1,0,0,0,1524.62087,10.890000000017608
261.597207,1,0,0,0,1524.66037,50.39000000010674
261.797205,1,0,0,0,1524.64695,36.9700000001103
261.997203,1,0,0,0,1524.65243,42.45000000014443
262.197201,1,0,0,0,1524.66604,56.060000000115906
262.397199,1,0,0,0,1524.69628,86.29999999993743
262.597197,1,0,0,0,1524.70365,93.6699999999746
262.797194,1,0,0,0,1524.70876,98.7800000000334
262.997192,1,0,0,0,1524.73201,122.0299999999952
263.19719,1,0,0,0,1524.72275,112.76999999995496
263.397188,1,0,0,0,1524.70536,95.37999999997737
263.597186,1,0,0,0,1524.72029,110.31000000002678
263.797184,1,0,0,0,1524.70309,93.11000000002423
263.997182,1,0,0,0,1524.66415,54.17000000011285
264.19718,1,0,0,0,1524.62578,15.800000000126602
264.397177,1,0,0,0,1524.62521,15.229999999974098
264.597175,1,0,0,0,1524.6857,75.72000000004664
264.797173,1,0,0,0,1524.57456,-35.41999999993095
264.997171,1,0,0,0,1524.59781,-12.16999999996915
265.197169,1,0,0,0,1524.52826,-81.71999999990476
265.397167,1,0,0,0,1524.41356,-196.41999999998916
265.597165,1,0,0,0,1524.37124,-238.74000000000706
265.797163,1,0,0,0,1524.32722,-282.76000000005297
265.99716,1,0,0,0,1524.32911,-280.8700000000499
266.197158,1,0,0,0,1524.3327,-277.28000000001884
266.397156,1,0,0,0,1524.3293,-280.6799999998475
266.597154,1,0,0,0,1524.33289,-277.0900000000438
266.797152,1,0,0,0,1524.331,-278.98000000004686
266.99715,1,0,0,0,1524.33289,-277.0900000000438
267.197148,1,0,0,0,1524.3327,-277.28000000001884
267.397146,1,0,0,0,1524.33118,-278.80000000004657
267.597143,1,0,0,0,1524.3327,-277.28000000001884
267.797141,1,0,0,0,1524.3327,-277.28000000001884
267.997139,1,0,0,0,1524.33288,-277.10000000001855
268.197137,1,0,0,0,1524.33458,-275.39999999999054
268.397135,1,0,0,0,1524.3327,-277.28000000001884
268.597133,1,0,0,0,1524.331,-278.98000000004686
268.797131,1,0,0,0,1524.331,-278.98000000004686
268.997128,1,0,0,0,1524.3327,-277.28000000001884
269.197126,1,0,0,0,1524.32948,-280.4999999998472
269.397124,1,0,0,0,1524.331,-278.98000000004686
269.597122,1,0,0,0,1524.331,-278.98000000004686
269.79712,1,0,0,0,1524.33119,-278.78999999984444
269.997118,1,0,0,0,1524.32911,-280.8700000000499
270.197116,1,0,0,0,1524.33081,-279.1700000000219
270.397114,1,0,0,0,1524.33119,-278.78999999984444
270.597111,1,0,0,0,1524.33119,-278.78999999984444
270.79711,1,0,0,0,1524.33081,-279.1700000000219
270.997107,1,0,0,0,1524.33081,-279.1700000000219
271.197105,1,0,0,0,1524.3293,-280.6799999998475
271.397103,1,0,0,0,1524.3293,-280.6799999998475
271.597101,1,0,0,0,1524.331,-278.98000000004686
271.797099,1,0,0,0,1524.32911,-280.8700000000499
271.997097,1,0,0,0,1524.33289,-277.0900000000438
272.197095,1,0,0,0,1524.3327,-277.28000000001884
272.397092,1,0,0,0,1524.331,-278.98000000004686
272.59709,1,0,0,0,1524.3276,-282.3799999998755
272.797088,1,0,0,0,1524.32892,-281.06000000002496
272.997086,1,0,0,0,1524.331,-278.98000000004686
273.197084,1,0,0,0,1524.32911,-280.8700000000499
273.397082,1,0,0,0,1524.3327,-277.28000000001884
273.59708,1,0,0,0,1524.33081,-279.1700000000219
273.797077,1,0,0,0,1524.3293,-280.6799999998475
273.997075,1,0,0,0,1524.331,-278.98000000004686
274.197073,1,0,0,0,1524.32911,-280.8700000000499
274.397071,1,0,0,0,1524.3293,-280.6799999998475
274.597069,1,0,0,0,1524.3327,-277.28000000001884
274.797067,1,0,0,0,1524.3293,-280.6799999998475
274.997065,1,0,0,0,1524.33081,-279.1700000000219
275.197062,1,0,0,0,1524.32722,-282.76000000005297
275.39706,1,0,0,0,1524.3293,-280.6799999998475
275.597058,1,0,0,0,1524.3293,-280.6799999998475
275.797056,1,0,0,0,1524.32911,-280.8700000000499
275.997054,1,0,0,0,1524.32911,-280.8700000000499
276.197052,1,0,0,0,1524.331,-278.98000000004686
276.39705,1,0,0,0,1524.3293,-280.6799999998475
276.597048,1,0,0,0,1524.3293,-280.6799999998475
276.797045,1,0,0,0,1524.3293,-280.6799999998475
276.997043,1,0,0,0,1524.3293,-280.6799999998475
277.197041,1,0,0,0,1524.3293,-280.6799999998475
277.397039,1,0,0,0,1524.331,-278.98000000004686
277.597037,1,0,0,0,1524.331,-278.98000000004686
277.797035,1,0,0,0,1524.331,-278.98000000004686
277.997033,1,0,0,0,1524.331,-278.98000000004686
278.197031,1,0,0,0,1524.32911,-280.8700000000499
278.397028,1,0,0,0,1524.3293,-280.6799999998475
278.597026,1,0,0,0,1524.3327,-277.28000000001884
278.797024,1,0,0,0,1524.3293,-280.6799999998475
278.997022,1,0,0,0,1524.32892,-281.06000000002496
279.19702,1,0,0,0,1524.331,-278.98000000004686
279.397018,1,0,0,0,1524.3293,-280.6799999998475
279.597016,1,0,0,0,1524.331,-278.98000000004686
279.797014,1,0,0,0,1524.331,-278.98000000004686
279.997011,1,0,0,0,1524.32911,-280.8700000000499
280.197009,1,0,0,0,1524.331,-278.98000000004686
280.397007,1,0,0,0,1524.331,-278.98000000004686
280.597005,1,0,0,0,1524.33081,-279.1700000000219
280.797003,1,0,0,0,1524.33289,-277.0900000000438
280.997001,1,0,0,0,1524.33101,-278.96999999984473
281.196999,1,0,0,0,1524.33082,-279.16000000004715
281.396997,1,0,0,0,1524.33101,-278.96999999984473
281.596994,1,0,0,0,1524.33271,-277.2700000000441
281.796993,1,0,0,0,1524.32911,-280.8700000000499
281.99699,1,0,0,0,1524.3293,-280.6799999998475
282.196988,1,0,0,0,1524.331,-278.98000000004686
282.396986,1,0,0,0,1524.331,-278.98000000004686
282.596984,1,0,0,0,1524.33081,-279.1700000000219
282.796982,1,0,0,0,1524.33119,-278.78999999984444
282.996979,1,0,0,0,1524.32911,-280.8700000000499
283.196977,1,0,0,0,1524.331,-278.98000000004686
283.396975,1,0,0,0,1524.33119,-278.78999999984444
283.596973,1,0,0,0,1524.33119,-278.78999999984444
283.796971,1,0,0,0,1524.3293,-280.6799999998475
283.996969,1,0,0,0,1524.3293,-280.6799999998475
284.196967,1,0,0,0,1524.33289,-277.0900000000438
284.396965,1,0,0,0,1524.33101,-278.96999999984473
284.596963,1,0,0,0,1524.33101,-278.96999999984473
284.79696,1,0,0,0,1524.33101,-278.96999999984473
284.996958,1,0,0,0,1524.3293,-280.6799999998475
285.196956,1,0,0,0,1524.33101,-278.96999999984473
285.396954,1,0,0,0,1524.33101,-278.96999999984473
285.596952,1,0,0,0,1524.32911,-280.8700000000499
285.79695,1,0,0,0,1524.3293,-280.6799999998475
285.996948,1,0,0,0,1524.32911,-280.8700000000499
286.196946,1,0,0,0,1524.33119,-278.78999999984444
286.396944,1,0,0,0,1524.33119,-278.78999999984444
286.596941,1,0,0,0,1524.32911,-280.8700000000499
286.796939,1,0,0,0,1524.33081,-279.1700000000219
286.996937,1,0,0,0,1524.331,-278.98000000004686
287.196935,1,0,0,0,1524.33289,-277.0900000000438
287.396933,1,0,0,0,1524.331,-278.98000000004686
287.596931,1,0,0,0,1524.331,-278.98000000004686
287.796929,1,0,0,0,1524.32892,-281.06000000002496
287.996926,1,0,0,0,1524.3293,-280.6799999998475
288.196924,1,0,0,0,1524.3293,-280.6799999998475
288.396922,1,0,0,0,1524.3293,-280.6799999998475
288.59692,1,0,0,0,1524.32723,-282.74999999985084
288.796918,1,0,0,0,1524.3293,-280.6799999998475
288.996916,1,0,0,0,1524.3293,-280.6799999998475
289.196914,1,0,0,0,1524.32911,-280.8700000000499
289.396911,1,0,0,0,1524.33119,-278.78999999984444
289.596909,1,0,0,0,1524.32911,-280.8700000000499
289.796907,1,0,0,0,1524.3293,-280.6799999998475
289.996905,1,0,0,0,1524.32911,-280.8700000000499
290.196903,1,0,0,0,1524.3293,-280.6799999998475
290.396901,1,0,0,0,1524.32911,-280.8700000000499
290.596899,1,0,0,0,1524.32911,-280.8700000000499
290.796897,1,0,0,0,1524.33101,-278.96999999984473
290.996895,1,0,0,0,1524.33271,-277.2700000000441
291.196893,1,0,0,0,1524.33082,-279.16000000004715
291.39689,1,0,0,0,1524.32911,-280.8700000000499
291.596888,1,0,0,0,1524.33082,-279.16000000004715
291.796886,1,0,0,0,1524.32723,-282.74999999985084
291.996884,1,0,0,0,1524.3293,-280.6799999998475
292.196882,1,0,0,0,1524.33119,-278.78999999984444
292.39688,1,0,0,0,1524.33138,-278.5999999998694
292.596878,1,0,0,0,1524.331,-278.98000000004686
292.796875,1,0,0,0,1524.32911,-280.8700000000499
292.996873,1,0,0,0,1524.33289,-277.0900000000438
293.196871,1,0,0,0,1524.3293,-280.6799999998475
293.396869,1,0,0,0,1524.33081,-279.1700000000219
293.596867,1,0,0,0,1524.331,-278.98000000004686
293.796865,1,0,0,0,1524.33289,-277.0900000000438
293.996863,1,0,0,0,1524.331,-278.98000000004686
294.196861,1,0,0,0,1524.32723,-282.74999999985084
294.396858,1,0,0,0,1524.33082,-279.16000000004715
294.596856,1,0,0,0,1524.33119,-278.78999999984444
294.796854,1,0,0,0,1524.33119,-278.78999999984444
294.996852,1,0,0,0,1524.3293,-280.6799999998475
295.19685,1,0,0,0,1524.32911,-280.8700000000499
295.396848,1,0,0,0,1524.331,-278.98000000004686
295.596846,1,0,0,0,1524.32722,-282.76000000005297
295.796844,1,0,0,0,1524.3293,-280.6799999998475
295.996841,1,0,0,0,1524.32723,-282.74999999985084
296.196839,1,0,0,0,1524.32911,-280.8700000000499
296.396837,1,0,0,0,1524.32911,-280.8700000000499
296.596835,1,0,0,0,1524.32893,-281.0500000000502
296.796833,1,0,0,0,1524.32893,-281.0500000000502
296.996831,1,0,0,0,1524.32742,-282.5599999998758
297.196829,1,0,0,0,1524.33101,-278.96999999984473
297.396827,1,0,0,0,1524.32741,-282.56999999985055
297.596824,1,0,0,0,1524.3293,-280.6799999998475
297.796822,1,0,0,0,1524.33101,-278.96999999984473
297.99682,1,0,0,0,1524.32704,-282.94000000005326
298.196818,1,0,0,0,1524.32912,-280.8599999998478
298.396816,1,0,0,0,1524.32912,-280.8599999998478
298.596814,1,0,0,0,1524.33101,-278.96999999984473
298.796812,1,0,0,0,1524.32931,-280.66999999987274
298.996809,1,0,0,0,1524.32912,-280.8599999998478
299.196807,1,0,0,0,1524.33101,-278.96999999984473
299.396805,1,0,0,0,1524.32742,-282.5599999998758
299.596803,1,0,0,0,1524.32723,-282.74999999985084
299.796801,1,0,0,0,1524.32723,-282.74999999985084
299.996799,1,0,0,0,1524.33101,-278.96999999984473
300.196797,1,0,0,0,1524.33101,-278.96999999984473
300.396795,1,0,0,0,1524.32912,-280.8599999998478
300.596792,1,0,0,0,1524.32931,-280.66999999987274
300.79679,1,0,0,0,1524.32931,-280.66999999987274
300.996788,1,0,0,0,1524.32931,-280.66999999987274
301.196786,1,0,0,0,1524.32742,-282.5599999998758
301.396784,1,0,0,0,1524.32912,-280.8599999998478
301.596782,1,0,0,0,1524.32723,-282.74999999985084
301.79678,1,0,0,0,1524.3312,-278.7799999998697
301.996778,1,0,0,0,1524.32931,-280.66999999987274
302.196775,1,0,0,0,1524.33101,-278.96999999984473
302.396773,1,0,0,0,1524.33101,-278.96999999984473
302.596771,1,0,0,0,1524.33119,-278.78999999984444
302.796769,1,0,0,0,1524.33082,-279.16000000004715
302.996767,1,0,0,0,1524.32704,-282.94000000005326
303.196765,1,0,0,0,1524.32911,-280.8700000000499
303.396763,1,0,0,0,1524.32911,-280.8700000000499
303.596761,1,0,0,0,1524.32893,-281.0500000000502
303.796758,1,0,0,0,1524.3293,-280.6799999998475
303.996756,1,0,0,0,1524.3259,-284.0799999999035
304.196754,1,0,0,0,1524.33271,-277.2700000000441
304.396752,1,0,0,0,1524.32911,-280.8700000000499
304.59675,1,0,0,0,1524.33101,-278.96999999984473
304.796748,1,0,0,0,1524.32911,-280.8700000000499
304.996746,1,0,0,0,1524.33082,-279.16000000004715
305.196743,1,0,0,0,1524.32911,-280.8700000000499
305.396741,1,0,0,0,1524.3293,-280.6799999998475
305.596739,1,0,0,0,1524.33101,-278.96999999984473
305.796737,1,0,0,0,1524.32931,-280.66999999987274
305.996735,1,0,0,0,1524.32742,-282.5599999998758
306.196733,1,0,0,0,1524.32912,-280.8599999998478
306.396731,1,0,0,0,1524.3312,-278.7799999998697
306.596729,1,0,0,0,1524.32742,-282.5599999998758
306.796727,1,0,0,0,1524.33101,-278.96999999984473
306.996724,1,0,0,0,1524.32931,-280.66999999987274
307.196722,1,0,0,0,1524.32912,-280.8599999998478
307.39672,1,0,0,0,1524.32931,-280.66999999987274
307.596718,1,0,0,0,1524.3312,-278.7799999998697
307.796716,1,0,0,0,1524.32553,-284.44999999987886
307.996714,1,0,0,0,1524.32742,-282.5599999998758
308.196712,1,0,0,0,1524.32912,-280.8599999998478
308.39671,1,0,0,0,1524.32912,-280.8599999998478
308.596707,1,0,0,0,1524.32912,-280.8599999998478
308.796705,1,0,0,0,1524.32893,-281.0500000000502
308.996703,1,0,0,0,1524.33101,-278.96999999984473
309.196701,1,0,0,0,1524.3293,-280.6799999998475
309.396699,1,0,0,0,1524.3293,-280.6799999998475
309.596697,1,0,0,0,1524.32723,-282.74999999985084
309.796695,1,0,0,0,1524.32912,-280.8599999998478
309.996692,1,0,0,0,1524.33101,-278.96999999984473
310.19669,1,0,0,0,1524.32912,-280.8599999998478
310.396688,1,0,0,0,1524.32723,-282.74999999985084
310.596686,1,0,0,0,1524.33082,-279.16000000004715
310.796684,1,0,0,0,1524.32931,-280.66999999987274
310.996682,1,0,0,0,1524.33101,-278.96999999984473
311.19668,1,0,0,0,1524.32723,-282.74999999985084
311.396678,1,0,0,0,1524.33101,-278.96999999984473
311.596675,1,0,0,0,1524.33082,-279.16000000004715
311.796673,1,0,0,0,1524.32911,-280.8700000000499
311.996671,1,0,0,0,1524.3293,-280.6799999998475
312.196669,1,0,0,0,1524.32572,-284.2599999999038
312.396667,1,0,0,0,1524.33101,-278.96999999984473
312.596665,1,0,0,0,1524.32912,-280.8599999998478
312.796663,1,0,0,0,1524.32742,-282.5599999998758
312.996661,1,0,0,0,1524.32723,-282.74999999985084
313.196658,1,0,0,0,1524.32912,-280.8599999998478
313.396656,1,0,0,0,1524.32761,-282.36999999990076
313.596654,1,0,0,0,1524.32912,-280.8599999998478
313.796652,1,0,0,0,1524.33101,-278.96999999984473
313.99665,1,0,0,0,1524.32912,-280.8599999998478
314.196648,1,0,0,0,1524.32723,-282.74999999985084
314.396646,1,0,0,0,1524.32931,-280.66999999987274
314.596644,1,0,0,0,1524.32912,-280.8599999998478
314.796641,1,0,0,0,1524.32912,-280.8599999998478
314.996639,1,0,0,0,1524.32912,-280.8599999998478
315.196637,1,0,0,0,1524.32723,-282.74999999985084
315.396635,1,0,0,0,1524.32723,-282.74999999985084
315.596633,1,0,0,0,1524.32742,-282.5599999998758
315.796631,1,0,0,0,1524.32893,-281.0500000000502
315.996629,1,0,0,0,1524.32742,-282.5599999998758
316.196627,1,0,0,0,1524.32742,-282.5599999998758
316.396624,1,0,0,0,1524.33101,-278.96999999984473
316.596622,1,0,0,0,1524.32931,-280.66999999987274
316.79662,1,0,0,0,1524.3312,-278.7799999998697
316.996618,1,0,0,0,1524.3329,-277.0799999998417
317.196616,1,0,0,0,1524.33101,-278.96999999984473
317.396614,1,0,0,0,1524.32912,-280.8599999998478
317.596612,1,0,0,0,1524.33101,-278.96999999984473
317.79661,1,0,0,0,1524.32761,-282.36999999990076
317.996608,1,0,0,0,1524.32931,-280.66999999987274
318.196605,1,0,0,0,1524.33082,-279.16000000004715
318.396603,1,0,0,0,1524.32723,-282.74999999985084
318.596601,1,0,0,0,1524.32723,-282.74999999985084
318.796599,1,0,0,0,1524.33101,-278.96999999984473
318.996597,1,0,0,0,1524.32893,-281.0500000000502
319.196595,1,0,0,0,1524.32931,-280.66999999987274
319.396593,1,0,0,0,1524.32912,-280.8599999998478
319.596591,1,0,0,0,1524.32931,-280.66999999987274
319.796588,1,0,0,0,1524.3312,-278.7799999998697
319.996586,1,0,0,0,1524.32912,-280.8599999998478
320.196584,1,0,0,0,1524.32912,-280.8599999998478
320.396582,1,0,0,0,1524.32931,-280.66999999987274
320.59658,1,0,0,0,1524.32912,-280.8599999998478
320.796578,1,0,0,0,1524.32912,-280.8599999998478
320.996576,1,0,0,0,1524.32912,-280.8599999998478
321.196573,1,0,0,0,1524.32912,-280.8599999998478
321.396571,1,0,0,0,1524.32931,-280.66999999987274
321.596569,1,0,0,0,1524.32723,-282.74999999985084
321.796567,1,0,0,0,1524.32912,-280.8599999998478
321.996565,1,0,0,0,1524.3312,-278.7799999998697
322.196563,1,0,0,0,1524.32912,-280.8599999998478
322.396561,1,0,0,0,1524.32931,-280.66999999987274
322.596559,1,0,0,0,1524.32893,-281.0500000000502
322.796556,1,0,0,0,1524.32931,-280.66999999987274
322.996554,1,0,0,0,1524.32704,-282.94000000005326
323.196553,1,0,0,0,1524.32912,-280.8599999998478
323.39655,1,0,0,0,1524.32912,-280.8599999998478
323.596548,1,0,0,0,1524.32931,-280.66999999987274
323.796546,1,0,0,0,1524.32912,-280.8599999998478
323.996544,1,0,0,0,1524.32912,-280.8599999998478
324.196542,1,0,0,0,1524.32723,-282.74999999985084
324.39654,1,0,0,0,1524.32761,-282.36999999990076
324.596537,1,0,0,0,1524.32912,-280.8599999998478
324.796535,1,0,0,0,1524.32931,-280.66999999987274
324.996533,1,0,0,0,1524.33082,-279.16000000004715
325.196531,1,0,0,0,1524.32912,-280.8599999998478
325.396529,1,0,0,0,1524.32893,-281.0500000000502
325.596527,1,0,0,0,1524.32893,-281.0500000000502
325.796525,1,0,0,0,1524.33082,-279.16000000004715
325.996522,1,0,0,0,1524.33082,-279.16000000004715
326.19652,1,0,0,0,1524.32912,-280.8599999998478
326.396518,1,0,0,0,1524.32742,-282.5599999998758
326.596516,1,0,0,0,1524.32534,-284.6399999998539
326.796514,1,0,0,0,1524.32912,-280.8599999998478
326.996512,1,0,0,0,1524.32893,-281.0500000000502
327.19651,1,0,0,0,1524.32893,-281.0500000000502
327.396508,1,0,0,0,1524.32931,-280.66999999987274
327.596506,1,0,0,0,1524.32723,-282.74999999985084
327.796503,1,0,0,0,1524.32893,-281.0500000000502
327.996501,1,0,0,0,1524.33271,-277.2700000000441
328.196499,1,0,0,0,1524.32912,-280.8599999998478
328.396497,1,0,0,0,1524.32704,-282.94000000005326
328.596495,1,0,0,0,1524.32723,-282.74999999985084
328.796493,1,0,0,0,1524.33101,-278.96999999984473
328.996491,1,0,0,0,1524.32723,-282.74999999985084
329.196488,1,0,0,0,1524.32742,-282.5599999998758
329.396486,1,0,0,0,1524.32723,-282.74999999985084
329.596484,1,0,0,0,1524.32723,-282.74999999985084
329.796482,1,0,0,0,1524.32893,-281.0500000000502
329.99648,1,0,0,0,1524.32912,-280.8599999998478
330.196478,1,0,0,0,1524.32893,-281.0500000000502
330.396476,1,0,0,0,1524.32931,-280.66999999987274
330.596474,1,0,0,0,1524.32534,-284.6399999998539
330.796471,1,0,0,0,1524.32742,-282.5599999998758
330.996469,1,0,0,0,1524.32742,-282.5599999998758
331.196467,1,0,0,0,1524.32724,-282.7399999998761
331.396465,1,0,0,0,1524.32912,-280.8599999998478
331.596463,1,0,0,0,1524.32724,-282.7399999998761
331.796461,1,0,0,0,1524.32705,-282.92999999985113
331.996459,1,0,0,0,1524.32554,-284.4399999999041
332.196456,1,0,0,0,1524.32742,-282.5599999998758
332.396454,1,0,0,0,1524.32742,-282.5599999998758
332.596452,1,0,0,0,1524.32912,-280.8599999998478
332.79645,1,0,0,0,1524.32724,-282.7399999998761
332.996448,1,0,0,0,1524.32894,-281.0399999998481
333.196446,1,0,0,0,1524.32742,-282.5599999998758
333.396444,1,0,0,0,1524.32931,-280.66999999987274
333.596442,1,0,0,0,1524.32724,-282.7399999998761
333.796439,1,0,0,0,1524.32705,-282.92999999985113
333.996438,1,0,0,0,1524.32894,-281.0399999998481
334.196435,1,0,0,0,1524.32705,-282.92999999985113
334.396433,1,0,0,0,1524.32553,-284.44999999987886
334.596431,1,0,0,0,1524.32723,-282.74999999985084
334.796429,1,0,0,0,1524.32912,-280.8599999998478
334.996427,1,0,0,0,1524.32912,-280.8599999998478
335.196425,1,0,0,0,1524.32724,-282.7399999998761
335.396423,1,0,0,0,1524.32724,-282.7399999998761
335.59642,1,0,0,0,1524.33101,-278.96999999984473
335.796418,1,0,0,0,1524.32742,-282.5599999998758
335.996416,1,0,0,0,1524.32724,-282.7399999998761
336.196414,1,0,0,0,1524.32724,-282.7399999998761
336.396412,1,0,0,0,1524.32554,-284.4399999999041
336.59641,1,0,0,0,1524.32724,-282.7399999998761
336.796408,1,0,0,0,1524.32724,-282.7399999998761
336.996406,1,0,0,0,1524.32572,-284.2599999999038
337.196404,1,0,0,0,1524.32931,-280.66999999987274
337.396401,1,0,0,0,1524.32554,-284.4399999999041
337.596399,1,0,0,0,1524.32724,-282.7399999998761
337.796397,1,0,0,0,1524.32742,-282.5599999998758
337.996395,1,0,0,0,1524.32572,-284.2599999999038
338.196393,1,0,0,0,1524.33101,-278.96999999984473
338.396391,1,0,0,0,1524.32913,-280.84999999987303
338.596389,1,0,0,0,1524.33083,-279.149999999845
338.796386,1,0,0,0,1524.32743,-282.54999999990105
338.996384,1,0,0,0,1524.32724,-282.7399999998761
339.196382,1,0,0,0,1524.32554,-284.4399999999041
339.39638,1,0,0,0,1524.32724,-282.7399999998761
339.596378,1,0,0,0,1524.32743,-282.54999999990105
339.796376,1,0,0,0,1524.32913,-280.84999999987303
339.996374,1,0,0,0,1524.32535,-284.62999999987915
340.196372,1,0,0,0,1524.32724,-282.7399999998761
340.396369,1,0,0,0,1524.32743,-282.54999999990105
340.596367,1,0,0,0,1524.32913,-280.84999999987303
340.796365,1,0,0,0,1524.32705,-282.92999999985113
340.996363,1,0,0,0,1524.32913,-280.84999999987303
341.196361,1,0,0,0,1524.32705,-282.92999999985113
341.396359,1,0,0,0,1524.32573,-284.24999999992906
341.596357,1,0,0,0,1524.32894,-281.0399999998481
341.796355,1,0,0,0,1524.32724,-282.7399999998761
341.996352,1,0,0,0,1524.32705,-282.92999999985113
342.19635,1,0,0,0,1524.32743,-282.54999999990105
342.396348,1,0,0,0,1524.32724,-282.7399999998761
342.596346,1,0,0,0,1524.32894,-281.0399999998481
342.796344,1,0,0,0,1524.32724,-282.7399999998761
342.996342,1,0,0,0,1524.32724,-282.7399999998761
343.19634,1,0,0,0,1524.32724,-282.7399999998761
343.396338,1,0,0,0,1524.32913,-280.84999999987303
343.596335,1,0,0,0,1524.32743,-282.54999999990105
343.796333,1,0,0,0,1524.32894,-281.0399999998481
343.996331,1,0,0,0,1524.32913,-280.84999999987303
344.196329,1,0,0,0,1524.32724,-282.7399999998761
344.396327,1,0,0,0,1524.32573,-284.24999999992906
344.596325,1,0,0,0,1524.32573,-284.24999999992906
344.796323,1,0,0,0,1524.32554,-284.4399999999041
344.996321,1,0,0,0,1524.32913,-280.84999999987303
345.196318,1,0,0,0,1524.32535,-284.62999999987915
345.396316,1,0,0,0,1524.32554,-284.4399999999041
345.596314,1,0,0,0,1524.32573,-284.24999999992906
345.796312,1,0,0,0,1524.32724,-282.7399999998761
345.99631,1,0,0,0,1524.32724,-282.7399999998761
346.196308,1,0,0,0,1524.32554,-284.4399999999041
346.396306,1,0,0,0,1524.32894,-281.0399999998481
346.596304,1,0,0,0,1524.32384,-286.1399999999321
346.796302,1,0,0,0,1524.32913,-280.84999999987303
346.9963,1,0,0,0,1524.32724,-282.7399999998761
347.196297,1,0,0,0,1524.32705,-282.92999999985113
347.396295,1,0,0,0,1524.32554,-284.4399999999041
347.596293,1,0,0,0,1524.32913,-280.84999999987303
347.796291,1,0,0,0,1524.32894,-281.0399999998481
347.996289,1,0,0,0,1524.32724,-282.7399999998761
348.196286,1,0,0,0,1524.32894,-281.0399999998481
348.396285,1,0,0,0,1524.32706,-282.9199999998764
348.596282,1,0,0,0,1524.32724,-282.7399999998761
348.79628,1,0,0,0,1524.32743,-282.54999999990105
348.996278,1,0,0,0,1524.32743,-282.54999999990105
349.196276,1,0,0,0,1524.32724,-282.7399999998761
349.396274,1,0,0,0,1524.32743,-282.54999999990105
349.596272,1,0,0,0,1524.32743,-282.54999999990105
349.79627,1,0,0,0,1524.32913,-280.84999999987303
349.996268,1,0,0,0,1524.32894,-281.0399999998481
350.196265,1,0,0,0,1524.32724,-282.7399999998761
350.396263,1,0,0,0,1524.32724,-282.7399999998761
350.596261,1,0,0,0,1524.32744,-282.5399999999263
350.796259,1,0,0,0,1524.32744,-282.5399999999263
350.996257,1,0,0,0,1524.32914,-280.8399999998983
351.196255,1,0,0,0,1524.32574,-284.2399999999543
351.396253,1,0,0,0,1524.32574,-284.2399999999543
351.596251,1,0,0,0,1524.32744,-282.5399999999263
351.796248,1,0,0,0,1524.32744,-282.5399999999263
351.996246,1,0,0,0,1524.32932,-280.659999999898
352.196244,1,0,0,0,1524.32725,-282.72999999990134
352.396242,1,0,0,0,1524.32574,-284.2399999999543
352.59624,1,0,0,0,1524.32574,-284.2399999999543
352.796238,1,0,0,0,1524.32725,-282.72999999990134
352.996236,1,0,0,0,1524.32744,-282.5399999999263
353.196234,1,0,0,0,1524.32725,-282.72999999990134
353.396232,1,0,0,0,1524.32744,-282.5399999999263
353.596229,1,0,0,0,1524.32725,-282.72999999990134
353.796227,1,0,0,0,1524.32725,-282.72999999990134
353.996225,1,0,0,0,1524.32913,-280.84999999987303
354.196223,1,0,0,0,1524.32913,-280.84999999987303
354.396221,1,0,0,0,1524.32706,-282.9199999998764
354.596219,1,0,0,0,1524.32913,-280.84999999987303
354.796217,1,0,0,0,1524.32724,-282.7399999998761
354.996214,1,0,0,0,1524.32554,-284.4399999999041
355.196212,1,0,0,0,1524.32913,-280.84999999987303
355.39621,1,0,0,0,1524.32762,-282.359999999926
355.596208,1,0,0,0,1524.32894,-281.0399999998481
355.796206,1,0,0,0,1524.32932,-280.659999999898
355.996204,1,0,0,0,1524.32724,-282.7399999998761
356.196202,1,0,0,0,1524.32913,-280.84999999987303
356.396199,1,0,0,0,1524.32725,-282.72999999990134
356.596197,1,0,0,0,1524.32744,-282.5399999999263
356.796195,1,0,0,0,1524.32744,-282.5399999999263
356.996193,1,0,0,0,1524.32932,-280.659999999898
357.196191,1,0,0,0,1524.32725,-282.72999999990134
357.396189,1,0,0,0,1524.32574,-284.2399999999543
357.596187,1,0,0,0,1524.32725,-282.72999999990134
357.796185,1,0,0,0,1524.32555,-284.42999999992935
357.996182,1,0,0,0,1524.32744,-282.5399999999263
358.19618,1,0,0,0,1524.32744,-282.5399999999263
358.396178,1,0,0,0,1524.32706,-282.9199999998764
358.596176,1,0,0,0,1524.32725,-282.72999999990134
358.796174,1,0,0,0,1524.32895,-281.0299999998733
358.996172,1,0,0,0,1524.32744,-282.5399999999263
359.19617,1,0,0,0,1524.32555,-284.42999999992935
359.396168,1,0,0,0,1524.32725,-282.72999999990134
359.596165,1,0,0,0,1524.32725,-282.72999999990134
359.796163,1,0,0,0,1524.32744,-282.5399999999263
359.996161,1,0,0,0,1524.32555,-284.42999999992935
360.196159,1,0,0,0,1524.32536,-284.6199999999044
360.396157,1,0,0,0,1524.32725,-282.72999999990134
360.596155,1,0,0,0,1524.32725,-282.72999999990134
360.796153,1,0,0,0,1524.32574,-284.2399999999543
360.99615,1,0,0,0,1524.32725,-282.72999999990134
361.196149,1,0,0,0,1524.32895,-281.0299999998733
361.396147,1,0,0,0,1524.32725,-282.72999999990134
361.596144,1,0,0,0,1524.32744,-282.5399999999263
361.796142,1,0,0,0,1524.32744,-282.5399999999263
361.99614,1,0,0,0,1524.32725,-282.72999999990134
362.196138,1,0,0,0,1524.32574,-284.2399999999543
362.396136,1,0,0,0,1524.32914,-280.8399999998983
362.596134,1,0,0,0,1524.32725,-282.72999999990134
362.796131,1,0,0,0,1524.32914,-280.8399999998983
362.99613,1,0,0,0,1524.32574,-284.2399999999543
363.196127,1,0,0,0,1524.32706,-282.9199999998764
363.396125,1,0,0,0,1524.32725,-282.72999999990134
363.596123,1,0,0,0,1524.32555,-284.42999999992935
363.796121,1,0,0,0,1524.32744,-282.5399999999263
363.996119,1,0,0,0,1524.32555,-284.42999999992935
364.196117,1,0,0,0,1524.32744,-282.5399999999263
364.396115,1,0,0,0,1524.32706,-282.9199999998764
364.596112,1,0,0,0,1524.32895,-281.0299999998733
364.79611,1,0,0,0,1524.32744,-282.5399999999263
364.996108,1,0,0,0,1524.32914,-280.8399999998983
365.196106,1,0,0,0,1524.32706,-282.9199999998764
365.396104,1,0,0,0,1524.32725,-282.72999999990134
365.596102,1,0,0,0,1524.32574,-284.2399999999543
365.7961,1,0,0,0,1524.32725,-282.72999999990134
365.996098,1,0,0,0,1524.32725,-282.72999999990134
366.196095,1,0,0,0,1524.32555,-284.42999999992935
366.396093,1,0,0,0,1524.32555,-284.42999999992935
366.596091,1,0,0,0,1524.32725,-282.72999999990134
366.796089,1,0,0,0,1524.32574,-284.2399999999543
366.996087,1,0,0,0,1524.32555,-284.42999999992935
367.196085,1,0,0,0,1524.32725,-282.72999999990134
367.396083,1,0,0,0,1524.32725,-282.72999999990134
367.596081,1,0,0,0,1524.32555,-284.42999999992935
367.796078,1,0,0,0,1524.32725,-282.72999999990134
367.996076,1,0,0,0,1524.32706,-282.9199999998764
368.196074,1,0,0,0,1524.32933,-280.64999999992324
368.396072,1,0,0,0,1524.32536,-284.6199999999044
368.59607,1,0,0,0,1524.32555,-284.42999999992935
368.796068,1,0,0,0,1524.32574,-284.2399999999543
368.996066,1,0,0,0,1524.32555,-284.42999999992935
369.196064,1,0,0,0,1524.32725,-282.72999999990134
369.396061,1,0,0,0,1524.32555,-284.42999999992935
369.596059,1,0,0,0,1524.32725,-282.72999999990134
369.796057,1,0,0,0,1524.32574,-284.2399999999543
369.996055,1,0,0,0,1524.32725,-282.72999999990134
370.196053,1,0,0,0,1524.33084,-279.13999999987027
370.396051,1,0,0,0,1524.32744,-282.5399999999263
370.596049,1,0,0,0,1524.32725,-282.72999999990134
370.796046,1,0,0,0,1524.32895,-281.0299999998733
370.996044,1,0,0,0,1524.32555,-284.42999999992935
371.196042,1,0,0,0,1524.32725,-282.72999999990134
371.39604,1,0,0,0,1524.32725,-282.72999999990134
371.596038,1,0,0,0,1524.32706,-282.9199999998764
371.796036,1,0,0,0,1524.32706,-282.9199999998764
371.996034,1,0,0,0,1524.32914,-280.8399999998983
372.196032,1,0,0,0,1524.32555,-284.42999999992935
372.396029,1,0,0,0,1524.32725,-282.72999999990134
372.596027,1,0,0,0,1524.32555,-284.42999999992935
372.796025,1,0,0,0,1524.32744,-282.5399999999263
372.996023,1,0,0,0,1524.32895,-281.0299999998733
373.196021,1,0,0,0,1524.32725,-282.72999999990134
373.396019,1,0,0,0,1524.32744,-282.5399999999263
373.596017,1,0,0,0,1524.32574,-284.2399999999543
373.796015,1,0,0,0,1524.32555,-284.42999999992935
373.996013,1,0,0,0,1524.32706,-282.9199999998764
374.19601,1,0,0,0,1524.32574,-284.2399999999543
374.396008,1,0,0,0,1524.32725,-282.72999999990134
374.596006,1,0,0,0,1524.32725,-282.72999999990134
374.796004,1,0,0,0,1524.32725,-282.72999999990134
374.996002,1,0,0,0,1524.32914,-280.8399999998983
375.196,1,0,0,0,1524.32555,-284.42999999992935
375.395998,1,0,0,0,1524.32725,-282.72999999990134
375.595996,1,0,0,0,1524.32707,-282.90999999990163
375.795993,1,0,0,0,1524.32725,-282.72999999990134
375.995991,1,0,0,0,1524.32725,-282.72999999990134
376.195989,1,0,0,0,1524.32725,-282.72999999990134
376.395987,1,0,0,0,1524.32725,-282.72999999990134
376.595985,1,0,0,0,1524.32725,-282.72999999990134
376.795983,1,0,0,0,1524.32574,-284.2399999999543
376.995981,1,0,0,0,1524.32555,-284.42999999992935
377.195979,1,0,0,0,1524.32593,-284.04999999997926
377.395976,1,0,0,0,1524.32725,-282.72999999990134
377.595974,1,0,0,0,1524.32555,-284.42999999992935
377.795972,1,0,0,0,1524.32744,-282.5399999999263
377.99597,1,0,0,0,1524.32744,-282.5399999999263
378.195968,1,0,0,0,1524.32744,-282.5399999999263
378.395966,1,0,0,0,1524.32896,-281.0199999998986
378.595964,1,0,0,0,1524.32914,-280.8399999998983
378.795962,1,0,0,0,1524.32725,-282.72999999990134
378.99596,1,0,0,0,1524.32574,-284.2399999999543
379.195957,1,0,0,0,1524.32707,-282.90999999990163
379.395955,1,0,0,0,1524.32725,-282.72999999990134
379.595953,1,0,0,0,1524.33084,-279.13999999987027
379.795951,1,0,0,0,1524.32744,-282.5399999999263
379.995949,1,0,0,0,1524.32914,-280.8399999998983
380.195947,1,0,0,0,1524.32555,-284.42999999992935
380.395945,1,0,0,0,1524.32725,-282.72999999990134
380.595942,1,0,0,0,1524.32895,-281.0299999998733
380.79594,1,0,0,0,1524.32536,-284.6199999999044
380.995938,1,0,0,0,1524.32914,-280.8399999998983
381.195936,1,0,0,0,1524.32744,-282.5399999999263
381.395934,1,0,0,0,1524.32744,-282.5399999999263
381.595932,1,0,0,0,1524.32707,-282.90999999990163
381.79593,1,0,0,0,1524.32725,-282.72999999990134
381.995928,1,0,0,0,1524.32895,-281.0299999998733
382.195925,1,0,0,0,1524.32744,-282.5399999999263
382.395923,1,0,0,0,1524.32914,-280.8399999998983
382.595921,1,0,0,0,1524.32574,-284.2399999999543
382.795919,1,0,0,0,1524.32725,-282.72999999990134
382.995917,1,0,0,0,1524.32555,-284.42999999992935
383.195915,1,0,0,0,1524.32933,-280.64999999992324
383.395913,1,0,0,0,1524.32706,-282.9199999998764
383.595911,1,0,0,0,1524.32744,-282.5399999999263
383.795908,1,0,0,0,1524.32725,-282.72999999990134
383.995906,1,0,0,0,1524.32725,-282.72999999990134
384.195904,1,0,0,0,1524.32158,-288.3999999999105
384.395902,1,0,0,0,1524.32555,-284.42999999992935
384.5959,1,0,0,0,1524.32177,-288.20999999993546
384.795898,1,0,0,0,1524.32007,-289.9099999999635
384.995896,1,0,0,0,1524.32177,-288.20999999993546
385.195894,1,0,0,0,1524.32725,-282.72999999990134
385.395892,1,0,0,0,1524.32933,-280.64999999992324
385.595889,1,0,0,0,1524.32744,-282.5399999999263
385.795887,1,0,0,0,1524.32574,-284.2399999999543
385.995885,1,0,0,0,1524.33481,-275.1699999998891
386.195883,1,0,0,0,1524.32536,-284.6199999999044
386.395881,1,0,0,0,1524.35314,-256.84000000001106
386.595879,1,0,0,0,1524.3401,-269.8800000000574
386.795877,1,0,0,0,1524.41549,-194.48999999985972
386.995875,1,0,0,0,1524.46707,-142.91000000002896
387.195873,1,0,0,0,1524.45422,-155.7599999998729
387.39587,1,0,0,0,1524.44685,-163.12999999991007
387.595868,1,0,0,0,1524.50052,-109.45999999989908
387.795866,1,0,0,0,1524.39508,-214.89999999994325
387.995864,1,0,0,0,1524.46178,-148.19999999986067
388.195862,1,0,0,0,1524.35484,-255.13999999998305
388.39586,1,0,0,0,1524.3641,-245.8799999999428
388.595858,1,0,0,0,1524.5283,-81.68000000000575
388.795856,1,0,0,0,1524.51545,-94.52999999984968
388.995853,1,0,0,0,1524.48748,-122.49999999994543
389.195851,1,0,0,0,1524.47274,-137.2400000000198
389.395849,1,0,0,0,1524.45422,-155.7599999998729
389.595847,1,0,0,0,1524.47501,-134.96999999983927
389.795845,1,0,0,0,1524.34577,-264.21000000004824
389.995843,1,0,0,0,1524.31818,-291.79999999996653
390.195841,1,0,0,0,1524.22316,-386.8199999999433
390.395838,1,0,0,0,1524.25433,-355.6499999999687
390.595836,1,0,0,0,1524.11908,-490.90000000001055
390.795834,1,0,0,0,1524.31271,-297.2700000000259
390.995832,1,0,0,0,1524.40075,-209.22999999993408
391.19583,1,0,0,0,1524.39149,-218.48999999997432
391.395828,1,0,0,0,1524.3879,-222.08000000000538
391.595826,1,0,0,0,1524.30515,-304.8300000000381
391.795824,1,0,0,0,1524.30534,-304.6400000000631
391.995821,1,0,0,0,1524.29646,-313.51999999992586
392.195819,1,0,0,0,1524.29438,-315.59999999990396
392.395817,1,0,0,0,1524.2889,-321.0799999999381
392.595815,1,0,0,0,1524.29438,-315.59999999990396
392.795813,1,0,0,0,1524.30553,-304.44999999986067
392.995811,1,0,0,0,1524.29797,-312.0099999998729
393.195809,1,0,0,0,1524.30174,-308.23999999984153
393.395807,1,0,0,0,1524.31818,-291.79999999996653
393.595804,1,0,0,0,1524.33084,-279.13999999987027
393.795803,1,0,0,0,1524.33481,-275.1699999998891
393.9958,1,0,0,0,1524.32177,-288.20999999993546
394.195798,1,0,0,0,1524.3144,-295.57999999997264
394.395796,1,0,0,0,1524.23562,-374.36000000002423
394.595794,1,0,0,0,1524.17272,-437.2599999999238
394.795792,1,0,0,0,1524.15856,-451.4199999998709
394.99579,1,0,0,0,1524.15988,-450.1000000000204
395.195787,1,0,0,0,1524.16177,-448.2100000000173
395.395785,1,0,0,0,1524.16422,-445.7600000000639
395.595783,1,0,0,0,1524.16233,-447.64999999983957
395.795781,1,0,0,0,1524.16158,-448.39999999999236
395.995779,1,0,0,0,1524.15799,-451.99000000002343
396.195777,1,0,0,0,1524.16101,-448.9699999999175
396.395775,1,0,0,0,1524.15856,-451.4199999998709
396.595773,1,0,0,0,1524.16101,-448.9699999999175
396.79577,1,0,0,0,1524.16233,-447.64999999983957
396.995769,1,0,0,0,1524.16233,-447.64999999983957
397.195766,1,0,0,0,1524.15856,-451.4199999998709
397.395764,1,0,0,0,1524.16101,-448.9699999999175
397.595762,1,0,0,0,1524.16044,-449.5399999998426
397.79576,1,0,0,0,1524.16044,-449.5399999998426
397.995758,1,0,0,0,1524.16158,-448.39999999999236
398.195756,1,0,0,0,1524.16044,-449.5399999998426
398.395754,1,0,0,0,1524.16044,-449.5399999998426
398.595751,1,0,0,0,1524.15685,-453.1299999998737
398.795749,1,0,0,0,1524.16044,-449.5399999998426
398.995747,1,0,0,0,1524.15931,-450.6699999999455
399.195745,1,0,0,0,1524.16044,-449.5399999998426
399.395743,1,0,0,0,1524.16044,-449.5399999998426
399.595741,1,0,0,0,1524.16233,-447.64999999983957
399.795739,1,0,0,0,1524.16233,-447.64999999983957
399.995737,1,0,0,0,1524.16233,-447.64999999983957
400.195735,1,0,0,0,1524.16233,-447.64999999983957
400.395732,1,0,0,0,1524.16101,-448.9699999999175
400.59573,1,0,0,0,1524.16101,-448.9699999999175
400.795728,1,0,0,0,1524.16233,-447.64999999983957
400.995726,1,0,0,0,1524.16177,-448.2100000000173
401.195724,1,0,0,0,1524.16422,-445.7600000000639
401.395722,1,0,0,0,1524.16365,-446.329999999989
401.59572,1,0,0,0,1524.16233,-447.64999999983957
401.795717,1,0,0,0,1524.16233,-447.64999999983957
401.995715,1,0,0,0,1524.1629,-447.07999999991443
402.195713,1,0,0,0,1524.16101,-448.9699999999175
402.395711,1,0,0,0,1524.16101,-448.9699999999175
402.595709,1,0,0,0,1524.16233,-447.64999999983957
402.795707,1,0,0,0,1524.16366,-446.32000000001426
402.995705,1,0,0,0,1524.16366,-446.32000000001426
403.195703,1,0,0,0,1524.16422,-445.7600000000639
403.395701,1,0,0,0,1524.16422,-445.7600000000639
403.595698,1,0,0,0,1524.16233,-447.64999999983957
403.795696,1,0,0,0,1524.1629,-447.07999999991443
403.995694,1,0,0,0,1524.16422,-445.7600000000639
404.195692,1,0,0,0,1524.1629,-447.07999999991443
404.39569,1,0,0,0,1524.16422,-445.7600000000639
404.595688,1,0,0,0,1524.16478,-445.19999999988613
404.795686,1,0,0,0,1524.16233,-447.64999999983957
404.995683,1,0,0,0,1524.16478,-445.19999999988613
405.195681,1,0,0,0,1524.16422,-445.7600000000639
405.395679,1,0,0,0,1524.16592,-444.06000000003587
405.595677,1,0,0,0,1524.16422,-445.7600000000639
405.795675,1,0,0,0,1524.16422,-445.7600000000639
405.995673,1,0,0,0,1524.16422,-445.7600000000639
406.195671,1,0,0,0,1524.16422,-445.7600000000639
406.395669,1,0,0,0,1524.16422,-445.7600000000639
406.595666,1,0,0,0,1524.16478,-445.19999999988613
406.795665,1,0,0,0,1524.16289,-447.0899999998892
406.995662,1,0,0,0,1524.16535,-444.629999999961
407.19566,1,0,0,0,1524.16289,-447.0899999998892
407.395658,1,0,0,0,1524.16592,-444.06000000003587
407.595656,1,0,0,0,1524.16535,-444.629999999961
407.795654,1,0,0,0,1524.16478,-445.19999999988613
407.995652,1,0,0,0,1524.16214,-447.840000000042
408.19565,1,0,0,0,1524.16648,-443.4999999998581
408.395648,1,0,0,0,1524.16422,-445.7600000000639
408.595645,1,0,0,0,1524.16422,-445.7600000000639
408.795643,1,0,0,0,1524.16478,-445.19999999988613
408.995641,1,0,0,0,1524.16592,-444.06000000003587
409.195639,1,0,0,0,1524.16649,-443.48999999988337
409.395637,1,0,0,0,1524.16422,-445.7600000000639
409.595635,1,0,0,0,1524.16422,-445.7600000000639
409.795633,1,0,0,0,1524.16592,-444.06000000003587
409.995631,1,0,0,0,1524.16233,-447.64999999983957
410.195628,1,0,0,0,1524.16535,-444.629999999961
410.395626,1,0,0,0,1524.16422,-445.7600000000639
410.595624,1,0,0,0,1524.16535,-444.629999999961
410.795622,1,0,0,0,1524.16478,-445.19999999988613
410.99562,1,0,0,0,1524.16422,-445.7600000000639
411.195618,1,0,0,0,1524.16422,-445.7600000000639
411.395616,1,0,0,0,1524.16422,-445.7600000000639
411.595613,1,0,0,0,1524.16648,-443.4999999998581
411.795612,1,0,0,0,1524.16422,-445.7600000000639
411.995609,1,0,0,0,1524.16289,-447.0899999998892
412.195607,1,0,0,0,1524.16592,-444.06000000003587
412.395605,1,0,0,0,1524.16422,-445.7600000000639
412.595603,1,0,0,0,1524.16478,-445.19999999988613
412.795601,1,0,0,0,1524.16422,-445.7600000000639
412.995599,1,0,0,0,1524.16422,-445.7600000000639
413.195596,1,0,0,0,1524.16422,-445.7600000000639
413.395594,1,0,0,0,1524.16535,-444.629999999961
413.595592,1,0,0,0,1524.16649,-443.48999999988337
413.79559,1,0,0,0,1524.16592,-444.06000000003587
413.995588,1,0,0,0,1524.16649,-443.48999999988337
414.195586,1,0,0,0,1524.16592,-444.06000000003587
414.395584,1,0,0,0,1524.16422,-445.7600000000639
414.595582,1,0,0,0,1524.16422,-445.7600000000639
414.795579,1,0,0,0,1524.1629,-447.07999999991443
414.995577,1,0,0,0,1524.16365,-446.329999999989
415.195575,1,0,0,0,1524.16365,-446.329999999989
415.395573,1,0,0,0,1524.16592,-444.06000000003587
415.595571,1,0,0,0,1524.16422,-445.7600000000639
415.795569,1,0,0,0,1524.16365,-446.329999999989
415.995567,1,0,0,0,1524.16592,-444.06000000003587
416.195565,1,0,0,0,1524.1629,-447.07999999991443
416.395563,1,0,0,0,1524.1629,-447.07999999991443
416.59556,1,0,0,0,1524.16478,-445.19999999988613
416.795558,1,0,0,0,1524.1629,-447.07999999991443
416.995556,1,0,0,0,1524.16044,-449.5399999998426
417.195554,1,0,0,0,1524.16422,-445.7600000000639
417.395552,1,0,0,0,1524.16422,-445.7600000000639
417.59555,1,0,0,0,1524.16478,-445.19999999988613
417.795548,1,0,0,0,1524.16365,-446.329999999989
417.995546,1,0,0,0,1524.16346,-446.51999999996406
418.195544,1,0,0,0,1524.16592,-444.06000000003587
418.395541,1,0,0,0,1524.16422,-445.7600000000639
418.595539,1,0,0,0,1524.16649,-443.48999999988337
418.795537,1,0,0,0,1524.16233,-447.64999999983957
418.995535,1,0,0,0,1524.16649,-443.48999999988337
419.195533,1,0,0,0,1524.16422,-445.7600000000639
419.395531,1,0,0,0,1524.16479,-445.1899999999114
419.595529,1,0,0,0,1524.16422,-445.7600000000639
419.795527,1,0,0,0,1524.16365,-446.329999999989
419.995524,1,0,0,0,1524.16422,-445.7600000000639
420.195522,1,0,0,0,1524.16479,-445.1899999999114
420.39552,1,0,0,0,1524.16478,-445.19999999988613
420.595518,1,0,0,0,1524.16422,-445.7600000000639
420.795516,1,0,0,0,1524.16535,-444.629999999961
420.995514,1,0,0,0,1524.16422,-445.7600000000639
421.195512,1,0,0,0,1524.1629,-447.07999999991443
421.395509,1,0,0,0,1524.16535,-444.629999999961
421.595507,1,0,0,0,1524.16233,-447.64999999983957
421.795505,1,0,0,0,1524.16365,-446.329999999989
421.995503,1,0,0,0,1524.16479,-445.1899999999114
422.195501,1,0,0,0,1524.16592,-444.06000000003587
422.395499,1,0,0,0,1524.16535,-444.629999999961
422.595497,1,0,0,0,1524.16479,-445.1899999999114
422.795495,1,0,0,0,1524.16592,-444.06000000003587
422.995492,1,0,0,0,1524.16479,-445.1899999999114
423.195491,1,0,0,0,1524.16479,-445.1899999999114
423.395488,1,0,0,0,1524.16422,-445.7600000000639
423.595486,1,0,0,0,1524.16479,-445.1899999999114
423.795484,1,0,0,0,1524.1629,-447.07999999991443
423.995482,1,0,0,0,1524.16649,-443.48999999988337
424.19548,1,0,0,0,1524.16101,-448.9699999999175
424.395478,1,0,0,0,1524.16422,-445.7600000000639
424.595476,1,0,0,0,1524.16479,-445.1899999999114
424.795473,1,0,0,0,1524.16535,-444.629999999961
424.995471,1,0,0,0,1524.16479,-445.1899999999114
425.195469,1,0,0,0,1524.16422,-445.7600000000639
425.395467,1,0,0,0,1524.16725,-442.7299999999832
425.595465,1,0,0,0,1524.1629,-447.07999999991443
425.795463,1,0,0,0,1524.16422,-445.7600000000639
425.995461,1,0,0,0,1524.16479,-445.1899999999114
426.195458,1,0,0,0,1524.16649,-443.48999999988337
426.395457,1,0,0,0,1524.16535,-444.629999999961
426.595454,1,0,0,0,1524.16479,-445.1899999999114
426.795452,1,0,0,0,1524.16422,-445.7600000000639
426.99545,1,0,0,0,1524.16592,-444.06000000003587
427.195448,1,0,0,0,1524.16233,-447.64999999983957
427.395446,1,0,0,0,1524.16422,-445.7600000000639
427.595444,1,0,0,0,1524.16535,-444.629999999961
427.795442,1,0,0,0,1524.16347,-446.5099999999893
427.99544,1,0,0,0,1524.16479,-445.1899999999114
428.195437,1,0,0,0,1524.16365,-446.329999999989
428.395435,1,0,0,0,1524.1629,-447.07999999991443
428.595433,1,0,0,0,1524.16422,-445.7600000000639
428.795431,1,0,0,0,1524.1629,-447.07999999991443
428.995429,1,0,0,0,1524.16422,-445.7600000000639
429.195427,1,0,0,0,1524.16422,-445.7600000000639
429.395425,1,0,0,0,1524.16101,-448.9699999999175
429.595423,1,0,0,0,1524.16233,-447.64999999983957
429.79542,1,0,0,0,1524.16177,-448.2100000000173
429.995418,1,0,0,0,1524.1629,-447.07999999991443
430.195416,1,0,0,0,1524.16233,-447.64999999983957
430.395414,1,0,0,0,1524.16233,-447.64999999983957
430.595412,1,0,0,0,1524.16536,-444.61999999998625
430.79541,1,0,0,0,1524.16422,-445.7600000000639
430.995408,1,0,0,0,1524.16422,-445.7600000000639
431.195406,1,0,0,0,1524.16233,-447.64999999983957
431.395403,1,0,0,0,1524.16045,-449.52999999986787
431.595401,1,0,0,0,1524.16233,-447.64999999983957
431.795399,1,0,0,0,1524.16234,-447.6399999998648
431.995397,1,0,0,0,1524.16423,-445.74999999986176
432.195395,1,0,0,0,1524.16593,-444.0500000000611
432.395393,1,0,0,0,1524.16102,-448.95999999994274
432.595391,1,0,0,0,1524.16177,-448.2100000000173
432.795389,1,0,0,0,1524.16423,-445.74999999986176
432.995386,1,0,0,0,1524.16234,-447.6399999998648
433.195385,1,0,0,0,1524.1629,-447.07999999991443
433.395382,1,0,0,0,1524.16233,-447.64999999983957
433.59538,1,0,0,0,1524.16592,-444.06000000003587
433.795378,1,0,0,0,1524.16233,-447.64999999983957
433.995376,1,0,0,0,1524.16592,-444.06000000003587
434.195374,1,0,0,0,1524.16366,-446.32000000001426
434.395372,1,0,0,0,1524.16536,-444.61999999998625
434.59537,1,0,0,0,1524.16233,-447.64999999983957
434.795367,1,0,0,0,1524.16366,-446.32000000001426
434.995365,1,0,0,0,1524.16479,-445.1899999999114
435.195363,1,0,0,0,1524.16479,-445.1899999999114
435.395361,1,0,0,0,1524.16592,-444.06000000003587
435.595359,1,0,0,0,1524.16592,-444.06000000003587
435.795357,1,0,0,0,1524.16422,-445.7600000000639
435.995355,1,0,0,0,1524.16422,-445.7600000000639
436.195353,1,0,0,0,1524.16592,-444.06000000003587
436.39535,1,0,0,0,1524.16725,-442.7299999999832
436.595348,1,0,0,0,1524.16592,-444.06000000003587
436.795346,1,0,0,0,1524.16423,-445.74999999986176
436.995344,1,0,0,0,1524.16593,-444.0500000000611
437.195342,1,0,0,0,1524.16479,-445.1899999999114
437.39534,1,0,0,0,1524.16838,-441.5999999998803
437.595338,1,0,0,0,1524.16479,-445.1899999999114
437.795336,1,0,0,0,1524.16725,-442.7299999999832
437.995333,1,0,0,0,1524.16725,-442.7299999999832
438.195331,1,0,0,0,1524.16781,-442.1700000000328
438.395329,1,0,0,0,1524.16649,-443.48999999988337
438.595327,1,0,0,0,1524.16592,-444.06000000003587
438.795325,1,0,0,0,1524.16592,-444.06000000003587
438.995323,1,0,0,0,1524.16479,-445.1899999999114
439.195321,1,0,0,0,1524.16479,-445.1899999999114
439.395319,1,0,0,0,1524.16781,-442.1700000000328
439.595316,1,0,0,0,1524.16649,-443.48999999988337
439.795314,1,0,0,0,1524.16838,-441.5999999998803
439.995312,1,0,0,0,1524.16914,-440.83999999998014
440.19531,1,0,0,0,1524.16592,-444.06000000003587
440.395308,1,0,0,0,1524.16592,-444.06000000003587
440.595306,1,0,0,0,1524.16592,-444.06000000003587
440.795304,1,0,0,0,1524.16838,-441.5999999998803
440.995302,1,0,0,0,1524.16649,-443.48999999988337
441.195299,1,0,0,0,1524.16781,-442.1700000000328
441.395298,1,0,0,0,1524.16422,-445.7600000000639
441.595295,1,0,0,0,1524.16706,-442.91999999995824
441.795294,1,0,0,0,1524.1697,-440.28000000002976
441.995291,1,0,0,0,1524.16781,-442.1700000000328
442.195289,1,0,0,0,1524.1697,-440.28000000002976
442.395287,1,0,0,0,1524.16838,-441.5999999998803
442.595285,1,0,0,0,1524.16781,-442.1700000000328
442.795283,1,0,0,0,1524.1697,-440.28000000002976
442.995281,1,0,0,0,1524.16592,-444.06000000003587
443.195278,1,0,0,0,1524.1697,-440.28000000002976
443.395276,1,0,0,0,1524.16649,-443.48999999988337
443.595274,1,0,0,0,1524.16781,-442.1700000000328
443.795272,1,0,0,0,1524.16914,-440.83999999998014
443.99527,1,0,0,0,1524.16838,-441.5999999998803
444.195268,1,0,0,0,1524.16838,-441.5999999998803
444.395266,1,0,0,0,1524.16838,-441.5999999998803
444.595263,1,0,0,0,1524.16781,-442.1700000000328
444.795261,1,0,0,0,1524.16781,-442.1700000000328
444.995259,1,0,0,0,1524.16725,-442.7299999999832
445.195257,1,0,0,0,1524.16781,-442.1700000000328
445.395255,1,0,0,0,1524.1697,-440.28000000002976
445.595253,1,0,0,0,1524.16781,-442.1700000000328
445.795251,1,0,0,0,1524.16592,-444.06000000003587
445.995249,1,0,0,0,1524.16781,-442.1700000000328
446.195247,1,0,0,0,1524.16479,-445.1899999999114
446.395244,1,0,0,0,1524.16838,-441.5999999998803
446.595242,1,0,0,0,1524.16838,-441.5999999998803
446.79524,1,0,0,0,1524.16781,-442.1700000000328
446.995238,1,0,0,0,1524.16649,-443.48999999988337
447.195236,1,0,0,0,1524.16781,-442.1700000000328
447.395234,1,0,0,0,1524.16781,-442.1700000000328
447.595232,1,0,0,0,1524.16781,-442.1700000000328
447.795229,1,0,0,0,1524.16593,-444.0500000000611
447.995227,1,0,0,0,1524.16593,-444.0500000000611
448.195225,1,0,0,0,1524.16593,-444.0500000000611
448.395223,1,0,0,0,1524.16479,-445.1899999999114
448.595221,1,0,0,0,1524.16781,-442.1700000000328
448.795219,1,0,0,0,1524.16781,-442.1700000000328
448.995217,1,0,0,0,1524.16649,-443.48999999988337
449.195215,1,0,0,0,1524.16781,-442.1700000000328
449.395212,1,0,0,0,1524.16593,-444.0500000000611
449.59521,1,0,0,0,1524.16781,-442.1700000000328
449.795208,1,0,0,0,1524.16649,-443.48999999988337
449.995206,1,0,0,0,1524.16649,-443.48999999988337
450.195204,1,0,0,0,1524.16593,-444.0500000000611
450.395202,1,0,0,0,1524.16479,-445.1899999999114
450.5952,1,0,0,0,1524.16592,-444.06000000003587
450.795198,1,0,0,0,1524.16592,-444.06000000003587
450.995196,1,0,0,0,1524.16479,-445.1899999999114
451.195194,1,0,0,0,1524.16479,-445.1899999999114
451.395192,1,0,0,0,1524.16423,-445.74999999986176
451.595189,1,0,0,0,1524.16593,-444.0500000000611
451.795187,1,0,0,0,1524.16781,-442.1700000000328
451.995185,1,0,0,0,1524.16593,-444.0500000000611
452.195183,1,0,0,0,1524.16593,-444.0500000000611
452.395181,1,0,0,0,1524.16177,-448.2100000000173
452.595179,1,0,0,0,1524.16423,-445.74999999986176
452.795177,1,0,0,0,1524.16423,-445.74999999986176
452.995174,1,0,0,0,1524.16291,-447.0699999999397
453.195172,1,0,0,0,1524.16782,-442.16000000005806
453.39517,1,0,0,0,1524.16423,-445.74999999986176
453.595168,1,0,0,0,1524.16366,-446.32000000001426
453.795166,1,0,0,0,1524.16423,-445.74999999986176
453.995164,1,0,0,0,1524.16234,-447.6399999998648
454.195162,1,0,0,0,1524.16177,-448.2100000000173
454.39516,1,0,0,0,1524.16423,-445.74999999986176
454.595157,1,0,0,0,1524.16291,-447.0699999999397
454.795155,1,0,0,0,1524.16593,-444.0500000000611
454.995153,1,0,0,0,1524.16423,-445.74999999986176
455.195151,1,0,0,0,1524.16234,-447.6399999998648
455.395149,1,0,0,0,1524.16423,-445.74999999986176
455.595147,1,0,0,0,1524.16234,-447.6399999998648
455.795145,1,0,0,0,1524.16423,-445.74999999986176
455.995143,1,0,0,0,1524.16178,-448.20000000004256
456.195141,1,0,0,0,1524.1648,-445.1799999999366
456.395138,1,0,0,0,1524.16234,-447.6399999998648
456.595136,1,0,0,0,1524.16234,-447.6399999998648
456.795134,1,0,0,0,1524.16423,-445.74999999986176
456.995132,1,0,0,0,1524.16291,-447.0699999999397
457.19513,1,0,0,0,1524.16178,-448.20000000004256
457.395128,1,0,0,0,1524.16423,-445.74999999986176
457.595126,1,0,0,0,1524.16593,-444.0500000000611
457.795124,1,0,0,0,1524.16536,-444.61999999998625
457.995121,1,0,0,0,1524.16234,-447.6399999998648
458.195119,1,0,0,0,1524.16423,-445.74999999986176
458.395117,1,0,0,0,1524.16159,-448.3900000000176
458.595115,1,0,0,0,1524.16367,-446.3100000000395
458.795113,1,0,0,0,1524.1648,-445.1799999999366
458.995111,1,0,0,0,1524.16423,-445.74999999986176
459.195109,1,0,0,0,1524.16291,-447.0699999999397
459.395107,1,0,0,0,1524.16423,-445.74999999986176
459.595104,1,0,0,0,1524.16234,-447.6399999998648
459.795102,1,0,0,0,1524.16234,-447.6399999998648
459.9951,1,0,0,0,1524.16234,-447.6399999998648
460.195098,1,0,0,0,1524.16234,-447.6399999998648
460.395096,1,0,0,0,1524.16423,-445.74999999986176
460.595094,1,0,0,0,1524.16423,-445.74999999986176
460.795092,1,0,0,0,1524.16423,-445.74999999986176
460.99509,1,0,0,0,1524.16423,-445.74999999986176
461.195087,1,0,0,0,1524.16423,-445.74999999986176
461.395085,1,0,0,0,1524.16102,-448.95999999994274
461.595083,1,0,0,0,1524.16423,-445.74999999986176
461.795081,1,0,0,0,1524.16367,-446.3100000000395
461.995079,1,0,0,0,1524.16234,-447.6399999998648
462.195077,1,0,0,0,1524.16234,-447.6399999998648
462.395075,1,0,0,0,1524.16045,-449.52999999986787
462.595073,1,0,0,0,1524.16178,-448.20000000004256
462.795071,1,0,0,0,1524.16102,-448.95999999994274
462.995069,1,0,0,0,1524.16366,-446.32000000001426
463.195066,1,0,0,0,1524.16178,-448.20000000004256
463.395064,1,0,0,0,1524.16423,-445.74999999986176
463.595062,1,0,0,0,1524.16045,-449.52999999986787
463.79506,1,0,0,0,1524.16045,-449.52999999986787
463.995058,1,0,0,0,1524.16291,-447.0699999999397
464.195056,1,0,0,0,1524.16347,-446.5099999999893
464.395054,1,0,0,0,1524.16234,-447.6399999998648
464.595052,1,0,0,0,1524.16234,-447.6399999998648
464.795049,1,0,0,0,1524.16234,-447.6399999998648
464.995047,1,0,0,0,1524.16234,-447.6399999998648
465.195045,1,0,0,0,1524.16423,-445.74999999986176
465.395043,1,0,0,0,1524.16234,-447.6399999998648
465.595041,1,0,0,0,1524.16234,-447.6399999998648
465.795039,1,0,0,0,1524.16423,-445.74999999986176
465.995037,1,0,0,0,1524.16234,-447.6399999998648
466.195035,1,0,0,0,1524.16423,-445.74999999986176
466.395032,1,0,0,0,1524.16102,-448.95999999994274
466.59503,1,0,0,0,1524.1648,-445.1799999999366
466.795028,1,0,0,0,1524.16102,-448.95999999994274
466.995026,1,0,0,0,1524.16367,-446.3100000000395
467.195024,1,0,0,0,1524.16291,-447.0699999999397
467.395022,1,0,0,0,1524.16423,-445.74999999986176
467.59502,1,0,0,0,1524.16234,-447.6399999998648
467.795017,1,0,0,0,1524.1648,-445.1799999999366
467.995015,1,0,0,0,1524.16423,-445.74999999986176
468.195013,1,0,0,0,1524.16423,-445.74999999986176
468.395011,1,0,0,0,1524.16291,-447.0699999999397
468.595009,1,0,0,0,1524.16234,-447.6399999998648
468.795007,1,0,0,0,1524.16423,-445.74999999986176
468.995005,1,0,0,0,1524.16423,-445.74999999986176
469.195003,1,0,0,0,1524.16291,-447.0699999999397
469.395001,1,0,0,0,1524.16782,-442.16000000005806
469.594999,1,0,0,0,1524.16291,-447.0699999999397
469.794996,1,0,0,0,1524.16479,-445.1899999999114
469.994994,1,0,0,0,1524.16593,-444.0500000000611
470.194992,1,0,0,0,1524.16423,-445.74999999986176
470.39499,1,0,0,0,1524.16291,-447.0699999999397
470.594988,1,0,0,0,1524.16423,-445.74999999986176
470.794986,1,0,0,0,1524.1665,-443.4799999999086
470.994984,1,0,0,0,1524.16234,-447.6399999998648
471.194982,1,0,0,0,1524.16593,-444.0500000000611
471.394979,1,0,0,0,1524.16593,-444.0500000000611
471.594977,1,0,0,0,1524.16347,-446.5099999999893
471.794975,1,0,0,0,1524.16423,-445.74999999986176
471.994973,1,0,0,0,1524.16593,-444.0500000000611
472.194971,1,0,0,0,1524.16423,-445.74999999986176
472.394969,1,0,0,0,1524.16423,-445.74999999986176
472.594967,1,0,0,0,1524.1648,-445.1799999999366
472.794965,1,0,0,0,1524.16423,-445.74999999986176
472.994962,1,0,0,0,1524.16593,-444.0500000000611
473.19496,1,0,0,0,1524.16839,-441.58999999990556
473.394958,1,0,0,0,1524.16423,-445.74999999986176
473.594956,1,0,0,0,1524.16593,-444.0500000000611
473.794954,1,0,0,0,1524.16423,-445.74999999986176
473.994952,1,0,0,0,1524.1648,-445.1799999999366
474.19495,1,0,0,0,1524.1665,-443.4799999999086
474.394948,1,0,0,0,1524.1648,-445.1799999999366
474.594946,1,0,0,0,1524.1648,-445.1799999999366
474.794943,1,0,0,0,1524.16536,-444.61999999998625
474.994941,1,0,0,0,1524.16423,-445.74999999986176
475.194939,1,0,0,0,1524.16593,-444.0500000000611
475.394937,1,0,0,0,1524.16423,-445.74999999986176
475.594935,1,0,0,0,1524.16366,-446.32000000001426
475.794933,1,0,0,0,1524.1665,-443.4799999999086
475.994931,1,0,0,0,1524.16367,-446.3100000000395
476.194929,1,0,0,0,1524.1665,-443.4799999999086
476.394926,1,0,0,0,1524.16782,-442.16000000005806
476.594924,1,0,0,0,1524.1648,-445.1799999999366
476.794922,1,0,0,0,1524.16291,-447.0699999999397
476.99492,1,0,0,0,1524.16782,-442.16000000005806
477.194918,1,0,0,0,1524.16593,-444.0500000000611
477.394916,1,0,0,0,1524.1665,-443.4799999999086
477.594914,1,0,0,0,1524.16593,-444.0500000000611
477.794912,1,0,0,0,1524.16782,-442.16000000005806
477.99491,1,0,0,0,1524.16725,-442.7299999999832
478.194907,1,0,0,0,1524.16839,-441.58999999990556
478.394905,1,0,0,0,1524.16593,-444.0500000000611
478.594903,1,0,0,0,1524.16914,-440.83999999998014
478.794901,1,0,0,0,1524.16782,-442.16000000005806
478.994899,1,0,0,0,1524.1665,-443.4799999999086
479.194897,1,0,0,0,1524.1665,-443.4799999999086
479.394895,1,0,0,0,1524.16593,-444.0500000000611
479.594893,1,0,0,0,1524.17027,-439.70999999987725
479.79489,1,0,0,0,1524.16782,-442.16000000005806
479.994888,1,0,0,0,1524.16782,-442.16000000005806
480.194886,1,0,0,0,1524.1665,-443.4799999999086
480.394884,1,0,0,0,1524.16782,-442.16000000005806
480.594882,1,0,0,0,1524.16593,-444.0500000000611
480.79488,1,0,0,0,1524.16971,-440.270000000055
480.994878,1,0,0,0,1524.16971,-440.270000000055
481.194875,1,0,0,0,1524.16971,-440.270000000055
481.394874,1,0,0,0,1524.1665,-443.4799999999086
481.594871,1,0,0,0,1524.16839,-441.58999999990556
481.794869,1,0,0,0,1524.16706,-442.91999999995824
481.994867,1,0,0,0,1524.16593,-444.0500000000611
482.194865,1,0,0,0,1524.16593,-444.0500000000611
482.394863,1,0,0,0,1524.16479,-445.1899999999114
482.594861,1,0,0,0,1524.16366,-446.32000000001426
482.794858,1,0,0,0,1524.16423,-445.74999999986176
482.994856,1,0,0,0,1524.16423,-445.74999999986176
483.194854,1,0,0,0,1524.16593,-444.0500000000611
483.394852,1,0,0,0,1524.16536,-444.61999999998625
483.59485,1,0,0,0,1524.1648,-445.1799999999366
483.794848,1,0,0,0,1524.16782,-442.16000000005806
483.994846,1,0,0,0,1524.16725,-442.7299999999832
484.194844,1,0,0,0,1524.16593,-444.0500000000611
484.394842,1,0,0,0,1524.16782,-442.16000000005806
484.59484,1,0,0,0,1524.16593,-444.0500000000611
484.794837,1,0,0,0,1524.16914,-440.83999999998014
484.994835,1,0,0,0,1524.16839,-441.58999999990556
485.194833,1,0,0,0,1524.16593,-444.0500000000611
485.394831,1,0,0,0,1524.17028,-439.6999999999025
485.594829,1,0,0,0,1524.17028,-439.6999999999025
485.794827,1,0,0,0,1524.16782,-442.16000000005806
485.994825,1,0,0,0,1524.16971,-440.270000000055
486.194823,1,0,0,0,1524.16782,-442.16000000005806
486.39482,1,0,0,0,1524.16839,-441.58999999990556
486.594818,1,0,0,0,1524.16725,-442.7299999999832
486.794816,1,0,0,0,1524.16971,-440.270000000055
486.994814,1,0,0,0,1524.17084,-439.1399999999521
487.194812,1,0,0,0,1524.17084,-439.1399999999521
487.39481,1,0,0,0,1524.16782,-442.16000000005806
487.594808,1,0,0,0,1524.17141,-438.570000000027
487.794806,1,0,0,0,1524.16914,-440.83999999998014
487.994804,1,0,0,0,1524.16971,-440.270000000055
488.194801,1,0,0,0,1524.17027,-439.70999999987725
488.394799,1,0,0,0,1524.17084,-439.1399999999521
488.594797,1,0,0,0,1524.16971,-440.270000000055
488.794795,1,0,0,0,1524.16914,-440.83999999998014
488.994793,1,0,0,0,1524.17028,-439.6999999999025
489.194791,1,0,0,0,1524.16971,-440.270000000055
489.394789,1,0,0,0,1524.16971,-440.270000000055
489.594787,1,0,0,0,1524.17141,-438.570000000027
489.794785,1,0,0,0,1524.16971,-440.270000000055
489.994782,1,0,0,0,1524.17084,-439.1399999999521
490.19478,1,0,0,0,1524.16971,-440.270000000055
490.394778,1,0,0,0,1524.17028,-439.6999999999025
490.594776,1,0,0,0,1524.16971,-440.270000000055
490.794774,1,0,0,0,1524.16782,-442.16000000005806
490.994772,1,0,0,0,1524.16971,-440.270000000055
491.19477,1,0,0,0,1524.1733,-436.68000000002394
491.394768,1,0,0,0,1524.17028,-439.6999999999025
491.594765,1,0,0,0,1524.17141,-438.570000000027
491.794763,1,0,0,0,1524.17028,-439.6999999999025
491.994761,1,0,0,0,1524.17198,-437.9999999998745
492.194759,1,0,0,0,1524.17387,-436.10999999987143
492.394757,1,0,0,0,1524.17198,-437.9999999998745
492.594755,1,0,0,0,1524.17084,-439.1399999999521
492.794753,1,0,0,0,1524.17141,-438.570000000027
492.99475,1,0,0,0,1524.17198,-437.9999999998745
493.194748,1,0,0,0,1524.16971,-440.270000000055
493.394746,1,0,0,0,1524.17141,-438.570000000027
493.594744,1,0,0,0,1524.17141,-438.570000000027
493.794742,1,0,0,0,1524.17141,-438.570000000027
493.99474,1,0,0,0,1524.16971,-440.270000000055
494.194738,1,0,0,0,1524.17028,-439.6999999999025
494.394736,1,0,0,0,1524.17217,-437.80999999989945
494.594734,1,0,0,0,1524.17141,-438.570000000027
494.794731,1,0,0,0,1524.17141,-438.570000000027
494.994729,1,0,0,0,1524.17141,-438.570000000027
495.194727,1,0,0,0,1524.17028,-439.6999999999025
495.394725,1,0,0,0,1524.17028,-439.6999999999025
495.594723,1,0,0,0,1524.17028,-439.6999999999025
495.794721,1,0,0,0,1524.17028,-439.6999999999025
495.994719,1,0,0,0,1524.17198,-437.9999999998745
496.194716,1,0,0,0,1524.16971,-440.270000000055
496.394715,1,0,0,0,1524.17141,-438.570000000027
496.594712,1,0,0,0,1524.17028,-439.6999999999025
496.79471,1,0,0,0,1524.16971,-440.270000000055
496.994708,1,0,0,0,1524.17028,-439.6999999999025
497.194706,1,0,0,0,1524.16914,-440.83999999998014
497.394704,1,0,0,0,1524.16971,-440.270000000055
497.594702,1,0,0,0,1524.16782,-442.16000000005806
497.7947,1,0,0,0,1524.16895,-441.0299999999552
497.994698,1,0,0,0,1524.1665,-443.4799999999086
498.194695,1,0,0,0,1524.17028,-439.6999999999025
498.394693,1,0,0,0,1524.16971,-440.270000000055
498.594691,1,0,0,0,1524.16782,-442.16000000005806
498.794689,1,0,0,0,1524.17028,-439.6999999999025
498.994687,1,0,0,0,1524.16782,-442.16000000005806
499.194685,1,0,0,0,1524.17027,-439.70999999987725
499.394683,1,0,0,0,1524.16971,-440.270000000055
499.594681,1,0,0,0,1524.16839,-441.58999999990556
499.794679,1,0,0,0,1524.16971,-440.270000000055
499.994676,1,0,0,0,1524.16782,-442.16000000005806
500.194674,1,0,0,0,1524.16914,-440.83999999998014
500.394672,1,0,0,0,1524.16782,-442.16000000005806
500.59467,1,0,0,0,1524.16971,-440.270000000055
500.794668,1,0,0,0,1524.16914,-440.83999999998014
500.994666,1,0,0,0,1524.16971,-440.270000000055
501.194664,1,0,0,0,1524.16782,-442.16000000005806
501.394662,1,0,0,0,1524.16839,-441.58999999990556
501.594659,1,0,0,0,1524.16914,-440.83999999998014
501.794657,1,0,0,0,1524.16971,-440.270000000055
501.994655,1,0,0,0,1524.16839,-441.58999999990556
502.194653,1,0,0,0,1524.17141,-438.570000000027
502.394651,1,0,0,0,1524.17028,-439.6999999999025
502.594649,1,0,0,0,1524.16971,-440.270000000055
502.794647,1,0,0,0,1524.16971,-440.270000000055
502.994644,1,0,0,0,1524.16971,-440.270000000055
503.194643,1,0,0,0,1524.16971,-440.270000000055
503.39464,1,0,0,0,1524.16782,-442.16000000005806
503.594638,1,0,0,0,1524.17027,-439.70999999987725
503.794636,1,0,0,0,1524.16782,-442.16000000005806
503.994634,1,0,0,0,1524.17084,-439.1399999999521
504.194632,1,0,0,0,1524.16782,-442.16000000005806
504.39463,1,0,0,0,1524.17027,-439.70999999987725
504.594628,1,0,0,0,1524.16971,-440.270000000055
504.794626,1,0,0,0,1524.16725,-442.7299999999832
504.994623,1,0,0,0,1524.17198,-437.9999999998745
505.194621,1,0,0,0,1524.17027,-439.70999999987725
505.394619,1,0,0,0,1524.1665,-443.4799999999086
505.594617,1,0,0,0,1524.16838,-441.5999999998803
505.794615,1,0,0,0,1524.16971,-440.270000000055
505.994613,1,0,0,0,1524.17197,-438.00999999984924
506.194611,1,0,0,0,1524.16971,-440.270000000055
506.394609,1,0,0,0,1524.17027,-439.70999999987725
506.594607,1,0,0,0,1524.16971,-440.270000000055
506.794605,1,0,0,0,1524.16782,-442.16000000005806
506.994602,1,0,0,0,1524.16971,-440.270000000055
507.1946,1,0,0,0,1524.17141,-438.570000000027
507.394598,1,0,0,0,1524.17027,-439.70999999987725
507.594596,1,0,0,0,1524.16838,-441.5999999998803
507.794594,1,0,0,0,1524.16838,-441.5999999998803
507.994592,1,0,0,0,1524.16971,-440.270000000055
508.194589,1,0,0,0,1524.16895,-441.0299999999552
508.394587,1,0,0,0,1524.16971,-440.270000000055
508.594585,1,0,0,0,1524.17027,-439.70999999987725
508.794583,1,0,0,0,1524.17084,-439.1399999999521
508.994581,1,0,0,0,1524.17027,-439.70999999987725
509.194579,1,0,0,0,1524.16971,-440.270000000055
509.394577,1,0,0,0,1524.17027,-439.70999999987725
509.594575,1,0,0,0,1524.17027,-439.70999999987725
509.794573,1,0,0,0,1524.16781,-442.1700000000328
509.994572,1,0,0,0,1524.16838,-441.5999999998803
510.194568,1,0,0,0,1524.16895,-441.0299999999552
510.394566,1,0,0,0,1524.16971,-440.270000000055
510.594564,1,0,0,0,1524.16914,-440.83999999998014
510.794562,1,0,0,0,1524.16914,-440.83999999998014
510.99456,1,0,0,0,1524.17027,-439.70999999987725
511.194558,1,0,0,0,1524.16971,-440.270000000055
511.394556,1,0,0,0,1524.16839,-441.58999999990556
511.594553,1,0,0,0,1524.16782,-442.16000000005806
511.794551,1,0,0,0,1524.16725,-442.7299999999832
511.994549,1,0,0,0,1524.17141,-438.570000000027
512.194547,1,0,0,0,1524.1665,-443.4799999999086
512.394545,1,0,0,0,1524.16838,-441.5999999998803
512.594543,1,0,0,0,1524.17027,-439.70999999987725
512.794541,1,0,0,0,1524.16782,-442.16000000005806
512.994539,1,0,0,0,1524.17141,-438.570000000027
513.194536,1,0,0,0,1524.17084,-439.1399999999521
513.394535,1,0,0,0,1524.1665,-443.4799999999086
513.594532,1,0,0,0,1524.17027,-439.70999999987725
513.79453,1,0,0,0,1524.17329,-436.6899999999987
513.994528,1,0,0,0,1524.16971,-440.270000000055
514.194526,1,0,0,0,1524.16971,-440.270000000055
514.394524,1,0,0,0,1524.16914,-440.83999999998014
514.594522,1,0,0,0,1524.16479,-445.1899999999114
514.794519,1,0,0,0,1524.16782,-442.16000000005806
514.994518,1,0,0,0,1524.16423,-445.74999999986176
515.194515,1,0,0,0,1524.17141,-438.570000000027
515.394513,1,0,0,0,1524.15932,-450.65999999997075
515.594511,1,0,0,0,1524.29986,-310.11999999986983
515.794509,1,0,0,0,1524.30005,-309.9299999998948
515.994507,1,0,0,0,1524.25396,-356.01999999994405
516.194505,1,0,0,0,1524.0458,-564.1799999998511
516.394503,1,0,0,0,1524.09075,-519.2299999998795
516.594501,1,0,0,0,1524.25207,-357.9099999999471
516.794498,1,0,0,0,1524.15988,-450.1000000000204
516.994496,1,0,0,0,1524.09623,-513.7499999998454
517.194494,1,0,0,0,1524.02843,-581.5499999998792
517.394492,1,0,0,0,1523.93061,-679.3700000000626
517.59449,1,0,0,0,1524.0001,-609.8799999999756
517.794488,1,0,0,0,1524.15554,-454.43999999997686
517.994486,1,0,0,0,1524.14099,-468.9899999998488
518.194484,1,0,0,0,1524.13608,-473.8999999999578
518.394482,1,0,0,0,1524.15384,-456.1400000000049
518.594479,1,0,0,0,1524.10737,-502.6100000000042
518.794477,1,0,0,0,1524.06809,-541.8899999999667
518.994475,1,0,0,0,1524.04863,-561.3499999999476
519.194473,1,0,0,0,1524.04505,-564.9300000000039
519.394471,1,0,0,0,1524.04674,-563.2399999999507
519.594469,1,0,0,0,1524.04505,-564.9300000000039
519.794467,1,0,0,0,1524.04674,-563.2399999999507
519.994465,1,0,0,0,1524.04674,-563.2399999999507
520.194462,1,0,0,0,1524.04769,-562.2899999998481
520.39446,1,0,0,0,1524.04674,-563.2399999999507
520.594458,1,0,0,0,1524.0441,-565.8799999998791
520.794456,1,0,0,0,1524.04674,-563.2399999999507
520.994454,1,0,0,0,1524.04674,-563.2399999999507
521.194452,1,0,0,0,1524.0458,-564.1799999998511
521.39445,1,0,0,0,1524.04788,-562.099999999873
521.594448,1,0,0,0,1524.04504,-564.9399999999787
521.794446,1,0,0,0,1524.04788,-562.099999999873
521.994443,1,0,0,0,1524.04863,-561.3499999999476
522.194441,1,0,0,0,1524.04958,-560.399999999845
522.394439,1,0,0,0,1524.04505,-564.9300000000039
522.594437,1,0,0,0,1524.04674,-563.2399999999507
522.794435,1,0,0,0,1524.04599,-563.9899999998761
522.994433,1,0,0,0,1524.04769,-562.2899999998481
523.194431,1,0,0,0,1524.04675,-563.2299999999759
523.394428,1,0,0,0,1524.0458,-564.1799999998511
523.594427,1,0,0,0,1524.04769,-562.2899999998481
523.794424,1,0,0,0,1524.04864,-561.3399999999729
523.994422,1,0,0,0,1524.04864,-561.3399999999729
524.19442,1,0,0,0,1524.04505,-564.9300000000039
524.394418,1,0,0,0,1524.04674,-563.2399999999507
524.594416,1,0,0,0,1524.0441,-565.8799999998791
524.794414,1,0,0,0,1524.04674,-563.2399999999507
524.994411,1,0,0,0,1524.04788,-562.099999999873
525.194409,1,0,0,0,1524.04864,-561.3399999999729
525.394408,1,0,0,0,1524.04958,-560.399999999845
525.594405,1,0,0,0,1524.05147,-558.509999999842
525.794403,1,0,0,0,1524.04864,-561.3399999999729
525.994401,1,0,0,0,1524.04788,-562.099999999873
526.194399,1,0,0,0,1524.04958,-560.399999999845
526.394397,1,0,0,0,1524.04674,-563.2399999999507
526.594395,1,0,0,0,1524.04863,-561.3499999999476
526.794392,1,0,0,0,1524.04674,-563.2399999999507
526.99439,1,0,0,0,1524.04769,-562.2899999998481
527.194388,1,0,0,0,1524.04863,-561.3499999999476
527.394386,1,0,0,0,1524.04863,-561.3499999999476
527.594384,1,0,0,0,1524.04769,-562.2899999998481
527.794382,1,0,0,0,1524.04675,-563.2299999999759
527.99438,1,0,0,0,1524.04864,-561.3399999999729
528.194378,1,0,0,0,1524.04864,-561.3399999999729
528.394376,1,0,0,0,1524.04769,-562.2899999998481
528.594373,1,0,0,0,1524.04958,-560.399999999845
528.794371,1,0,0,0,1524.04505,-564.9300000000039
528.994369,1,0,0,0,1524.04863,-561.3499999999476
529.194367,1,0,0,0,1524.05052,-559.4599999999446
529.394365,1,0,0,0,1524.04863,-561.3499999999476
529.594363,1,0,0,0,1524.04958,-560.399999999845
529.794361,1,0,0,0,1524.04958,-560.399999999845
529.994359,1,0,0,0,1524.04863,-561.3499999999476
530.194356,1,0,0,0,1524.04863,-561.3499999999476
530.394354,1,0,0,0,1524.04958,-560.399999999845
530.594352,1,0,0,0,1524.04863,-561.3499999999476
530.79435,1,0,0,0,1524.04769,-562.2899999998481
530.994348,1,0,0,0,1524.04958,-560.399999999845
531.194346,1,0,0,0,1524.04863,-561.3499999999476
531.394344,1,0,0,0,1524.04504,-564.9399999999787
531.594342,1,0,0,0,1524.04863,-561.3499999999476
531.79434,1,0,0,0,1524.04674,-563.2399999999507
531.994338,1,0,0,0,1524.04863,-561.3499999999476
532.194335,1,0,0,0,1524.04863,-561.3499999999476
532.394333,1,0,0,0,1524.04674,-563.2399999999507
532.594331,1,0,0,0,1524.04863,-561.3499999999476
532.794329,1,0,0,0,1524.04863,-561.3499999999476
532.994327,1,0,0,0,1524.04769,-562.2899999998481
533.194325,1,0,0,0,1524.04863,-561.3499999999476
533.394323,1,0,0,0,1524.04863,-561.3499999999476
533.594321,1,0,0,0,1524.04788,-562.099999999873
533.794318,1,0,0,0,1524.04674,-563.2399999999507
533.994316,1,0,0,0,1524.04958,-560.399999999845
534.194314,1,0,0,0,1524.04674,-563.2399999999507
534.394312,1,0,0,0,1524.04788,-562.099999999873
534.59431,1,0,0,0,1524.04863,-561.3499999999476
534.794308,1,0,0,0,1524.04788,-562.099999999873
534.994306,1,0,0,0,1524.04863,-561.3499999999476
535.194304,1,0,0,0,1524.04769,-562.2899999998481
535.394301,1,0,0,0,1524.04958,-560.399999999845
535.594299,1,0,0,0,1524.04863,-561.3499999999476
535.794297,1,0,0,0,1524.04863,-561.3499999999476
535.994295,1,0,0,0,1524.05052,-559.4599999999446
536.194293,1,0,0,0,1524.04863,-561.3499999999476
536.394291,1,0,0,0,1524.04674,-563.2399999999507
536.594289,1,0,0,0,1524.04958,-560.399999999845
536.794287,1,0,0,0,1524.04958,-560.399999999845
536.994284,1,0,0,0,1524.04958,-560.399999999845
537.194282,1,0,0,0,1524.05052,-559.4599999999446
537.39428,1,0,0,0,1524.04863,-561.3499999999476
537.594278,1,0,0,0,1524.04788,-562.099999999873
537.794276,1,0,0,0,1524.04863,-561.3499999999476
537.994274,1,0,0,0,1524.04958,-560.399999999845
538.194272,1,0,0,0,1524.05052,-559.4599999999446
538.39427,1,0,0,0,1524.04863,-561.3499999999476
538.594268,1,0,0,0,1524.04958,-560.399999999845
538.794266,1,0,0,0,1524.04788,-562.099999999873
538.994263,1,0,0,0,1524.05052,-559.4599999999446
539.194261,1,0,0,0,1524.04864,-561.3399999999729
539.394259,1,0,0,0,1524.04958,-560.399999999845
539.594257,1,0,0,0,1524.05052,-559.4599999999446
539.794255,1,0,0,0,1524.04675,-563.2299999999759
539.994253,1,0,0,0,1524.04864,-561.3399999999729
540.194251,1,0,0,0,1524.04958,-560.399999999845
540.394248,1,0,0,0,1524.04958,-560.399999999845
540.594246,1,0,0,0,1524.05052,-559.4599999999446
540.794244,1,0,0,0,1524.04769,-562.2899999998481
540.994242,1,0,0,0,1524.05052,-559.4599999999446
541.19424,1,0,0,0,1524.05128,-558.7000000000444
541.394238,1,0,0,0,1524.04769,-562.2899999998481
541.594236,1,0,0,0,1524.04958,-560.399999999845
541.794234,1,0,0,0,1524.04863,-561.3499999999476
541.994232,1,0,0,0,1524.04769,-562.2899999998481
542.194229,1,0,0,0,1524.04958,-560.399999999845
542.394228,1,0,0,0,1524.05034,-559.6399999999448
542.594225,1,0,0,0,1524.05147,-558.509999999842
542.794223,1,0,0,0,1524.04864,-561.3399999999729
542.994221,1,0,0,0,1524.05052,-559.4599999999446
543.194219,1,0,0,0,1524.05052,-559.4599999999446
543.394217,1,0,0,0,1524.05241,-557.5699999999415
543.594215,1,0,0,0,1524.04864,-561.3399999999729
543.794213,1,0,0,0,1524.05052,-559.4599999999446
543.99421,1,0,0,0,1524.05052,-559.4599999999446
544.194208,1,0,0,0,1524.05052,-559.4599999999446
544.394206,1,0,0,0,1524.0458,-564.1799999998511
544.594204,1,0,0,0,1524.04864,-561.3399999999729
544.794202,1,0,0,0,1524.04864,-561.3399999999729
544.9942,1,0,0,0,1524.04864,-561.3399999999729
545.194198,1,0,0,0,1524.05223,-557.7499999999418
545.394196,1,0,0,0,1524.04864,-561.3399999999729
545.594193,1,0,0,0,1524.04864,-561.3399999999729
545.794191,1,0,0,0,1524.04958,-560.399999999845
545.994189,1,0,0,0,1524.04769,-562.2899999998481
546.194187,1,0,0,0,1524.04864,-561.3399999999729
546.394185,1,0,0,0,1524.04864,-561.3399999999729
546.594183,1,0,0,0,1524.04864,-561.3399999999729
546.794181,1,0,0,0,1524.04958,-560.399999999845
546.994179,1,0,0,0,1524.05053,-559.4499999999698
547.194177,1,0,0,0,1524.05053,-559.4499999999698
547.394175,1,0,0,0,1524.04864,-561.3399999999729
547.594172,1,0,0,0,1524.04788,-562.099999999873
547.79417,1,0,0,0,1524.04675,-563.2299999999759
547.994168,1,0,0,0,1524.04845,-561.5299999999479
548.194166,1,0,0,0,1524.04958,-560.399999999845
548.394164,1,0,0,0,1524.05034,-559.6399999999448
548.594162,1,0,0,0,1524.05128,-558.7000000000444
548.79416,1,0,0,0,1524.04864,-561.3399999999729
548.994157,1,0,0,0,1524.04788,-562.099999999873
549.194155,1,0,0,0,1524.04958,-560.399999999845
549.394153,1,0,0,0,1524.05241,-557.5699999999415
549.594151,1,0,0,0,1524.04864,-561.3399999999729
549.794149,1,0,0,0,1524.05147,-558.509999999842
549.994147,1,0,0,0,1524.04864,-561.3399999999729
550.194145,1,0,0,0,1524.05147,-558.509999999842
550.394143,1,0,0,0,1524.05053,-559.4499999999698
550.594141,1,0,0,0,1524.05053,-559.4499999999698
550.794138,1,0,0,0,1524.05317,-556.8100000000413
550.994136,1,0,0,0,1524.05053,-559.4499999999698
551.194134,1,0,0,0,1524.05242,-557.5599999999667
551.394132,1,0,0,0,1524.05053,-559.4499999999698
551.59413,1,0,0,0,1524.04864,-561.3399999999729
551.794128,1,0,0,0,1524.05053,-559.4499999999698
551.994126,1,0,0,0,1524.05242,-557.5599999999667
552.194124,1,0,0,0,1524.04864,-561.3399999999729
552.394122,1,0,0,0,1524.0477,-562.2799999998733
552.59412,1,0,0,0,1524.04864,-561.3399999999729
552.794117,1,0,0,0,1524.05128,-558.7000000000444
552.994115,1,0,0,0,1524.05128,-558.7000000000444
553.194113,1,0,0,0,1524.04958,-560.399999999845
553.394111,1,0,0,0,1524.04769,-562.2899999998481
553.594109,1,0,0,0,1524.05147,-558.509999999842
553.794107,1,0,0,0,1524.05241,-557.5699999999415
553.994105,1,0,0,0,1524.05052,-559.4599999999446
554.194103,1,0,0,0,1524.05128,-558.7000000000444
554.3941,1,0,0,0,1524.04769,-562.2899999998481
554.594098,1,0,0,0,1524.04845,-561.5299999999479
554.794096,1,0,0,0,1524.04958,-560.399999999845
554.994094,1,0,0,0,1524.04864,-561.3399999999729
555.194092,1,0,0,0,1524.04675,-563.2299999999759
555.39409,1,0,0,0,1524.05128,-558.7000000000444
555.594088,1,0,0,0,1524.05053,-559.4499999999698
555.794086,1,0,0,0,1524.04958,-560.399999999845
555.994083,1,0,0,0,1524.05242,-557.5599999999667
556.194082,1,0,0,0,1524.04958,-560.399999999845
556.394079,1,0,0,0,1524.04958,-560.399999999845
556.594077,1,0,0,0,1524.05053,-559.4499999999698
556.794075,1,0,0,0,1524.04675,-563.2299999999759
556.994073,1,0,0,0,1524.05053,-559.4499999999698
557.194071,1,0,0,0,1524.05053,-559.4499999999698
557.394069,1,0,0,0,1524.05053,-559.4499999999698
557.594067,1,0,0,0,1524.04958,-560.399999999845
557.794064,1,0,0,0,1524.04769,-562.2899999998481
557.994062,1,0,0,0,1524.05128,-558.7000000000444
558.19406,1,0,0,0,1524.04958,-560.399999999845
558.394058,1,0,0,0,1524.05053,-559.4499999999698
558.594056,1,0,0,0,1524.05242,-557.5599999999667
558.794054,1,0,0,0,1524.04958,-560.399999999845
558.994052,1,0,0,0,1524.05053,-559.4499999999698
559.19405,1,0,0,0,1524.05053,-559.4499999999698
559.394047,1,0,0,0,1524.04864,-561.3399999999729
559.594045,1,0,0,0,1524.04958,-560.399999999845
559.794043,1,0,0,0,1524.04864,-561.3399999999729
559.994041,1,0,0,0,1524.05053,-559.4499999999698
560.194039,1,0,0,0,1524.04958,-560.399999999845
560.394037,1,0,0,0,1524.04864,-561.3399999999729
560.594035,1,0,0,0,1524.05053,-559.4499999999698
560.794033,1,0,0,0,1524.04958,-560.399999999845
560.994031,1,0,0,0,1524.05053,-559.4499999999698
561.194028,1,0,0,0,1524.04788,-562.099999999873
561.394026,1,0,0,0,1524.05053,-559.4499999999698
561.594024,1,0,0,0,1524.05053,-559.4499999999698
561.794022,1,0,0,0,1524.05053,-559.4499999999698
561.99402,1,0,0,0,1524.05053,-559.4499999999698
562.194018,1,0,0,0,1524.04864,-561.3399999999729
562.394016,1,0,0,0,1524.05053,-559.4499999999698
562.594013,1,0,0,0,1524.05242,-557.5599999999667
562.794012,1,0,0,0,1524.04769,-562.2899999998481
562.994009,1,0,0,0,1524.05034,-559.6399999999448
563.194007,1,0,0,0,1524.05242,-557.5599999999667
563.394005,1,0,0,0,1524.04864,-561.3399999999729
563.594003,1,0,0,0,1524.05053,-559.4499999999698
563.794001,1,0,0,0,1524.0477,-562.2799999998733
563.993999,1,0,0,0,1524.05242,-557.5599999999667
564.193997,1,0,0,0,1524.0477,-562.2799999998733
564.393995,1,0,0,0,1524.04958,-560.399999999845
564.593992,1,0,0,0,1524.05053,-559.4499999999698
564.79399,1,0,0,0,1524.05053,-559.4499999999698
564.993988,1,0,0,0,1524.05147,-558.509999999842
565.193986,1,0,0,0,1524.04959,-560.3899999998703
565.393984,1,0,0,0,1524.04864,-561.3399999999729
565.593982,1,0,0,0,1524.04959,-560.3899999998703
565.79398,1,0,0,0,1524.05053,-559.4499999999698
565.993978,1,0,0,0,1524.05072,-559.2599999999948
566.193975,1,0,0,0,1524.04958,-560.399999999845
566.393973,1,0,0,0,1524.05053,-559.4499999999698
566.593971,1,0,0,0,1524.0477,-562.2799999998733
566.793969,1,0,0,0,1524.05053,-559.4499999999698
566.993967,1,0,0,0,1524.04788,-562.099999999873
567.193965,1,0,0,0,1524.05053,-559.4499999999698
567.393963,1,0,0,0,1524.0477,-562.2799999998733
567.593961,1,0,0,0,1524.05128,-558.7000000000444
567.793959,1,0,0,0,1524.04864,-561.3399999999729
567.993957,1,0,0,0,1524.05128,-558.7000000000444
568.193954,1,0,0,0,1524.05053,-559.4499999999698
568.393952,1,0,0,0,1524.05053,-559.4499999999698
568.59395,1,0,0,0,1524.04958,-560.399999999845
568.793948,1,0,0,0,1524.04788,-562.099999999873
568.993946,1,0,0,0,1524.04864,-561.3399999999729
569.193944,1,0,0,0,1524.04958,-560.399999999845
569.393942,1,0,0,0,1524.05053,-559.4499999999698
569.59394,1,0,0,0,1524.05242,-557.5599999999667
569.793938,1,0,0,0,1524.05053,-559.4499999999698
569.993935,1,0,0,0,1524.05128,-558.7000000000444
570.193933,1,0,0,0,1524.05128,-558.7000000000444
570.393931,1,0,0,0,1524.04958,-560.399999999845
570.593929,1,0,0,0,1524.04958,-560.399999999845
570.793927,1,0,0,0,1524.05128,-558.7000000000444
570.993925,1,0,0,0,1524.04864,-561.3399999999729
571.193923,1,0,0,0,1524.04675,-563.2299999999759
571.393921,1,0,0,0,1524.05128,-558.7000000000444
571.593919,1,0,0,0,1524.04864,-561.3399999999729
571.793916,1,0,0,0,1524.05053,-559.4499999999698
571.993914,1,0,0,0,1524.05053,-559.4499999999698
572.193912,1,0,0,0,1524.05129,-558.6899999998423
572.39391,1,0,0,0,1524.04959,-560.3899999998703
572.593908,1,0,0,0,1524.04959,-560.3899999998703
572.793906,1,0,0,0,1524.05053,-559.4499999999698
572.993904,1,0,0,0,1524.05129,-558.6899999998423
573.193902,1,0,0,0,1524.05129,-558.6899999998423
573.393899,1,0,0,0,1524.05053,-559.4499999999698
573.593897,1,0,0,0,1524.05242,-557.5599999999667
573.793895,1,0,0,0,1524.05053,-559.4499999999698
573.993893,1,0,0,0,1524.04959,-560.3899999998703
574.193891,1,0,0,0,1524.04864,-561.3399999999729
574.393889,1,0,0,0,1524.04864,-561.3399999999729
574.593887,1,0,0,0,1524.04864,-561.3399999999729
574.793885,1,0,0,0,1524.04959,-560.3899999998703
574.993883,1,0,0,0,1524.05129,-558.6899999998423
575.19388,1,0,0,0,1524.04959,-560.3899999998703
575.393878,1,0,0,0,1524.04864,-561.3399999999729
575.593876,1,0,0,0,1524.05053,-559.4499999999698
575.793874,1,0,0,0,1524.04959,-560.3899999998703
575.993872,1,0,0,0,1524.05129,-558.6899999998423
576.19387,1,0,0,0,1524.05053,-559.4499999999698
576.393868,1,0,0,0,1524.05129,-558.6899999998423
576.593866,1,0,0,0,1524.05053,-559.4499999999698
576.793864,1,0,0,0,1524.04865,-561.3299999999981
576.993861,1,0,0,0,1524.05072,-559.2599999999948
577.193859,1,0,0,0,1524.05053,-559.4499999999698
577.393857,1,0,0,0,1524.04676,-563.2200000000012
577.593855,1,0,0,0,1524.05053,-559.4499999999698
577.793853,1,0,0,0,1524.05053,-559.4499999999698
577.993851,1,0,0,0,1524.05034,-559.6399999999448
578.193849,1,0,0,0,1524.04959,-560.3899999998703
578.393847,1,0,0,0,1524.05128,-558.7000000000444
578.593845,1,0,0,0,1524.05128,-558.7000000000444
578.793842,1,0,0,0,1524.05128,-558.7000000000444
578.99384,1,0,0,0,1524.05053,-559.4499999999698
579.193838,1,0,0,0,1524.05129,-558.6899999998423
579.393836,1,0,0,0,1524.05053,-559.4499999999698
579.593834,1,0,0,0,1524.05053,-559.4499999999698
579.793832,1,0,0,0,1524.05148,-558.4999999998672
579.993829,1,0,0,0,1524.04959,-560.3899999998703
580.193827,1,0,0,0,1524.04845,-561.5299999999479
580.393825,1,0,0,0,1524.05053,-559.4499999999698
580.593823,1,0,0,0,1524.05128,-558.7000000000444
580.793821,1,0,0,0,1524.05053,-559.4499999999698
580.993819,1,0,0,0,1524.05242,-557.5599999999667
581.193817,1,0,0,0,1524.04959,-560.3899999998703
581.393815,1,0,0,0,1524.04789,-562.0899999998983
581.593813,1,0,0,0,1524.05053,-559.4499999999698
581.793811,1,0,0,0,1524.04959,-560.3899999998703
581.993809,1,0,0,0,1524.05053,-559.4499999999698
582.193806,1,0,0,0,1524.05053,-559.4499999999698
582.393804,1,0,0,0,1524.05242,-557.5599999999667
582.593802,1,0,0,0,1524.04864,-561.3399999999729
582.7938,1,0,0,0,1524.04864,-561.3399999999729
582.993798,1,0,0,0,1524.04675,-563.2299999999759
583.193796,1,0,0,0,1524.04864,-561.3399999999729
583.393794,1,0,0,0,1524.05129,-558.6899999998423
583.593791,1,0,0,0,1524.05053,-559.4499999999698
583.793789,1,0,0,0,1524.05242,-557.5599999999667
583.993787,1,0,0,0,1524.05148,-558.4999999998672
584.193785,1,0,0,0,1524.04959,-560.3899999998703
584.393783,1,0,0,0,1524.05129,-558.6899999998423
584.593782,1,0,0,0,1524.04864,-561.3399999999729
584.793779,1,0,0,0,1524.04864,-561.3399999999729
584.993777,1,0,0,0,1524.05128,-558.7000000000444
585.193775,1,0,0,0,1524.04864,-561.3399999999729
585.393772,1,0,0,0,1524.04959,-560.3899999998703
585.593771,1,0,0,0,1524.05053,-559.4499999999698
585.793768,1,0,0,0,1524.05034,-559.6399999999448
585.993766,1,0,0,0,1524.04959,-560.3899999998703
586.193764,1,0,0,0,1524.04864,-561.3399999999729
586.393762,1,0,0,0,1524.05053,-559.4499999999698
586.59376,1,0,0,0,1524.05053,-559.4499999999698
586.793758,1,0,0,0,1524.05053,-559.4499999999698
586.993756,1,0,0,0,1524.05053,-559.4499999999698
587.193753,1,0,0,0,1524.04959,-560.3899999998703
587.393751,1,0,0,0,1524.04864,-561.3399999999729
587.593749,1,0,0,0,1524.04864,-561.3399999999729
587.793747,1,0,0,0,1524.04959,-560.3899999998703
587.993745,1,0,0,0,1524.05128,-558.7000000000444
588.193743,1,0,0,0,1524.04959,-560.3899999998703
588.393741,1,0,0,0,1524.05034,-559.6399999999448
588.593739,1,0,0,0,1524.04959,-560.3899999998703
588.793736,1,0,0,0,1524.05148,-558.4999999998672
588.993734,1,0,0,0,1524.05148,-558.4999999998672
589.193732,1,0,0,0,1524.05129,-558.6899999998423
589.39373,1,0,0,0,1524.04959,-560.3899999998703
589.593728,1,0,0,0,1524.05242,-557.5599999999667
589.793726,1,0,0,0,1524.05053,-559.4499999999698
589.993724,1,0,0,0,1524.05053,-559.4499999999698
590.193722,1,0,0,0,1524.04959,-560.3899999998703
590.393719,1,0,0,0,1524.04864,-561.3399999999729
590.593718,1,0,0,0,1524.04959,-560.3899999998703
590.793715,1,0,0,0,1524.05128,-558.7000000000444
590.993713,1,0,0,0,1524.05053,-559.4499999999698
591.193711,1,0,0,0,1524.04959,-560.3899999998703
591.393709,1,0,0,0,1524.05242,-557.5599999999667
591.593707,1,0,0,0,1524.05128,-558.7000000000444
591.793705,1,0,0,0,1524.05053,-559.4499999999698
591.993703,1,0,0,0,1524.04864,-561.3399999999729
592.193701,1,0,0,0,1524.05128,-558.7000000000444
592.393698,1,0,0,0,1524.0477,-562.2799999998733
592.593696,1,0,0,0,1524.0477,-562.2799999998733
592.793694,1,0,0,0,1524.04959,-560.3899999998703
592.993692,1,0,0,0,1524.05242,-557.5599999999667
593.19369,1,0,0,0,1524.05053,-559.4499999999698
593.393688,1,0,0,0,1524.05242,-557.5599999999667
593.593686,1,0,0,0,1524.0477,-562.2799999998733
593.793684,1,0,0,0,1524.05053,-559.4499999999698
593.993682,1,0,0,0,1524.05053,-559.4499999999698
594.193679,1,0,0,0,1524.04958,-560.399999999845
594.393677,1,0,0,0,1524.04958,-560.399999999845
594.593675,1,0,0,0,1524.05242,-557.5599999999667
594.793673,1,0,0,0,1524.04864,-561.3399999999729
594.993671,1,0,0,0,1524.04864,-561.3399999999729
595.193669,1,0,0,0,1524.05053,-559.4499999999698
595.393667,1,0,0,0,1524.04864,-561.3399999999729
595.593665,1,0,0,0,1524.05053,-559.4499999999698
595.793663,1,0,0,0,1524.0477,-562.2799999998733
595.99366,1,0,0,0,1524.04958,-560.399999999845
596.193658,1,0,0,0,1524.05128,-558.7000000000444
596.393656,1,0,0,0,1524.05053,-559.4499999999698
596.593654,1,0,0,0,1524.05053,-559.4499999999698
596.793652,1,0,0,0,1524.05053,-559.4499999999698
596.99365,1,0,0,0,1524.05053,-559.4499999999698
597.193648,1,0,0,0,1524.05053,-559.4499999999698
597.393646,1,0,0,0,1524.05053,-559.4499999999698
597.593643,1,0,0,0,1524.05242,-557.5599999999667
597.793641,1,0,0,0,1524.05053,-559.4499999999698
597.993639,1,0,0,0,1524.0477,-562.2799999998733
598.193637,1,0,0,0,1524.05242,-557.5599999999667
598.393635,1,0,0,0,1524.04864,-561.3399999999729
598.593633,1,0,0,0,1524.04959,-560.3899999998703
598.793631,1,0,0,0,1524.05242,-557.5599999999667
598.993629,1,0,0,0,1524.04958,-560.399999999845
599.193627,1,0,0,0,1524.05053,-559.4499999999698
599.393624,1,0,0,0,1524.04958,-560.399999999845
599.593622,1,0,0,0,1524.05053,-559.4499999999698
599.79362,1,0,0,0,1524.04959,-560.3899999998703
599.993618,1,0,0,0,1524.04959,-560.3899999998703
600.193616,1,0,0,0,1524.04864,-561.3399999999729
600.393614,1,0,0,0,1524.04864,-561.3399999999729
600.593612,1,0,0,0,1524.04864,-561.3399999999729
600.79361,1,0,0,0,1524.04864,-561.3399999999729
600.993608,1,0,0,0,1524.05053,-559.4499999999698
601.193605,1,0,0,0,1524.04864,-561.3399999999729
601.393603,1,0,0,0,1524.04864,-561.3399999999729
601.593601,1,0,0,0,1524.05034,-559.6399999999448
601.793599,1,0,0,0,1524.04958,-560.399999999845
601.993597,1,0,0,0,1524.05147,-558.509999999842
602.193595,1,0,0,0,1524.04864,-561.3399999999729
602.393593,1,0,0,0,1524.04959,-560.3899999998703
602.59359,1,0,0,0,1524.04864,-561.3399999999729
602.793588,1,0,0,0,1524.04959,-560.3899999998703
602.993587,1,0,0,0,1524.05053,-559.4499999999698
603.193584,1,0,0,0,1524.05053,-559.4499999999698
603.393582,1,0,0,0,1524.05053,-559.4499999999698
603.59358,1,0,0,0,1524.04958,-560.399999999845
603.793578,1,0,0,0,1524.04958,-560.399999999845
603.993576,1,0,0,0,1524.04864,-561.3399999999729
604.193574,1,0,0,0,1524.04769,-562.2899999998481
604.393572,1,0,0,0,1524.04958,-560.399999999845
604.59357,1,0,0,0,1524.05053,-559.4499999999698
604.793567,1,0,0,0,1524.04958,-560.399999999845
604.993565,1,0,0,0,1524.04864,-561.3399999999729
605.193563,1,0,0,0,1524.05053,-559.4499999999698
605.393561,1,0,0,0,1524.04864,-561.3399999999729
605.593559,1,0,0,0,1524.04958,-560.399999999845
605.793557,1,0,0,0,1524.04864,-561.3399999999729
605.993555,1,0,0,0,1524.04845,-561.5299999999479
606.193553,1,0,0,0,1524.04864,-561.3399999999729
606.393551,1,0,0,0,1524.04958,-560.399999999845
606.593548,1,0,0,0,1524.04958,-560.399999999845
606.793546,1,0,0,0,1524.04864,-561.3399999999729
606.993544,1,0,0,0,1524.04958,-560.399999999845
607.193542,1,0,0,0,1524.04864,-561.3399999999729
607.39354,1,0,0,0,1524.05053,-559.4499999999698
607.593538,1,0,0,0,1524.04864,-561.3399999999729
607.793536,1,0,0,0,1524.04864,-561.3399999999729
607.993534,1,0,0,0,1524.05242,-557.5599999999667
608.193532,1,0,0,0,1524.05053,-559.4499999999698
608.393529,1,0,0,0,1524.04864,-561.3399999999729
608.593527,1,0,0,0,1524.05053,-559.4499999999698
608.793525,1,0,0,0,1524.05242,-557.5599999999667
608.993523,1,0,0,0,1524.04958,-560.399999999845
609.193521,1,0,0,0,1524.05053,-559.4499999999698
609.393519,1,0,0,0,1524.04958,-560.399999999845
609.593517,1,0,0,0,1524.04864,-561.3399999999729
609.793514,1,0,0,0,1524.04958,-560.399999999845
609.993512,1,0,0,0,1524.05128,-558.7000000000444
610.19351,1,0,0,0,1524.04864,-561.3399999999729
610.393508,1,0,0,0,1524.04958,-560.399999999845
610.593506,1,0,0,0,1524.05053,-559.4499999999698
610.793504,1,0,0,0,1524.04864,-561.3399999999729
610.993502,1,0,0,0,1524.04958,-560.399999999845
611.1935,1,0,0,0,1524.04958,-560.399999999845
611.393497,1,0,0,0,1524.04958,-560.399999999845
611.593496,1,0,0,0,1524.05128,-558.7000000000444
611.793493,1,0,0,0,1524.05052,-559.4599999999446
611.993491,1,0,0,0,1524.04769,-562.2899999998481
612.193489,1,0,0,0,1524.04958,-560.399999999845
612.393487,1,0,0,0,1524.05317,-556.8100000000413
612.593485,1,0,0,0,1524.05053,-559.4499999999698
612.793483,1,0,0,0,1524.05053,-559.4499999999698
612.993481,1,0,0,0,1524.0477,-562.2799999998733
613.193479,1,0,0,0,1524.05053,-559.4499999999698
613.393476,1,0,0,0,1524.04958,-560.399999999845
613.593474,1,0,0,0,1524.04958,-560.399999999845
613.793472,1,0,0,0,1524.04958,-560.399999999845
613.99347,1,0,0,0,1524.04958,-560.399999999845
614.193468,1,0,0,0,1524.04958,-560.399999999845
614.393466,1,0,0,0,1524.04864,-561.3399999999729
614.593464,1,0,0,0,1524.05128,-558.7000000000444
614.793462,1,0,0,0,1524.05053,-559.4499999999698
614.993459,1,0,0,0,1524.04958,-560.399999999845
615.193457,1,0,0,0,1524.05053,-559.4499999999698
615.393456,1,0,0,0,1524.04958,-560.399999999845
615.593453,1,0,0,0,1524.05034,-559.6399999999448
615.793451,1,0,0,0,1524.05053,-559.4499999999698
615.993449,1,0,0,0,1524.05128,-558.7000000000444
616.193447,1,0,0,0,1524.05052,-559.4599999999446
616.393445,1,0,0,0,1524.04958,-560.399999999845
616.593443,1,0,0,0,1524.05052,-559.4599999999446
616.79344,1,0,0,0,1524.04675,-563.2299999999759
616.993438,1,0,0,0,1524.04958,-560.399999999845
617.193436,1,0,0,0,1524.05052,-559.4599999999446
617.393434,1,0,0,0,1524.04958,-560.399999999845
617.593432,1,0,0,0,1524.04675,-563.2299999999759
617.79343,1,0,0,0,1524.04769,-562.2899999998481
617.993428,1,0,0,0,1524.04675,-563.2299999999759
618.193426,1,0,0,0,1524.04958,-560.399999999845
618.393424,1,0,0,0,1524.04845,-561.5299999999479
618.593421,1,0,0,0,1524.05052,-559.4599999999446
618.793419,1,0,0,0,1524.05128,-558.7000000000444
618.993417,1,0,0,0,1524.04788,-562.099999999873
619.193415,1,0,0,0,1524.05052,-559.4599999999446
619.393413,1,0,0,0,1524.04863,-561.3499999999476
619.593411,1,0,0,0,1524.04958,-560.399999999845
619.793409,1,0,0,0,1524.05033,-559.6499999999196
619.993407,1,0,0,0,1524.05052,-559.4599999999446
620.193405,1,0,0,0,1524.05052,-559.4599999999446
620.393403,1,0,0,0,1524.05052,-559.4599999999446
620.5934,1,0,0,0,1524.05052,-559.4599999999446
620.793398,1,0,0,0,1524.05128,-558.7000000000444
620.993396,1,0,0,0,1524.05052,-559.4599999999446
621.193394,1,0,0,0,1524.05128,-558.7000000000444
621.393392,1,0,0,0,1524.04958,-560.399999999845
621.59339,1,0,0,0,1524.05052,-559.4599999999446
621.793388,1,0,0,0,1524.05147,-558.509999999842
621.993386,1,0,0,0,1524.05052,-559.4599999999446
622.193383,1,0,0,0,1524.04958,-560.399999999845
622.393381,1,0,0,0,1524.04863,-561.3499999999476
622.593379,1,0,0,0,1524.05128,-558.7000000000444
622.793377,1,0,0,0,1524.05128,-558.7000000000444
622.993375,1,0,0,0,1524.04958,-560.399999999845
623.193373,1,0,0,0,1524.04958,-560.399999999845
623.393371,1,0,0,0,1524.04863,-561.3499999999476
623.593369,1,0,0,0,1524.04958,-560.399999999845
623.793367,1,0,0,0,1524.05052,-559.4599999999446
623.993365,1,0,0,0,1524.04788,-562.099999999873
624.193362,1,0,0,0,1524.04863,-561.3499999999476
624.39336,1,0,0,0,1524.04788,-562.099999999873
624.593358,1,0,0,0,1524.05052,-559.4599999999446
624.793356,1,0,0,0,1524.04958,-560.399999999845
624.993354,1,0,0,0,1524.05052,-559.4599999999446
625.193352,1,0,0,0,1524.04958,-560.399999999845
625.39335,1,0,0,0,1524.05052,-559.4599999999446
625.593348,1,0,0,0,1524.04958,-560.399999999845
625.793345,1,0,0,0,1524.04958,-560.399999999845
625.993343,1,0,0,0,1524.04958,-560.399999999845
626.193341,1,0,0,0,1524.04863,-561.3499999999476
626.393339,1,0,0,0,1524.04958,-560.399999999845
626.593337,1,0,0,0,1524.04863,-561.3499999999476
626.793335,1,0,0,0,1524.04958,-560.399999999845
626.993333,1,0,0,0,1524.05052,-559.4599999999446
627.193331,1,0,0,0,1524.05052,-559.4599999999446
627.393329,1,0,0,0,1524.04863,-561.3499999999476
627.593326,1,0,0,0,1524.05052,-559.4599999999446
627.793324,1,0,0,0,1524.05146,-558.5200000000441
627.993322,1,0,0,0,1524.04958,-560.399999999845
628.19332,1,0,0,0,1524.05241,-557.5699999999415
628.393318,1,0,0,0,1524.04958,-560.399999999845
628.593316,1,0,0,0,1524.04788,-562.099999999873
628.793314,1,0,0,0,1524.04863,-561.3499999999476
628.993311,1,0,0,0,1524.04788,-562.099999999873
629.19331,1,0,0,0,1524.04769,-562.2899999998481
629.393307,1,0,0,0,1524.04674,-563.2399999999507
629.593305,1,0,0,0,1524.04958,-560.399999999845
629.793303,1,0,0,0,1524.04769,-562.2899999998481
629.993301,1,0,0,0,1524.05052,-559.4599999999446
630.193299,1,0,0,0,1524.05052,-559.4599999999446
630.393297,1,0,0,0,1524.04957,-560.4100000000471
630.593295,1,0,0,0,1524.04957,-560.4100000000471
630.793293,1,0,0,0,1524.04863,-561.3499999999476
630.99329,1,0,0,0,1524.05127,-558.7100000000191
631.193288,1,0,0,0,1524.04957,-560.4100000000471
631.393286,1,0,0,0,1524.04863,-561.3499999999476
631.593284,1,0,0,0,1524.05033,-559.6499999999196
631.793282,1,0,0,0,1524.05128,-558.7000000000444
631.99328,1,0,0,0,1524.04863,-561.3499999999476
632.193278,1,0,0,0,1524.04788,-562.099999999873
632.393276,1,0,0,0,1524.05052,-559.4599999999446
632.593273,1,0,0,0,1524.04788,-562.099999999873
632.793272,1,0,0,0,1524.05128,-558.7000000000444
632.993269,1,0,0,0,1524.04863,-561.3499999999476
633.193267,1,0,0,0,1524.04863,-561.3499999999476
633.393265,1,0,0,0,1524.04863,-561.3499999999476
633.593263,1,0,0,0,1524.05052,-559.4599999999446
633.793261,1,0,0,0,1524.04958,-560.399999999845
633.993259,1,0,0,0,1524.04769,-562.2899999998481
634.193257,1,0,0,0,1524.04957,-560.4100000000471
634.393255,1,0,0,0,1524.05127,-558.7100000000191
634.593252,1,0,0,0,1524.04674,-563.2399999999507
634.79325,1,0,0,0,1524.05052,-559.4599999999446
634.993248,1,0,0,0,1524.05052,-559.4599999999446
635.193246,1,0,0,0,1524.04844,-561.5399999999227
635.393244,1,0,0,0,1524.04863,-561.3499999999476
635.593242,1,0,0,0,1524.04863,-561.3499999999476
635.79324,1,0,0,0,1524.04957,-560.4100000000471
635.993238,1,0,0,0,1524.05127,-558.7100000000191
636.193235,1,0,0,0,1524.05052,-559.4599999999446
636.393233,1,0,0,0,1524.05052,-559.4599999999446
636.593231,1,0,0,0,1524.05052,-559.4599999999446
636.793229,1,0,0,0,1524.05052,-559.4599999999446
636.993227,1,0,0,0,1524.04957,-560.4100000000471
637.193225,1,0,0,0,1524.04957,-560.4100000000471
637.393223,1,0,0,0,1524.05052,-559.4599999999446
637.593221,1,0,0,0,1524.04957,-560.4100000000471
637.793219,1,0,0,0,1524.04863,-561.3499999999476
637.993217,1,0,0,0,1524.04863,-561.3499999999476
638.193214,1,0,0,0,1524.04787,-562.1099999998478
638.393212,1,0,0,0,1524.05411,-555.8699999999135
638.59321,1,0,0,0,1524.05241,-557.5699999999415
638.793208,1,0,0,0,1524.04957,-560.4100000000471
638.993206,1,0,0,0,1524.04769,-562.2899999998481
639.193204,1,0,0,0,1524.05052,-559.4599999999446
639.393202,1,0,0,0,1524.04769,-562.2899999998481
639.593199,1,0,0,0,1524.04769,-562.2899999998481
639.793197,1,0,0,0,1524.04674,-563.2399999999507
639.993195,1,0,0,0,1524.04958,-560.399999999845
640.193193,1,0,0,0,1524.05128,-558.7000000000444
640.393191,1,0,0,0,1524.04788,-562.099999999873
640.593189,1,0,0,0,1524.04863,-561.3499999999476
640.793187,1,0,0,0,1524.05128,-558.7000000000444
640.993185,1,0,0,0,1524.05052,-559.4599999999446
641.193182,1,0,0,0,1524.04958,-560.399999999845
641.393181,1,0,0,0,1524.04674,-563.2399999999507
641.593178,1,0,0,0,1524.04958,-560.399999999845
641.793176,1,0,0,0,1524.04958,-560.399999999845
641.993174,1,0,0,0,1524.05052,-559.4599999999446
642.193172,1,0,0,0,1524.05052,-559.4599999999446
642.39317,1,0,0,0,1524.04863,-561.3499999999476
642.593168,1,0,0,0,1524.05052,-559.4599999999446
642.793166,1,0,0,0,1524.04863,-561.3499999999476
642.993164,1,0,0,0,1524.05052,-559.4599999999446
643.193161,1,0,0,0,1524.04957,-560.4100000000471
643.393159,1,0,0,0,1524.04957,-560.4100000000471
643.593157,1,0,0,0,1524.05127,-558.7100000000191
643.793155,1,0,0,0,1524.05033,-559.6499999999196
643.993153,1,0,0,0,1524.05241,-557.5699999999415
644.193151,1,0,0,0,1524.04863,-561.3499999999476
644.393149,1,0,0,0,1524.04958,-560.399999999845
644.593147,1,0,0,0,1524.05052,-559.4599999999446
644.793145,1,0,0,0,1524.05241,-557.5699999999415
644.993143,1,0,0,0,1524.05052,-559.4599999999446
645.193141,1,0,0,0,1524.04958,-560.399999999845
645.393138,1,0,0,0,1524.05052,-559.4599999999446
645.593136,1,0,0,0,1524.04957,-560.4100000000471
645.793134,1,0,0,0,1524.05127,-558.7100000000191
645.993132,1,0,0,0,1524.04863,-561.3499999999476
646.19313,1,0,0,0,1524.04957,-560.4100000000471
646.393128,1,0,0,0,1524.04957,-560.4100000000471
646.593126,1,0,0,0,1524.05052,-559.4599999999446
646.793123,1,0,0,0,1524.04957,-560.4100000000471
646.993121,1,0,0,0,1524.04863,-561.3499999999476
647.193119,1,0,0,0,1524.05241,-557.5699999999415
647.393117,1,0,0,0,1524.04957,-560.4100000000471
647.593115,1,0,0,0,1524.04957,-560.4100000000471
647.793113,1,0,0,0,1524.05052,-559.4599999999446
647.993111,1,0,0,0,1524.05052,-559.4599999999446
648.193109,1,0,0,0,1524.05127,-558.7100000000191
648.393107,1,0,0,0,1524.04863,-561.3499999999476
648.593105,1,0,0,0,1524.04768,-562.3000000000502
648.793103,1,0,0,0,1524.05241,-557.5699999999415
648.9931,1,0,0,0,1524.04844,-561.5399999999227
649.193098,1,0,0,0,1524.04863,-561.3499999999476
649.393096,1,0,0,0,1524.04769,-562.2899999998481
649.593094,1,0,0,0,1524.04957,-560.4100000000471
649.793092,1,0,0,0,1524.04958,-560.399999999845
649.99309,1,0,0,0,1524.04863,-561.3499999999476
650.193088,1,0,0,0,1524.04863,-561.3499999999476
650.393085,1,0,0,0,1524.04863,-561.3499999999476
650.593083,1,0,0,0,1524.04844,-561.5399999999227
650.793081,1,0,0,0,1524.04957,-560.4100000000471
650.993079,1,0,0,0,1524.04769,-562.2899999998481
651.193077,1,0,0,0,1524.04957,-560.4100000000471
651.393075,1,0,0,0,1524.04957,-560.4100000000471
651.593073,1,0,0,0,1524.04957,-560.4100000000471
651.793071,1,0,0,0,1524.04957,-560.4100000000471
651.993068,1,0,0,0,1524.05052,-559.4599999999446
652.193066,1,0,0,0,1524.04957,-560.4100000000471
652.393064,1,0,0,0,1524.04768,-562.3000000000502
652.593062,1,0,0,0,1524.04957,-560.4100000000471
652.79306,1,0,0,0,1524.04957,-560.4100000000471
652.993058,1,0,0,0,1524.05052,-559.4599999999446
653.193056,1,0,0,0,1524.04768,-562.3000000000502
653.393054,1,0,0,0,1524.04863,-561.3499999999476
653.593052,1,0,0,0,1524.04768,-562.3000000000502
653.79305,1,0,0,0,1524.04957,-560.4100000000471
653.993047,1,0,0,0,1524.05052,-559.4599999999446
654.193045,1,0,0,0,1524.04957,-560.4100000000471
654.393043,1,0,0,0,1524.05127,-558.7100000000191
654.593041,1,0,0,0,1524.04863,-561.3499999999476
654.793039,1,0,0,0,1524.05127,-558.7100000000191
654.993037,1,0,0,0,1524.04863,-561.3499999999476
655.193035,1,0,0,0,1524.04863,-561.3499999999476
655.393033,1,0,0,0,1524.05127,-558.7100000000191
655.59303,1,0,0,0,1524.05052,-559.4599999999446
655.793028,1,0,0,0,1524.05052,-559.4599999999446
655.993026,1,0,0,0,1524.04957,-560.4100000000471
656.193024,1,0,0,0,1524.04957,-560.4100000000471
656.393022,1,0,0,0,1524.05127,-558.7100000000191
656.59302,1,0,0,0,1524.04863,-561.3499999999476
656.793018,1,0,0,0,1524.04957,-560.4100000000471
656.993016,1,0,0,0,1524.05052,-559.4599999999446
657.193014,1,0,0,0,1524.05052,-559.4599999999446
657.393011,1,0,0,0,1524.05052,-559.4599999999446
657.593009,1,0,0,0,1524.05127,-558.7100000000191
657.793007,1,0,0,0,1524.04863,-561.3499999999476
657.993005,1,0,0,0,1524.05316,-556.8200000000161
658.193003,1,0,0,0,1524.04957,-560.4100000000471
658.393001,1,0,0,0,1524.04768,-562.3000000000502
658.592999,1,0,0,0,1524.05146,-558.5200000000441
658.792997,1,0,0,0,1524.04768,-562.3000000000502
658.992995,1,0,0,0,1524.05146,-558.5200000000441
659.192992,1,0,0,0,1524.04863,-561.3499999999476
659.39299,1,0,0,0,1524.04863,-561.3499999999476
659.592988,1,0,0,0,1524.05051,-559.4699999999193
659.792986,1,0,0,0,1524.04957,-560.4100000000471
659.992985,1,0,0,0,1524.05051,-559.4699999999193
660.192982,1,0,0,0,1524.04863,-561.3499999999476
660.39298,1,0,0,0,1524.05051,-559.4699999999193
660.592978,1,0,0,0,1524.05127,-558.7100000000191
660.792976,1,0,0,0,1524.04863,-561.3499999999476
660.992974,1,0,0,0,1524.04957,-560.4100000000471
661.192971,1,0,0,0,1524.05127,-558.7100000000191
661.392969,1,0,0,0,1524.04957,-560.4100000000471
661.592967,1,0,0,0,1524.05052,-559.4599999999446
661.792965,1,0,0,0,1524.04863,-561.3499999999476
661.992963,1,0,0,0,1524.04787,-562.1099999998478
662.192961,1,0,0,0,1524.05146,-558.5200000000441
662.392959,1,0,0,0,1524.05052,-559.4599999999446
662.592957,1,0,0,0,1524.04957,-560.4100000000471
662.792954,1,0,0,0,1524.05127,-558.7100000000191
662.992953,1,0,0,0,1524.05051,-559.4699999999193
663.19295,1,0,0,0,1524.04957,-560.4100000000471
663.392948,1,0,0,0,1524.05051,-559.4699999999193
663.592946,1,0,0,0,1524.04863,-561.3499999999476
663.792944,1,0,0,0,1524.0524,-557.5799999999163
663.992942,1,0,0,0,1524.05051,-559.4699999999193
664.19294,1,0,0,0,1524.04957,-560.4100000000471
664.392938,1,0,0,0,1524.05052,-559.4599999999446
664.592935,1,0,0,0,1524.04863,-561.3499999999476
664.792933,1,0,0,0,1524.04863,-561.3499999999476
664.992931,1,0,0,0,1524.04863,-561.3499999999476
665.192929,1,0,0,0,1524.04957,-560.4100000000471
665.392927,1,0,0,0,1524.04863,-561.3499999999476
665.592925,1,0,0,0,1524.05052,-559.4599999999446
665.792923,1,0,0,0,1524.05127,-558.7100000000191
665.992921,1,0,0,0,1524.04957,-560.4100000000471
666.192919,1,0,0,0,1524.05052,-559.4599999999446
666.392916,1,0,0,0,1524.05033,-559.6499999999196
666.592914,1,0,0,0,1524.04768,-562.3000000000502
666.792912,1,0,0,0,1524.04957,-560.4100000000471
666.99291,1,0,0,0,1524.05051,-559.4699999999193
667.192908,1,0,0,0,1524.04863,-561.3499999999476
667.392906,1,0,0,0,1524.04863,-561.3499999999476
667.592904,1,0,0,0,1524.05051,-559.4699999999193
667.792902,1,0,0,0,1524.04862,-561.3599999999224
667.992899,1,0,0,0,1524.04957,-560.4100000000471
668.192897,1,0,0,0,1524.04957,-560.4100000000471
668.392895,1,0,0,0,1524.04768,-562.3000000000502
668.592893,1,0,0,0,1524.04768,-562.3000000000502
668.792891,1,0,0,0,1524.04957,-560.4100000000471
668.992889,1,0,0,0,1524.04957,-560.4100000000471
669.192887,1,0,0,0,1524.04862,-561.3599999999224
669.392885,1,0,0,0,1524.05032,-559.6599999998944
669.592883,1,0,0,0,1524.04957,-560.4100000000471
669.792881,1,0,0,0,1524.04957,-560.4100000000471
669.992878,1,0,0,0,1524.04787,-562.1099999998478
670.192876,1,0,0,0,1524.05051,-559.4699999999193
670.392874,1,0,0,0,1524.04957,-560.4100000000471
670.592872,1,0,0,0,1524.04957,-560.4100000000471
670.79287,1,0,0,0,1524.05127,-558.7100000000191
670.992868,1,0,0,0,1524.05051,-559.4699999999193
671.192866,1,0,0,0,1524.05051,-559.4699999999193
671.392864,1,0,0,0,1524.04957,-560.4100000000471
671.592861,1,0,0,0,1524.04862,-561.3599999999224
671.792861,1,0,0,0,1524.04768,-562.3000000000502
671.992857,1,0,0,0,1524.04787,-562.1099999998478
672.192855,1,0,0,0,1524.05127,-558.7100000000191
672.392853,1,0,0,0,1524.04862,-561.3599999999224
672.592851,1,0,0,0,1524.04673,-563.2499999999254
672.792849,1,0,0,0,1524.04957,-560.4100000000471
672.992847,1,0,0,0,1524.05051,-559.4699999999193
673.192845,1,0,0,0,1524.05127,-558.7100000000191
673.392843,1,0,0,0,1524.04957,-560.4100000000471
673.59284,1,0,0,0,1524.05051,-559.4699999999193
673.792838,1,0,0,0,1524.05051,-559.4699999999193
673.992836,1,0,0,0,1524.05051,-559.4699999999193
674.192834,1,0,0,0,1524.04957,-560.4100000000471
674.392832,1,0,0,0,1524.04957,-560.4100000000471
674.59283,1,0,0,0,1524.04957,-560.4100000000471
674.792828,1,0,0,0,1524.04768,-562.3000000000502
674.992826,1,0,0,0,1524.04862,-561.3599999999224
675.192823,1,0,0,0,1524.05051,-559.4699999999193
675.392821,1,0,0,0,1524.04862,-561.3599999999224
675.592819,1,0,0,0,1524.04862,-561.3599999999224
675.792817,1,0,0,0,1524.04843,-561.5499999998974
675.992815,1,0,0,0,1524.04957,-560.4100000000471
676.192813,1,0,0,0,1524.04843,-561.5499999998974
676.392811,1,0,0,0,1524.04862,-561.3599999999224
676.592809,1,0,0,0,1524.04673,-563.2499999999254
676.792807,1,0,0,0,1524.04862,-561.3599999999224
676.992805,1,0,0,0,1524.05051,-559.4699999999193
677.192802,1,0,0,0,1524.04862,-561.3599999999224
677.3928,1,0,0,0,1524.04957,-560.4100000000471
677.592798,1,0,0,0,1524.04787,-562.1099999998478
677.792796,1,0,0,0,1524.04957,-560.4100000000471
677.992794,1,0,0,0,1524.05032,-559.6599999998944
678.192792,1,0,0,0,1524.05051,-559.4699999999193
678.39279,1,0,0,0,1524.04768,-562.3000000000502
678.592788,1,0,0,0,1524.05051,-559.4699999999193
678.792785,1,0,0,0,1524.05126,-558.7199999999939
678.992783,1,0,0,0,1524.04768,-562.3000000000502
679.192781,1,0,0,0,1524.05051,-559.4699999999193
679.392779,1,0,0,0,1524.05051,-559.4699999999193
679.592777,1,0,0,0,1524.04768,-562.3000000000502
679.792775,1,0,0,0,1524.05126,-558.7199999999939
679.992773,1,0,0,0,1524.04956,-560.4200000000219
680.192771,1,0,0,0,1524.04768,-562.3000000000502
680.392769,1,0,0,0,1524.04862,-561.3599999999224
680.592766,1,0,0,0,1524.05051,-559.4699999999193
680.792764,1,0,0,0,1524.05051,-559.4699999999193
680.992762,1,0,0,0,1524.04862,-561.3599999999224
681.19276,1,0,0,0,1524.04956,-560.4200000000219
681.392758,1,0,0,0,1524.05145,-558.5300000000188
681.592756,1,0,0,0,1524.05051,-559.4699999999193
681.792754,1,0,0,0,1524.04956,-560.4200000000219
681.992752,1,0,0,0,1524.05126,-558.7199999999939
682.19275,1,0,0,0,1524.04673,-563.2499999999254
682.392747,1,0,0,0,1524.04956,-560.4200000000219
682.592745,1,0,0,0,1524.04956,-560.4200000000219
682.792743,1,0,0,0,1524.05315,-556.8299999999908
682.992741,1,0,0,0,1524.05051,-559.4699999999193
683.192739,1,0,0,0,1524.04787,-562.1099999998478
683.392737,1,0,0,0,1524.04957,-560.4100000000471
683.592735,1,0,0,0,1524.04673,-563.2499999999254
683.792733,1,0,0,0,1524.04862,-561.3599999999224
683.99273,1,0,0,0,1524.04957,-560.4100000000471
684.192728,1,0,0,0,1524.04956,-560.4200000000219
684.392726,1,0,0,0,1524.05051,-559.4699999999193
684.592724,1,0,0,0,1524.04956,-560.4200000000219
684.792722,1,0,0,0,1524.05051,-559.4699999999193
684.99272,1,0,0,0,1524.05051,-559.4699999999193
685.192718,1,0,0,0,1524.05051,-559.4699999999193
685.392716,1,0,0,0,1524.04862,-561.3599999999224
685.592714,1,0,0,0,1524.04956,-560.4200000000219
685.792711,1,0,0,0,1524.04862,-561.3599999999224
685.992709,1,0,0,0,1524.05145,-558.5300000000188
686.192707,1,0,0,0,1524.04862,-561.3599999999224
686.392705,1,0,0,0,1524.05051,-559.4699999999193
686.592703,1,0,0,0,1524.05051,-559.4699999999193
686.792701,1,0,0,0,1524.04767,-562.310000000025
686.992699,1,0,0,0,1524.04767,-562.310000000025
687.192697,1,0,0,0,1524.04673,-563.2499999999254
687.392695,1,0,0,0,1524.04956,-560.4200000000219
687.592693,1,0,0,0,1524.04956,-560.4200000000219
687.792691,1,0,0,0,1524.04956,-560.4200000000219
687.992688,1,0,0,0,1524.05145,-558.5300000000188
688.192686,1,0,0,0,1524.04767,-562.310000000025
688.392684,1,0,0,0,1524.04862,-561.3599999999224
688.592682,1,0,0,0,1524.04956,-560.4200000000219
688.79268,1,0,0,0,1524.04956,-560.4200000000219
688.992678,1,0,0,0,1524.04862,-561.3599999999224
689.192676,1,0,0,0,1524.04862,-561.3599999999224
689.392673,1,0,0,0,1524.04862,-561.3599999999224
689.592671,1,0,0,0,1524.04862,-561.3599999999224
689.792669,1,0,0,0,1524.05126,-558.7199999999939
689.992667,1,0,0,0,1524.0505,-559.4799999998941
690.192665,1,0,0,0,1524.0505,-559.4799999998941
690.392663,1,0,0,0,1524.04956,-560.4200000000219
690.592661,1,0,0,0,1524.04862,-561.3599999999224
690.792659,1,0,0,0,1524.0505,-559.4799999998941
690.992657,1,0,0,0,1524.0505,-559.4799999998941
691.192654,1,0,0,0,1524.04862,-561.3599999999224
691.392652,1,0,0,0,1524.04956,-560.4200000000219
691.59265,1,0,0,0,1524.05126,-558.7199999999939
691.792648,1,0,0,0,1524.05126,-558.7199999999939
691.992646,1,0,0,0,1524.04767,-562.310000000025
692.192644,1,0,0,0,1524.05126,-558.7199999999939
692.392642,1,0,0,0,1524.04956,-560.4200000000219
692.59264,1,0,0,0,1524.0505,-559.4799999998941
692.792638,1,0,0,0,1524.04861,-561.3699999998971
692.992635,1,0,0,0,1524.04861,-561.3699999998971
693.192634,1,0,0,0,1524.04956,-560.4200000000219
693.392631,1,0,0,0,1524.0505,-559.4799999998941
693.592629,1,0,0,0,1524.04861,-561.3699999998971
693.792627,1,0,0,0,1524.04861,-561.3699999998971
693.992625,1,0,0,0,1524.05126,-558.7199999999939
694.192623,1,0,0,0,1524.05126,-558.7199999999939
694.392621,1,0,0,0,1524.04861,-561.3699999998971
694.592618,1,0,0,0,1524.04956,-560.4200000000219
694.792616,1,0,0,0,1524.04861,-561.3699999998971
694.992614,1,0,0,0,1524.04956,-560.4200000000219
695.192612,1,0,0,0,1524.04861,-561.3699999998971
695.39261,1,0,0,0,1524.05239,-557.589999999891
695.592608,1,0,0,0,1524.04861,-561.3699999998971
695.792606,1,0,0,0,1524.0505,-559.4799999998941
695.992604,1,0,0,0,1524.04861,-561.3699999998971
696.192602,1,0,0,0,1524.04861,-561.3699999998971
696.3926,1,0,0,0,1524.04956,-560.4200000000219
696.592597,1,0,0,0,1524.0505,-559.4799999998941
696.792595,1,0,0,0,1524.04956,-560.4200000000219
696.992593,1,0,0,0,1524.04956,-560.4200000000219
697.192591,1,0,0,0,1524.04956,-560.4200000000219
697.392589,1,0,0,0,1524.04767,-562.310000000025
697.592587,1,0,0,0,1524.0505,-559.4799999998941
697.792585,1,0,0,0,1524.04956,-560.4200000000219
697.992583,1,0,0,0,1524.04956,-560.4200000000219
698.19258,1,0,0,0,1524.04767,-562.310000000025
698.392579,1,0,0,0,1524.0505,-559.4799999998941
698.592576,1,0,0,0,1524.04956,-560.4200000000219
698.792574,1,0,0,0,1524.0505,-559.4799999998941
698.992572,1,0,0,0,1524.0505,-559.4799999998941
699.19257,1,0,0,0,1524.04861,-561.3699999998971
699.392568,1,0,0,0,1524.04956,-560.4200000000219
699.592566,1,0,0,0,1524.0505,-559.4799999998941
699.792564,1,0,0,0,1524.0505,-559.4799999998941
699.992562,1,0,0,0,1524.04767,-562.310000000025
700.192559,1,0,0,0,1524.04672,-563.2599999999002
700.392557,1,0,0,0,1524.04861,-561.3699999998971
700.592555,1,0,0,0,1524.04786,-562.1200000000499
700.792553,1,0,0,0,1524.04956,-560.4200000000219
700.992551,1,0,0,0,1524.04956,-560.4200000000219
701.192549,1,0,0,0,1524.0505,-559.4799999998941
701.392547,1,0,0,0,1524.04955,-560.4299999999967
701.592545,1,0,0,0,1524.04955,-560.4299999999967
701.792543,1,0,0,0,1524.04955,-560.4299999999967
701.99254,1,0,0,0,1524.0505,-559.4799999998941
702.192538,1,0,0,0,1524.0505,-559.4799999998941
702.392536,1,0,0,0,1524.0505,-559.4799999998941
702.592534,1,0,0,0,1524.04672,-563.2599999999002
702.792532,1,0,0,0,1524.04955,-560.4299999999967
702.99253,1,0,0,0,1524.0505,-559.4799999998941
703.192528,1,0,0,0,1524.0505,-559.4799999998941
703.392526,1,0,0,0,1524.05125,-558.7299999999686
703.592524,1,0,0,0,1524.04767,-562.310000000025
703.792521,1,0,0,0,1524.04767,-562.310000000025
703.992519,1,0,0,0,1524.04955,-560.4299999999967
704.192517,1,0,0,0,1524.04955,-560.4299999999967
704.392515,1,0,0,0,1524.0505,-559.4799999998941
704.592513,1,0,0,0,1524.0505,-559.4799999998941
704.792511,1,0,0,0,1524.04767,-562.310000000025
704.992509,1,0,0,0,1524.0522,-557.779999999866
705.192507,1,0,0,0,1524.05031,-559.6699999998691
705.392504,1,0,0,0,1524.04861,-561.3699999998971
705.592502,1,0,0,0,1524.04955,-560.4299999999967
705.7925,1,0,0,0,1524.04861,-561.3699999998971
705.992498,1,0,0,0,1524.0505,-559.4799999998941
706.192496,1,0,0,0,1524.0505,-559.4799999998941
706.392494,1,0,0,0,1524.04955,-560.4299999999967
706.592492,1,0,0,0,1524.04955,-560.4299999999967
706.79249,1,0,0,0,1524.0505,-559.4799999998941
706.992488,1,0,0,0,1524.04955,-560.4299999999967
707.192486,1,0,0,0,1524.05239,-557.589999999891
707.392483,1,0,0,0,1524.04955,-560.4299999999967
707.592481,1,0,0,0,1524.05031,-559.6699999998691
707.792479,1,0,0,0,1524.05125,-558.7299999999686
707.992477,1,0,0,0,1524.04861,-561.3699999998971
708.192475,1,0,0,0,1524.04861,-561.3699999998971
708.392473,1,0,0,0,1524.04955,-560.4299999999967
708.592471,1,0,0,0,1524.0505,-559.4799999998941
708.792469,1,0,0,0,1524.04767,-562.310000000025
708.992466,1,0,0,0,1524.0505,-559.4799999998941
709.192464,1,0,0,0,1524.0505,-559.4799999998941
709.392462,1,0,0,0,1524.0505,-559.4799999998941
709.59246,1,0,0,0,1524.04955,-560.4299999999967
709.792458,1,0,0,0,1524.0505,-559.4799999998941
709.992456,1,0,0,0,1524.04861,-561.3699999998971
710.192454,1,0,0,0,1524.05125,-558.7299999999686
710.392452,1,0,0,0,1524.04955,-560.4299999999967
710.59245,1,0,0,0,1524.05049,-559.4899999998688
710.792448,1,0,0,0,1524.05049,-559.4899999998688
710.992445,1,0,0,0,1524.04861,-561.3699999998971
711.192443,1,0,0,0,1524.04842,-561.5599999998722
711.392442,1,0,0,0,1524.04861,-561.3699999998971
711.592439,1,0,0,0,1524.05049,-559.4899999998688
711.792437,1,0,0,0,1524.05049,-559.4899999998688
711.992435,1,0,0,0,1524.04955,-560.4299999999967
712.192433,1,0,0,0,1524.04861,-561.3699999998971
712.392431,1,0,0,0,1524.04955,-560.4299999999967
712.592428,1,0,0,0,1524.04955,-560.4299999999967
712.792426,1,0,0,0,1524.05049,-559.4899999998688
712.992424,1,0,0,0,1524.05144,-558.5399999999936
713.192422,1,0,0,0,1524.0486,-561.3799999998719
713.39242,1,0,0,0,1524.05049,-559.4899999998688
713.592418,1,0,0,0,1524.0486,-561.3799999998719
713.792416,1,0,0,0,1524.04785,-562.1300000000247
713.992414,1,0,0,0,1524.05219,-557.7899999998408
714.192412,1,0,0,0,1524.05125,-558.7299999999686
714.39241,1,0,0,0,1524.05238,-557.5999999998658
714.592407,1,0,0,0,1524.05049,-559.4899999998688
714.792405,1,0,0,0,1524.0486,-561.3799999998719
714.992403,1,0,0,0,1524.0486,-561.3799999998719
715.192401,1,0,0,0,1524.04955,-560.4299999999967
715.392399,1,0,0,0,1524.04785,-562.1300000000247
715.592397,1,0,0,0,1524.04955,-560.4299999999967
715.792395,1,0,0,0,1524.05049,-559.4899999998688
715.992393,1,0,0,0,1524.05049,-559.4899999998688
716.192391,1,0,0,0,1524.04766,-562.3199999999997
716.392388,1,0,0,0,1524.04955,-560.4299999999967
716.592386,1,0,0,0,1524.0486,-561.3799999998719
716.792384,1,0,0,0,1524.04766,-562.3199999999997
716.992382,1,0,0,0,1524.04766,-562.3199999999997
717.19238,1,0,0,0,1524.0486,-561.3799999998719
717.392378,1,0,0,0,1524.05049,-559.4899999998688
717.592376,1,0,0,0,1524.05049,-559.4899999998688
717.792374,1,0,0,0,1524.0486,-561.3799999998719
717.992372,1,0,0,0,1524.04955,-560.4299999999967
718.192369,1,0,0,0,1524.0486,-561.3799999998719
718.392367,1,0,0,0,1524.04955,-560.4299999999967
718.592365,1,0,0,0,1524.05143,-558.5499999999683
718.792363,1,0,0,0,1524.0486,-561.3799999998719
718.992361,1,0,0,0,1524.05049,-559.4899999998688
719.192359,1,0,0,0,1524.0486,-561.3799999998719
719.392357,1,0,0,0,1524.0486,-561.3799999998719
719.592355,1,0,0,0,1524.0486,-561.3799999998719
719.792353,1,0,0,0,1524.0486,-561.3799999998719
719.99235,1,0,0,0,1524.0486,-561.3799999998719
720.192348,1,0,0,0,1524.05124,-558.7399999999434
720.392346,1,0,0,0,1524.04954,-560.4399999999714
720.592344,1,0,0,0,1524.04671,-563.2699999998749
720.792342,1,0,0,0,1524.05049,-559.4899999998688
720.99234,1,0,0,0,1524.0486,-561.3799999998719
721.192338,1,0,0,0,1524.04954,-560.4399999999714
721.392336,1,0,0,0,1524.0486,-561.3799999998719
721.592334,1,0,0,0,1524.04954,-560.4399999999714
721.792331,1,0,0,0,1524.0486,-561.3799999998719
721.992329,1,0,0,0,1524.04841,-561.5699999998469
722.192327,1,0,0,0,1524.0486,-561.3799999998719
722.392325,1,0,0,0,1524.0486,-561.3799999998719
722.592323,1,0,0,0,1524.04954,-560.4399999999714
722.792321,1,0,0,0,1524.0486,-561.3799999998719
722.992319,1,0,0,0,1524.05049,-559.4899999998688
723.192317,1,0,0,0,1524.05049,-559.4899999998688
723.392315,1,0,0,0,1524.04954,-560.4399999999714
723.592313,1,0,0,0,1524.05049,-559.4899999998688
723.79231,1,0,0,0,1524.04954,-560.4399999999714
723.992308,1,0,0,0,1524.05049,-559.4899999998688
724.192306,1,0,0,0,1524.04954,-560.4399999999714
724.392304,1,0,0,0,1524.04954,-560.4399999999714
724.592302,1,0,0,0,1524.04954,-560.4399999999714
724.7923,1,0,0,0,1524.05124,-558.7399999999434
724.992298,1,0,0,0,1524.05124,-558.7399999999434
725.192296,1,0,0,0,1524.05049,-559.4899999998688
725.392293,1,0,0,0,1524.04954,-560.4399999999714
725.592291,1,0,0,0,1524.05049,-559.4899999998688
725.792289,1,0,0,0,1524.05049,-559.4899999998688
725.992287,1,0,0,0,1524.0486,-561.3799999998719
726.192285,1,0,0,0,1524.05049,-559.4899999998688
726.392283,1,0,0,0,1524.0486,-561.3799999998719
726.592281,1,0,0,0,1524.04954,-560.4399999999714
726.792279,1,0,0,0,1524.04954,-560.4399999999714
726.992277,1,0,0,0,1524.04954,-560.4399999999714
727.192275,1,0,0,0,1524.04766,-562.3199999999997
727.392272,1,0,0,0,1524.0486,-561.3799999998719
727.59227,1,0,0,0,1524.05049,-559.4899999998688
727.792268,1,0,0,0,1524.04954,-560.4399999999714
727.992266,1,0,0,0,1524.05238,-557.5999999998658
728.192264,1,0,0,0,1524.05049,-559.4899999998688
728.392262,1,0,0,0,1524.05124,-558.7399999999434
728.59226,1,0,0,0,1524.04766,-562.3199999999997
728.792258,1,0,0,0,1524.0486,-561.3799999998719
728.992255,1,0,0,0,1524.0486,-561.3799999998719
729.192253,1,0,0,0,1524.05049,-559.4899999998688
729.392251,1,0,0,0,1524.05124,-558.7399999999434
729.592249,1,0,0,0,1524.05143,-558.5499999999683
729.792247,1,0,0,0,1524.05049,-559.4899999998688
729.992245,1,0,0,0,1524.0486,-561.3799999998719
730.192243,1,0,0,0,1524.04954,-560.4399999999714
730.392241,1,0,0,0,1524.04765,-562.3299999999745
730.592239,1,0,0,0,1524.0486,-561.3799999998719
730.792237,1,0,0,0,1524.04954,-560.4399999999714
730.992234,1,0,0,0,1524.0486,-561.3799999998719
731.192232,1,0,0,0,1524.0486,-561.3799999998719
731.39223,1,0,0,0,1524.04954,-560.4399999999714
731.592228,1,0,0,0,1524.0486,-561.3799999998719
731.792226,1,0,0,0,1524.04671,-563.2699999998749
731.992224,1,0,0,0,1524.05049,-559.4899999998688
732.192222,1,0,0,0,1524.05049,-559.4899999998688
732.39222,1,0,0,0,1524.04954,-560.4399999999714
732.592217,1,0,0,0,1524.0486,-561.3799999998719
732.792215,1,0,0,0,1524.05049,-559.4899999998688
732.992213,1,0,0,0,1524.0486,-561.3799999998719
733.192211,1,0,0,0,1524.05049,-559.4899999998688
733.392209,1,0,0,0,1524.0486,-561.3799999998719
733.592207,1,0,0,0,1524.0486,-561.3799999998719
733.792205,1,0,0,0,1524.0486,-561.3799999998719
733.992203,1,0,0,0,1524.05124,-558.7399999999434
734.192201,1,0,0,0,1524.04954,-560.4399999999714
734.392199,1,0,0,0,1524.0486,-561.3799999998719
734.592197,1,0,0,0,1524.04765,-562.3299999999745
734.792194,1,0,0,0,1524.05048,-559.4999999998436
734.992192,1,0,0,0,1524.0486,-561.3799999998719
735.19219,1,0,0,0,1524.05048,-559.4999999998436
735.392188,1,0,0,0,1524.05048,-559.4999999998436
735.592186,1,0,0,0,1524.04765,-562.3299999999745
735.792184,1,0,0,0,1524.0486,-561.3799999998719
735.992182,1,0,0,0,1524.04954,-560.4399999999714
736.192179,1,0,0,0,1524.04954,-560.4399999999714
736.392177,1,0,0,0,1524.04671,-563.2699999998749
736.592175,1,0,0,0,1524.05124,-558.7399999999434
736.792173,1,0,0,0,1524.04954,-560.4399999999714
736.992171,1,0,0,0,1524.04841,-561.5699999998469
737.192169,1,0,0,0,1524.0503,-559.6799999998439
737.392167,1,0,0,0,1524.04954,-560.4399999999714
737.592165,1,0,0,0,1524.0486,-561.3799999998719
737.792163,1,0,0,0,1524.04765,-562.3299999999745
737.99216,1,0,0,0,1524.0486,-561.3799999998719
738.192158,1,0,0,0,1524.04954,-560.4399999999714
738.392156,1,0,0,0,1524.0486,-561.3799999998719
738.592154,1,0,0,0,1524.05029,-559.690000000046
738.792152,1,0,0,0,1524.0486,-561.3799999998719
738.99215,1,0,0,0,1524.04954,-560.4399999999714
739.192148,1,0,0,0,1524.04765,-562.3299999999745
739.392146,1,0,0,0,1524.0486,-561.3799999998719
739.592144,1,0,0,0,1524.05049,-559.4899999998688
739.792141,1,0,0,0,1524.05124,-558.7399999999434
739.992139,1,0,0,0,1524.04954,-560.4399999999714
740.192137,1,0,0,0,1524.05124,-558.7399999999434
740.392135,1,0,0,0,1524.05048,-559.4999999998436
740.592133,1,0,0,0,1524.05029,-559.690000000046
740.792131,1,0,0,0,1524.04954,-560.4399999999714
740.992129,1,0,0,0,1524.05048,-559.4999999998436
741.192127,1,0,0,0,1524.04954,-560.4399999999714
741.392125,1,0,0,0,1524.05048,-559.4999999998436
741.592123,1,0,0,0,1524.04784,-562.1399999999994
741.79212,1,0,0,0,1524.05313,-556.8499999999403
741.992118,1,0,0,0,1524.04859,-561.3899999998466
742.192116,1,0,0,0,1524.04954,-560.4399999999714
742.392114,1,0,0,0,1524.04859,-561.3899999998466
742.592112,1,0,0,0,1524.04954,-560.4399999999714
742.79211,1,0,0,0,1524.04784,-562.1399999999994
742.992108,1,0,0,0,1524.05048,-559.4999999998436
743.192106,1,0,0,0,1524.04859,-561.3899999998466
743.392103,1,0,0,0,1524.05048,-559.4999999998436
743.592101,1,0,0,0,1524.04954,-560.4399999999714
743.792099,1,0,0,0,1524.04859,-561.3899999998466
743.992097,1,0,0,0,1524.05124,-558.7399999999434
744.192095,1,0,0,0,1524.04954,-560.4399999999714
744.392093,1,0,0,0,1524.04954,-560.4399999999714
744.592091,1,0,0,0,1524.04765,-562.3299999999745
744.792089,1,0,0,0,1524.04784,-562.1399999999994
744.992087,1,0,0,0,1524.04954,-560.4399999999714
745.192085,1,0,0,0,1524.04859,-561.3899999998466
745.392082,1,0,0,0,1524.05048,-559.4999999998436
745.59208,1,0,0,0,1524.05048,-559.4999999998436
745.792078,1,0,0,0,1524.05124,-558.7399999999434
745.992076,1,0,0,0,1524.04954,-560.4399999999714
746.192074,1,0,0,0,1524.04859,-561.3899999998466
746.392072,1,0,0,0,1524.04954,-560.4399999999714
746.59207,1,0,0,0,1524.04859,-561.3899999998466
746.792068,1,0,0,0,1524.04765,-562.3299999999745
746.992066,1,0,0,0,1524.04859,-561.3899999998466
747.192063,1,0,0,0,1524.04859,-561.3899999998466
747.392061,1,0,0,0,1524.04859,-561.3899999998466
747.592059,1,0,0,0,1524.05048,-559.4999999998436
747.792057,1,0,0,0,1524.04784,-562.1399999999994
747.992055,1,0,0,0,1524.04954,-560.4399999999714
748.192053,1,0,0,0,1524.05124,-558.7399999999434
748.392051,1,0,0,0,1524.05048,-559.4999999998436
748.592049,1,0,0,0,1524.04765,-562.3299999999745
748.792047,1,0,0,0,1524.04765,-562.3299999999745
748.992044,1,0,0,0,1524.04953,-560.4499999999462
749.192042,1,0,0,0,1524.04765,-562.3299999999745
749.39204,1,0,0,0,1524.04765,-562.3299999999745
749.592038,1,0,0,0,1524.04954,-560.4399999999714
749.792036,1,0,0,0,1524.0467,-563.2799999998497
749.992034,1,0,0,0,1524.04954,-560.4399999999714
750.192032,1,0,0,0,1524.05218,-557.8000000000429
750.39203,1,0,0,0,1524.0467,-563.2799999998497
750.592028,1,0,0,0,1524.04859,-561.3899999998466
750.792025,1,0,0,0,1524.04954,-560.4399999999714
750.992023,1,0,0,0,1524.04859,-561.3899999998466
751.192022,1,0,0,0,1524.04953,-560.4499999999462
751.392019,1,0,0,0,1524.04765,-562.3299999999745
751.592017,1,0,0,0,1524.04953,-560.4499999999462
751.792015,1,0,0,0,1524.0467,-563.2799999998497
751.992013,1,0,0,0,1524.04859,-561.3899999998466
752.192011,1,0,0,0,1524.05048,-559.4999999998436
752.392009,1,0,0,0,1524.04783,-562.1499999999742
752.592006,1,0,0,0,1524.04859,-561.3899999998466
752.792004,1,0,0,0,1524.05048,-559.4999999998436
752.992002,1,0,0,0,1524.04953,-560.4499999999462
753.192,1,0,0,0,1524.04859,-561.3899999998466
753.391998,1,0,0,0,1524.04953,-560.4499999999462
753.591996,1,0,0,0,1524.045,-564.9799999998777
753.791994,1,0,0,0,1524.04953,-560.4499999999462
753.991992,1,0,0,0,1524.05048,-559.4999999998436
754.19199,1,0,0,0,1524.04764,-562.3399999999492
754.391988,1,0,0,0,1524.0467,-563.2799999998497
754.591985,1,0,0,0,1524.04764,-562.3399999999492
754.791983,1,0,0,0,1524.04859,-561.3899999998466
754.991981,1,0,0,0,1524.05048,-559.4999999998436
755.191979,1,0,0,0,1524.04764,-562.3399999999492
755.391977,1,0,0,0,1524.04859,-561.3899999998466
755.591975,1,0,0,0,1524.04953,-560.4499999999462
755.791973,1,0,0,0,1524.04764,-562.3399999999492
755.991971,1,0,0,0,1524.04953,-560.4499999999462
756.191968,1,0,0,0,1524.0467,-563.2799999998497
756.391966,1,0,0,0,1524.04859,-561.3899999998466
756.591964,1,0,0,0,1524.04859,-561.3899999998466
756.791962,1,0,0,0,1524.04859,-561.3899999998466
756.99196,1,0,0,0,1524.04764,-562.3399999999492
757.191958,1,0,0,0,1524.05047,-559.5100000000457
757.391956,1,0,0,0,1524.04953,-560.4499999999462
757.591954,1,0,0,0,1524.04953,-560.4499999999462
757.791952,1,0,0,0,1524.0467,-563.2799999998497
757.99195,1,0,0,0,1524.04953,-560.4499999999462
758.191947,1,0,0,0,1524.04859,-561.3899999998466
758.391945,1,0,0,0,1524.04953,-560.4499999999462
758.591943,1,0,0,0,1524.04669,-563.2900000000518
758.791941,1,0,0,0,1524.04669,-563.2900000000518
758.991939,1,0,0,0,1524.04858,-561.4000000000487
759.191937,1,0,0,0,1524.04858,-561.4000000000487
759.391935,1,0,0,0,1524.04764,-562.3399999999492
759.591933,1,0,0,0,1524.04669,-563.2900000000518
759.791931,1,0,0,0,1524.04953,-560.4499999999462
759.991928,1,0,0,0,1524.04953,-560.4499999999462
760.191926,1,0,0,0,1524.04953,-560.4499999999462
760.391924,1,0,0,0,1524.04764,-562.3399999999492
760.591922,1,0,0,0,1524.05047,-559.5100000000457
760.79192,1,0,0,0,1524.0484,-561.580000000049
760.991918,1,0,0,0,1524.04669,-563.2900000000518
761.191916,1,0,0,0,1524.05047,-559.5100000000457
761.391914,1,0,0,0,1524.04953,-560.4499999999462
761.591912,1,0,0,0,1524.04669,-563.2900000000518
761.791909,1,0,0,0,1524.04953,-560.4499999999462
761.991907,1,0,0,0,1524.04858,-561.4000000000487
762.191905,1,0,0,0,1524.05047,-559.5100000000457
762.391903,1,0,0,0,1524.05123,-558.7499999999181
762.591901,1,0,0,0,1524.04953,-560.4499999999462
762.791899,1,0,0,0,1524.04858,-561.4000000000487
762.991897,1,0,0,0,1524.04764,-562.3399999999492
763.191895,1,0,0,0,1524.04953,-560.4499999999462
763.391893,1,0,0,0,1524.04953,-560.4499999999462
763.591891,1,0,0,0,1524.04952,-560.4599999999209
763.791888,1,0,0,0,1524.04783,-562.1499999999742
763.991886,1,0,0,0,1524.05141,-558.5699999999179
764.191884,1,0,0,0,1524.04669,-563.2900000000518
764.391882,1,0,0,0,1524.04764,-562.3399999999492
764.59188,1,0,0,0,1524.04858,-561.4000000000487
764.791878,1,0,0,0,1524.04858,-561.4000000000487
764.991876,1,0,0,0,1524.04764,-562.3399999999492
765.191874,1,0,0,0,1524.04858,-561.4000000000487
765.391871,1,0,0,0,1524.04858,-561.4000000000487
765.591869,1,0,0,0,1524.04858,-561.4000000000487
765.791867,1,0,0,0,1524.04858,-561.4000000000487
765.991865,1,0,0,0,1524.04858,-561.4000000000487
766.191863,1,0,0,0,1524.04858,-561.4000000000487
766.391861,1,0,0,0,1524.04858,-561.4000000000487
766.591859,1,0,0,0,1524.04952,-560.4599999999209
766.791857,1,0,0,0,1524.04764,-562.3399999999492
766.991855,1,0,0,0,1524.04952,-560.4599999999209
767.191852,1,0,0,0,1524.04858,-561.4000000000487
767.39185,1,0,0,0,1524.04858,-561.4000000000487
767.591848,1,0,0,0,1524.04783,-562.1499999999742
